{
  "metadata": {
    "url": "https://www.asyncapi.com/docs/community/onboarding-guide",
    "timestamp": "2025-03-12T17:46:59.350Z",
    "source": "asyncapi_docs"
  },
  "content": {
    "title": "Onboarding Guide",
    "hierarchy": {
      "sections": {
        "Technical writer onboarding guide": {
          "level": 2,
          "content": "The AsyncAPI technical writer onboarding guide teaches new community members how to contribute to our documentation effectively.\nFor a comprehensive understanding of the various ways you can contribute to the AsyncAPI Initiative, please consult the AsyncAPI contributing guidelines.\nThe goal is providing docs contributors with the necessary tools and knowledge to:\nUnderstand our documentation tools, technologies, and processes.\nComprehend our documentation target audiences.\nConnect with teammates and subject matter experts (SMEs).\nReport documentation bugs via issues.\nImplement and propose updates to our documentation.\nObtain and incorporate reviewers' feedback.\nPublish changes successfully."
        }
      },
      "navigation": [
        {
          "text": "Welcome",
          "href": "https://www.asyncapi.com/docs",
          "subItems": []
        },
        {
          "text": "Concepts",
          "href": "https://www.asyncapi.com/docs/concepts",
          "subItems": []
        },
        {
          "text": "Tutorials",
          "href": "https://www.asyncapi.com/docs/tutorials",
          "subItems": []
        },
        {
          "text": "Tools",
          "href": "https://www.asyncapi.com/docs/tools",
          "subItems": []
        },
        {
          "text": "Guides",
          "href": "https://www.asyncapi.com/docs/guides",
          "subItems": []
        },
        {
          "text": "Reference",
          "href": "https://www.asyncapi.com/docs/reference",
          "subItems": []
        },
        {
          "text": "Migrations",
          "href": "https://www.asyncapi.com/docs/migration",
          "subItems": []
        },
        {
          "text": "Community",
          "href": "https://www.asyncapi.com/docs/community",
          "subItems": [
            {
              "text": "Overview",
              "href": "https://www.asyncapi.com/docs/community"
            },
            {
              "text": "Onboarding guide",
              "href": "https://www.asyncapi.com/docs/community/onboarding-guide"
            },
            {
              "text": "Introduction",
              "href": "https://www.asyncapi.com/docs/community/onboarding-guide"
            },
            {
              "text": "Technical writer contributor responsibilities",
              "href": "https://www.asyncapi.com/docs/community/onboarding-guide/technical-writer-contributor-responsibilities"
            },
            {
              "text": "Docs onboarding checklist",
              "href": "https://www.asyncapi.com/docs/community/onboarding-guide/docs-onboarding-checklist"
            },
            {
              "text": "Prerequisite knowledge",
              "href": "https://www.asyncapi.com/docs/community/onboarding-guide/prerequisite-knowledge"
            },
            {
              "text": "AsyncAPI docs community",
              "href": "https://www.asyncapi.com/docs/community/onboarding-guide/docs-community"
            },
            {
              "text": "Tools and setup",
              "href": "https://www.asyncapi.com/docs/community/onboarding-guide/tools-and-setup"
            },
            {
              "text": "Contribute to docs",
              "href": "https://www.asyncapi.com/docs/community/onboarding-guide/contribute-to-docs"
            },
            {
              "text": "Create new docs directories",
              "href": "https://www.asyncapi.com/docs/community/onboarding-guide/create-new-docs-directories"
            },
            {
              "text": "Create new docs pull request",
              "href": "https://www.asyncapi.com/docs/community/onboarding-guide/open-docs-pull-request"
            }
          ]
        }
      ]
    },
    "full_text": "Technical writer onboarding guide\nThe AsyncAPI technical writer onboarding guide teaches new community members how to contribute to our documentation effectively.\n\nFor a comprehensive understanding of the various ways you can contribute to the AsyncAPI Initiative, please consult the AsyncAPI contributing guidelines.\n\nThe goal is providing docs contributors with the necessary tools and knowledge to:\n\nUnderstand our documentation tools, technologies, and processes.\nComprehend our documentation target audiences.\nConnect with teammates and subject matter experts (SMEs).\nReport documentation bugs via issues.\nImplement and propose updates to our documentation.\nObtain and incorporate reviewers' feedback.\nPublish changes successfully.",
    "sections": [
      {
        "title": "Technical writer onboarding guide",
        "level": 2,
        "text": "The AsyncAPI technical writer onboarding guide teaches new community members how to contribute to our documentation effectively.\nFor a comprehensive understanding of the various ways you can contribute to the AsyncAPI Initiative, please consult the AsyncAPI contributing guidelines.\nThe goal is providing docs contributors with the necessary tools and knowledge to:\nUnderstand our documentation tools, technologies, and processes.\nComprehend our documentation target audiences.\nConnect with teammates and subject matter experts (SMEs).\nReport documentation bugs via issues.\nImplement and propose updates to our documentation.\nObtain and incorporate reviewers' feedback.\nPublish changes successfully."
      }
    ],
    "svgs": [],
    "codeBlocks": [],
    "tables": [],
    "highlights": []
  }
}