{
  "metadata": {
    "url": "https://www.asyncapi.com/docs/community/onboarding-guide/docs-onboarding-checklist",
    "timestamp": "2025-03-12T17:56:51.944Z",
    "source": "asyncapi_docs"
  },
  "content": {
    "title": "Docs Onboarding Checklist",
    "hierarchy": {
      "sections": {
        "AsyncAPI docs onboarding checklist": {
          "level": 2,
          "content": "As an open-source initiative with a global community, technical writer contributors should learn about our governance documents, documentation processes, and communication channels.Complete in order the following onboarding tasks:\n Read the AsyncAPI Code of Conduct.\n Read the AsyncAPI Slack etiquette.\n Join the AsyncAPI Slack workspace.\n Add the AsyncAPI calendar found in the AsyncAPI events page.\n Read the list of technical writer contributor responsibilities.\n Read and familiarize yourself with the prerequisite knowledge topics.\n Familiarize yourself with the work-in-progress AsyncAPI Style Guide.\n Read all docs under the following content buckets: Concepts, Tutorials, Reference. (Take the time to go through each tutorial.)\n Set up your local environment following our instructions for the AsyncAPI git workflow.\n Introduce yourself in AsyncAPI Slack in the #01_introductions channel and the #13_docs channel. Ask docs-related questions in #13_docs.\n Request a good first docs issue in the #13_docs Slack channel.\n Attend OPEN docs meetings to chat with other maintainers, ask docs questions, and request help on docs blockers."
        }
      },
      "navigation": [
        {
          "text": "Welcome",
          "href": "https://www.asyncapi.com/docs",
          "subItems": []
        },
        {
          "text": "Concepts",
          "href": "https://www.asyncapi.com/docs/concepts",
          "subItems": []
        },
        {
          "text": "Tutorials",
          "href": "https://www.asyncapi.com/docs/tutorials",
          "subItems": []
        },
        {
          "text": "Tools",
          "href": "https://www.asyncapi.com/docs/tools",
          "subItems": []
        },
        {
          "text": "Guides",
          "href": "https://www.asyncapi.com/docs/guides",
          "subItems": []
        },
        {
          "text": "Reference",
          "href": "https://www.asyncapi.com/docs/reference",
          "subItems": []
        },
        {
          "text": "Migrations",
          "href": "https://www.asyncapi.com/docs/migration",
          "subItems": []
        },
        {
          "text": "Community",
          "href": "https://www.asyncapi.com/docs/community",
          "subItems": [
            {
              "text": "Overview",
              "href": "https://www.asyncapi.com/docs/community"
            },
            {
              "text": "Onboarding guide",
              "href": "https://www.asyncapi.com/docs/community/onboarding-guide"
            },
            {
              "text": "Introduction",
              "href": "https://www.asyncapi.com/docs/community/onboarding-guide"
            },
            {
              "text": "Technical writer contributor responsibilities",
              "href": "https://www.asyncapi.com/docs/community/onboarding-guide/technical-writer-contributor-responsibilities"
            },
            {
              "text": "Docs onboarding checklist",
              "href": "https://www.asyncapi.com/docs/community/onboarding-guide/docs-onboarding-checklist"
            },
            {
              "text": "Prerequisite knowledge",
              "href": "https://www.asyncapi.com/docs/community/onboarding-guide/prerequisite-knowledge"
            },
            {
              "text": "AsyncAPI docs community",
              "href": "https://www.asyncapi.com/docs/community/onboarding-guide/docs-community"
            },
            {
              "text": "Tools and setup",
              "href": "https://www.asyncapi.com/docs/community/onboarding-guide/tools-and-setup"
            },
            {
              "text": "Contribute to docs",
              "href": "https://www.asyncapi.com/docs/community/onboarding-guide/contribute-to-docs"
            },
            {
              "text": "Create new docs directories",
              "href": "https://www.asyncapi.com/docs/community/onboarding-guide/create-new-docs-directories"
            },
            {
              "text": "Create new docs pull request",
              "href": "https://www.asyncapi.com/docs/community/onboarding-guide/open-docs-pull-request"
            }
          ]
        }
      ]
    },
    "full_text": "AsyncAPI docs onboarding checklist\nAs an open-source initiative with a global community, technical writer contributors should learn about our governance documents, documentation processes, and communication channels.\nComplete in order the following onboarding tasks:\n\n Read the AsyncAPI Code of Conduct.\n Read the AsyncAPI Slack etiquette.\n Join the AsyncAPI Slack workspace.\n Add the AsyncAPI calendar found in the AsyncAPI events page.\n Read the list of technical writer contributor responsibilities.\n Read and familiarize yourself with the prerequisite knowledge topics.\n Familiarize yourself with the work-in-progress AsyncAPI Style Guide.\n Read all docs under the following content buckets: Concepts, Tutorials, Reference. (Take the time to go through each tutorial.)\n Set up your local environment following our instructions for the AsyncAPI git workflow.\n Introduce yourself in AsyncAPI Slack in the #01_introductions channel and the #13_docs channel. Ask docs-related questions in #13_docs.\n Request a good first docs issue in the #13_docs Slack channel.\n Attend OPEN docs meetings to chat with other maintainers, ask docs questions, and request help on docs blockers.",
    "sections": [
      {
        "title": "AsyncAPI docs onboarding checklist",
        "level": 2,
        "text": "As an open-source initiative with a global community, technical writer contributors should learn about our governance documents, documentation processes, and communication channels.Complete in order the following onboarding tasks:\n Read the AsyncAPI Code of Conduct.\n Read the AsyncAPI Slack etiquette.\n Join the AsyncAPI Slack workspace.\n Add the AsyncAPI calendar found in the AsyncAPI events page.\n Read the list of technical writer contributor responsibilities.\n Read and familiarize yourself with the prerequisite knowledge topics.\n Familiarize yourself with the work-in-progress AsyncAPI Style Guide.\n Read all docs under the following content buckets: Concepts, Tutorials, Reference. (Take the time to go through each tutorial.)\n Set up your local environment following our instructions for the AsyncAPI git workflow.\n Introduce yourself in AsyncAPI Slack in the #01_introductions channel and the #13_docs channel. Ask docs-related questions in #13_docs.\n Request a good first docs issue in the #13_docs Slack channel.\n Attend OPEN docs meetings to chat with other maintainers, ask docs questions, and request help on docs blockers."
      }
    ],
    "svgs": [],
    "codeBlocks": [],
    "tables": [],
    "highlights": [
      {
        "id": "highlight_0",
        "content": "Concepts",
        "context": "Read all docs under the following content buckets: Concepts, Tutorials, Reference. (Take the time to go through each tutorial.)"
      },
      {
        "id": "highlight_1",
        "content": "Tutorials",
        "context": "Read all docs under the following content buckets: Concepts, Tutorials, Reference. (Take the time to go through each tutorial.)"
      },
      {
        "id": "highlight_2",
        "content": "Reference",
        "context": "Read all docs under the following content buckets: Concepts, Tutorials, Reference. (Take the time to go through each tutorial.)"
      },
      {
        "id": "highlight_3",
        "content": "#01_introductions",
        "context": "Introduce yourself in AsyncAPI Slack in the #01_introductions channel and the #13_docs channel. Ask docs-related questions in #13_docs."
      },
      {
        "id": "highlight_4",
        "content": "#13_docs",
        "context": "Introduce yourself in AsyncAPI Slack in the #01_introductions channel and the #13_docs channel. Ask docs-related questions in #13_docs."
      },
      {
        "id": "highlight_5",
        "content": "#13_docs",
        "context": "#13_docs Slack channel"
      }
    ]
  }
}