{
  "metadata": {
    "url": "https://www.asyncapi.com/docs/concepts/asyncapi-document/variable-url",
    "timestamp": "2025-03-12T17:48:51.682Z",
    "source": "asyncapi_docs"
  },
  "content": {
    "title": "Variable Url",
    "hierarchy": {
      "sections": {
        "Add variables": {
          "level": 2,
          "content": "You can add variables to server.host and server.pathname by adding a variable between curly braces like {braces}. Next, you use server.variables to provide definitions of your variables. Finally, leverage components.serverVariables to enable reusable variable definitions across multiple servers.The diagram below describes how to use reusable variables in AsyncAPI.#mermaid-0{font-family:Inter,sans-serif;font-size:18px;fill:#242929;}#mermaid-0 .error-icon{fill:#F7F9FA;}#mermaid-0 .error-text{fill:#080605;stroke:#080605;}#mermaid-0 .edge-thickness-normal{stroke-width:2px;}#mermaid-0 .edge-thickness-thick{stroke-width:3.5px;}#mermaid-0 .edge-pattern-solid{stroke-dasharray:0;}#mermaid-0 .edge-pattern-dashed{stroke-dasharray:3;}#mermaid-0 .edge-pattern-dotted{stroke-dasharray:2;}#mermaid-0 .marker{fill:#0b0b0b;stroke:#0b0b0b;}#mermaid-0 .marker.cross{stroke:#0b0b0b;}#mermaid-0 svg{font-family:Inter,sans-serif;font-size:18px;}#mermaid-0 .label{font-family:Inter,sans-serif;color:#242929;}#mermaid-0 .cluster-label text{fill:#080605;}#mermaid-0 .cluster-label span{color:#080605;}#mermaid-0 .label text,#mermaid-0 span{fill:#242929;color:#242929;}#mermaid-0 .node rect,#mermaid-0 .node circle,#mermaid-0 .node ellipse,#mermaid-0 .node polygon,#mermaid-0 .node path{fill:#EDFAFF;stroke:#47BCEE;stroke-width:1px;}#mermaid-0 .node .label{text-align:center;}#mermaid-0 .node.clickable{cursor:pointer;}#mermaid-0 .arrowheadPath{fill:undefined;}#mermaid-0 .edgePath .path{stroke:#0b0b0b;stroke-width:2.0px;}#mermaid-0 .flowchart-link{stroke:#0b0b0b;fill:none;}#mermaid-0 .edgeLabel{background-color:#F4EFFC;text-align:center;}#mermaid-0 .edgeLabel rect{opacity:0.5;background-color:#F4EFFC;fill:#F4EFFC;}#mermaid-0 .cluster rect{fill:#F7F9FA;stroke:#BFC6C7;stroke-width:1px;}#mermaid-0 .cluster text{fill:#080605;}#mermaid-0 .cluster span{color:#080605;}#mermaid-0 div.mermaidTooltip{position:absolute;text-align:center;max-width:200px;padding:2px;font-family:Inter,sans-serif;font-size:12px;background:#F7F9FA;border:1px solid undefined;border-radius:2px;pointer-events:none;z-index:100;}#mermaid-0 .flowchartTitleText{text-anchor:middle;font-size:18px;fill:#242929;}#mermaid-0 :root{--mermaid-font-family:\"trebuchet ms\",verdana,arial,sans-serif;}$refservershostprotocolpathnamecomponentsserverVariablesvariablesFirst, configure the variables in host and/or pathname. Next, define reusable variables in components.serverVariables. Finally, ensure that your server.variables from the server reference definitions in the components.serverVariables uses $ref.Servers sectionDefine the servers section in your AsyncAPI document, including the host and pathname for your API servers. Use placeholders enclosed in curly braces  to represent the variables in the server. For example:1servers:\n2  production:\n3    host: '{subdomain}.example.com:{port}'\n4    pathname: '/{version}\n5    variables:\n6      subdomain:\n7        enum:\n8          - development\n9          - staging\n10          - production\n11      port:\n12        default: '8080'\n13      version:\n14        enum:\n15          - v1\n16          - v2serverVariables sectionDefine the components.serverVariables section in your AsyncAPI document. For each variable used in the server host or pathname, provide a default value and an optional description to avoid repeating the variable definitions. For example:1components:\n2  serverVariables:\n3    subdomain:\n4      enum:\n5        - development\n6        - staging\n7        - production\n8      default: development\n9    port:\n10      default: '8080'\n11    version:\n12      enum:\n13        - v1\n14        - v2Define domain and port variablesUse components.serverVariables in your server using the Reference Object to avoid repeating information:1    variables:\n2      subdomain:\n3        $ref: '#/components/serverVariables/subdomain'Here's the complete AsyncAPI document with the servers' variables for the host field:1asyncapi: 3.0.0\n2info:\n3  title: Example API\n4  version: '1.0.0'\n5servers:\n6  production:\n7    host: '{subdomain}.example.com:{port}'\n8    pathname: '/{version}'\n9    protocol: amqp\n10    variables:\n11      subdomain:\n12        $ref: '#/components/serverVariables/subdomain'\n13      port:\n14        $ref: '#/components/serverVariables/port'\n15      version:\n16        $ref: '#/components/serverVariables/version'\n17  development:\n18    host: '{subdomain}.dev.example.com:{port}'\n19    pathname: /v1\n20    protocol: amqp\n21    variables:\n22      subdomain:\n23        $ref: '#/components/serverVariables/subdomain'\n24      port:\n25        $ref: '#/components/serverVariables/port'\n26      version:\n27        $ref: '#/components/serverVariables/version'\n28components:\n29  serverVariables:\n30    subdomain:\n31      enum:\n32        - development\n33        - staging\n34        - production\n35      default: development\n36    port:\n37      default: '8080'\n38    version:\n39      enum:\n40        - v1\n41        - v2"
        },
        "Servers section": {
          "level": 3,
          "content": "Define the servers section in your AsyncAPI document, including the host and pathname for your API servers. Use placeholders enclosed in curly braces  to represent the variables in the server. For example:1servers:\n2  production:\n3    host: '{subdomain}.example.com:{port}'\n4    pathname: '/{version}\n5    variables:\n6      subdomain:\n7        enum:\n8          - development\n9          - staging\n10          - production\n11      port:\n12        default: '8080'\n13      version:\n14        enum:\n15          - v1\n16          - v2"
        },
        "serverVariables section": {
          "level": 3,
          "content": "Define the components.serverVariables section in your AsyncAPI document. For each variable used in the server host or pathname, provide a default value and an optional description to avoid repeating the variable definitions. For example:1components:\n2  serverVariables:\n3    subdomain:\n4      enum:\n5        - development\n6        - staging\n7        - production\n8      default: development\n9    port:\n10      default: '8080'\n11    version:\n12      enum:\n13        - v1\n14        - v2"
        },
        "Define domain and port variables": {
          "level": 3,
          "content": "Use components.serverVariables in your server using the Reference Object to avoid repeating information:1    variables:\n2      subdomain:\n3        $ref: '#/components/serverVariables/subdomain'Here's the complete AsyncAPI document with the servers' variables for the host field:1asyncapi: 3.0.0\n2info:\n3  title: Example API\n4  version: '1.0.0'\n5servers:\n6  production:\n7    host: '{subdomain}.example.com:{port}'\n8    pathname: '/{version}'\n9    protocol: amqp\n10    variables:\n11      subdomain:\n12        $ref: '#/components/serverVariables/subdomain'\n13      port:\n14        $ref: '#/components/serverVariables/port'\n15      version:\n16        $ref: '#/components/serverVariables/version'\n17  development:\n18    host: '{subdomain}.dev.example.com:{port}'\n19    pathname: /v1\n20    protocol: amqp\n21    variables:\n22      subdomain:\n23        $ref: '#/components/serverVariables/subdomain'\n24      port:\n25        $ref: '#/components/serverVariables/port'\n26      version:\n27        $ref: '#/components/serverVariables/version'\n28components:\n29  serverVariables:\n30    subdomain:\n31      enum:\n32        - development\n33        - staging\n34        - production\n35      default: development\n36    port:\n37      default: '8080'\n38    version:\n39      enum:\n40        - v1\n41        - v2"
        }
      },
      "navigation": [
        {
          "text": "Welcome",
          "href": "https://www.asyncapi.com/docs",
          "subItems": []
        },
        {
          "text": "Concepts",
          "href": "https://www.asyncapi.com/docs/concepts",
          "subItems": [
            {
              "text": "Overview",
              "href": "https://www.asyncapi.com/docs/concepts"
            },
            {
              "text": "Server",
              "href": "https://www.asyncapi.com/docs/concepts/server"
            },
            {
              "text": "Producer",
              "href": "https://www.asyncapi.com/docs/concepts/producer"
            },
            {
              "text": "Consumer",
              "href": "https://www.asyncapi.com/docs/concepts/consumer"
            },
            {
              "text": "Channel",
              "href": "https://www.asyncapi.com/docs/concepts/channel"
            },
            {
              "text": "Application",
              "href": "https://www.asyncapi.com/docs/concepts/application"
            },
            {
              "text": "Protocol",
              "href": "https://www.asyncapi.com/docs/concepts/protocol"
            },
            {
              "text": "Message",
              "href": "https://www.asyncapi.com/docs/concepts/message"
            },
            {
              "text": "AsyncAPI Document",
              "href": "https://www.asyncapi.com/docs/concepts/asyncapi-document"
            },
            {
              "text": "Introduction",
              "href": "https://www.asyncapi.com/docs/concepts/asyncapi-document"
            },
            {
              "text": "AsyncAPI document structure",
              "href": "https://www.asyncapi.com/docs/concepts/asyncapi-document/structure"
            },
            {
              "text": "Tags",
              "href": "https://www.asyncapi.com/docs/concepts/asyncapi-document/tags"
            },
            {
              "text": "Adding channels",
              "href": "https://www.asyncapi.com/docs/concepts/asyncapi-document/adding-channels"
            },
            {
              "text": "Parameters in channel address",
              "href": "https://www.asyncapi.com/docs/concepts/asyncapi-document/dynamic-channel-address"
            },
            {
              "text": "Adding operations",
              "href": "https://www.asyncapi.com/docs/concepts/asyncapi-document/adding-operations"
            },
            {
              "text": "Operation security",
              "href": "https://www.asyncapi.com/docs/concepts/asyncapi-document/securing-operations"
            },
            {
              "text": "Adding messages",
              "href": "https://www.asyncapi.com/docs/concepts/asyncapi-document/adding-messages"
            },
            {
              "text": "Reusability with traits",
              "href": "https://www.asyncapi.com/docs/concepts/asyncapi-document/reusability-with-traits"
            },
            {
              "text": "Server security",
              "href": "https://www.asyncapi.com/docs/concepts/asyncapi-document/server-security"
            },
            {
              "text": "Adding reply info",
              "href": "https://www.asyncapi.com/docs/concepts/asyncapi-document/reply-info"
            },
            {
              "text": "Extending specification",
              "href": "https://www.asyncapi.com/docs/concepts/asyncapi-document/extending-specification"
            },
            {
              "text": "Adding bindings",
              "href": "https://www.asyncapi.com/docs/concepts/asyncapi-document/adding-bindings"
            },
            {
              "text": "Payload schema",
              "href": "https://www.asyncapi.com/docs/concepts/asyncapi-document/define-payload"
            },
            {
              "text": "Server variables",
              "href": "https://www.asyncapi.com/docs/concepts/asyncapi-document/variable-url"
            },
            {
              "text": "Reusable parts",
              "href": "https://www.asyncapi.com/docs/concepts/asyncapi-document/reusable-parts"
            },
            {
              "text": "Add servers",
              "href": "https://www.asyncapi.com/docs/concepts/asyncapi-document/add-server"
            }
          ]
        },
        {
          "text": "Tutorials",
          "href": "https://www.asyncapi.com/docs/tutorials",
          "subItems": []
        },
        {
          "text": "Tools",
          "href": "https://www.asyncapi.com/docs/tools",
          "subItems": []
        },
        {
          "text": "Guides",
          "href": "https://www.asyncapi.com/docs/guides",
          "subItems": []
        },
        {
          "text": "Reference",
          "href": "https://www.asyncapi.com/docs/reference",
          "subItems": []
        },
        {
          "text": "Migrations",
          "href": "https://www.asyncapi.com/docs/migration",
          "subItems": []
        },
        {
          "text": "Community",
          "href": "https://www.asyncapi.com/docs/community",
          "subItems": []
        }
      ]
    },
    "full_text": "The server's URL consists of the host and pathname fields. These values are not always known when you design your system. AsyncAPI enables you to construct dynamic URLs while enhancing the flexibility and maintainability of your AsyncAPI documents. These dynamic values (variables) are placeholders for values you can replace during runtime. You can easily manage multiple endpoints, handling various server configurations and environments.\nAdd variables\nYou can add variables to server.host and server.pathname by adding a variable between curly braces like {braces}. Next, you use server.variables to provide definitions of your variables. Finally, leverage components.serverVariables to enable reusable variable definitions across multiple servers.\nThe diagram below describes how to use reusable variables in AsyncAPI.\n#mermaid-0{font-family:Inter,sans-serif;font-size:18px;fill:#242929;}#mermaid-0 .error-icon{fill:#F7F9FA;}#mermaid-0 .error-text{fill:#080605;stroke:#080605;}#mermaid-0 .edge-thickness-normal{stroke-width:2px;}#mermaid-0 .edge-thickness-thick{stroke-width:3.5px;}#mermaid-0 .edge-pattern-solid{stroke-dasharray:0;}#mermaid-0 .edge-pattern-dashed{stroke-dasharray:3;}#mermaid-0 .edge-pattern-dotted{stroke-dasharray:2;}#mermaid-0 .marker{fill:#0b0b0b;stroke:#0b0b0b;}#mermaid-0 .marker.cross{stroke:#0b0b0b;}#mermaid-0 svg{font-family:Inter,sans-serif;font-size:18px;}#mermaid-0 .label{font-family:Inter,sans-serif;color:#242929;}#mermaid-0 .cluster-label text{fill:#080605;}#mermaid-0 .cluster-label span{color:#080605;}#mermaid-0 .label text,#mermaid-0 span{fill:#242929;color:#242929;}#mermaid-0 .node rect,#mermaid-0 .node circle,#mermaid-0 .node ellipse,#mermaid-0 .node polygon,#mermaid-0 .node path{fill:#EDFAFF;stroke:#47BCEE;stroke-width:1px;}#mermaid-0 .node .label{text-align:center;}#mermaid-0 .node.clickable{cursor:pointer;}#mermaid-0 .arrowheadPath{fill:undefined;}#mermaid-0 .edgePath .path{stroke:#0b0b0b;stroke-width:2.0px;}#mermaid-0 .flowchart-link{stroke:#0b0b0b;fill:none;}#mermaid-0 .edgeLabel{background-color:#F4EFFC;text-align:center;}#mermaid-0 .edgeLabel rect{opacity:0.5;background-color:#F4EFFC;fill:#F4EFFC;}#mermaid-0 .cluster rect{fill:#F7F9FA;stroke:#BFC6C7;stroke-width:1px;}#mermaid-0 .cluster text{fill:#080605;}#mermaid-0 .cluster span{color:#080605;}#mermaid-0 div.mermaidTooltip{position:absolute;text-align:center;max-width:200px;padding:2px;font-family:Inter,sans-serif;font-size:12px;background:#F7F9FA;border:1px solid undefined;border-radius:2px;pointer-events:none;z-index:100;}#mermaid-0 .flowchartTitleText{text-anchor:middle;font-size:18px;fill:#242929;}#mermaid-0 :root{--mermaid-font-family:\"trebuchet ms\",verdana,arial,sans-serif;}$refservershostprotocolpathnamecomponentsserverVariablesvariables\nFirst, configure the variables in host and/or pathname. Next, define reusable variables in components.serverVariables. Finally, ensure that your server.variables from the server reference definitions in the components.serverVariables uses $ref.\nServers section\nDefine the servers section in your AsyncAPI document, including the host and pathname for your API servers. Use placeholders enclosed in curly braces  to represent the variables in the server. For example:\n1servers:\n2  production:\n3    host: '{subdomain}.example.com:{port}'\n4    pathname: '/{version}\n5    variables:\n6      subdomain:\n7        enum:\n8          - development\n9          - staging\n10          - production\n11      port:\n12        default: '8080'\n13      version:\n14        enum:\n15          - v1\n16          - v2\nserverVariables section\nDefine the components.serverVariables section in your AsyncAPI document. For each variable used in the server host or pathname, provide a default value and an optional description to avoid repeating the variable definitions. For example:\n1components:\n2  serverVariables:\n3    subdomain:\n4      enum:\n5        - development\n6        - staging\n7        - production\n8      default: development\n9    port:\n10      default: '8080'\n11    version:\n12      enum:\n13        - v1\n14        - v2\nDefine domain and port variables\nUse components.serverVariables in your server using the Reference Object to avoid repeating information:\n1    variables:\n2      subdomain:\n3        $ref: '#/components/serverVariables/subdomain'\nHere's the complete AsyncAPI document with the servers' variables for the host field:\n1asyncapi: 3.0.0\n2info:\n3  title: Example API\n4  version: '1.0.0'\n5servers:\n6  production:\n7    host: '{subdomain}.example.com:{port}'\n8    pathname: '/{version}'\n9    protocol: amqp\n10    variables:\n11      subdomain:\n12        $ref: '#/components/serverVariables/subdomain'\n13      port:\n14        $ref: '#/components/serverVariables/port'\n15      version:\n16        $ref: '#/components/serverVariables/version'\n17  development:\n18    host: '{subdomain}.dev.example.com:{port}'\n19    pathname: /v1\n20    protocol: amqp\n21    variables:\n22      subdomain:\n23        $ref: '#/components/serverVariables/subdomain'\n24      port:\n25        $ref: '#/components/serverVariables/port'\n26      version:\n27        $ref: '#/components/serverVariables/version'\n28components:\n29  serverVariables:\n30    subdomain:\n31      enum:\n32        - development\n33        - staging\n34        - production\n35      default: development\n36    port:\n37      default: '8080'\n38    version:\n39      enum:\n40        - v1\n41        - v2",
    "sections": [
      {
        "title": "Add variables",
        "level": 2,
        "text": "You can add variables to server.host and server.pathname by adding a variable between curly braces like {braces}. Next, you use server.variables to provide definitions of your variables. Finally, leverage components.serverVariables to enable reusable variable definitions across multiple servers.The diagram below describes how to use reusable variables in AsyncAPI.#mermaid-0{font-family:Inter,sans-serif;font-size:18px;fill:#242929;}#mermaid-0 .error-icon{fill:#F7F9FA;}#mermaid-0 .error-text{fill:#080605;stroke:#080605;}#mermaid-0 .edge-thickness-normal{stroke-width:2px;}#mermaid-0 .edge-thickness-thick{stroke-width:3.5px;}#mermaid-0 .edge-pattern-solid{stroke-dasharray:0;}#mermaid-0 .edge-pattern-dashed{stroke-dasharray:3;}#mermaid-0 .edge-pattern-dotted{stroke-dasharray:2;}#mermaid-0 .marker{fill:#0b0b0b;stroke:#0b0b0b;}#mermaid-0 .marker.cross{stroke:#0b0b0b;}#mermaid-0 svg{font-family:Inter,sans-serif;font-size:18px;}#mermaid-0 .label{font-family:Inter,sans-serif;color:#242929;}#mermaid-0 .cluster-label text{fill:#080605;}#mermaid-0 .cluster-label span{color:#080605;}#mermaid-0 .label text,#mermaid-0 span{fill:#242929;color:#242929;}#mermaid-0 .node rect,#mermaid-0 .node circle,#mermaid-0 .node ellipse,#mermaid-0 .node polygon,#mermaid-0 .node path{fill:#EDFAFF;stroke:#47BCEE;stroke-width:1px;}#mermaid-0 .node .label{text-align:center;}#mermaid-0 .node.clickable{cursor:pointer;}#mermaid-0 .arrowheadPath{fill:undefined;}#mermaid-0 .edgePath .path{stroke:#0b0b0b;stroke-width:2.0px;}#mermaid-0 .flowchart-link{stroke:#0b0b0b;fill:none;}#mermaid-0 .edgeLabel{background-color:#F4EFFC;text-align:center;}#mermaid-0 .edgeLabel rect{opacity:0.5;background-color:#F4EFFC;fill:#F4EFFC;}#mermaid-0 .cluster rect{fill:#F7F9FA;stroke:#BFC6C7;stroke-width:1px;}#mermaid-0 .cluster text{fill:#080605;}#mermaid-0 .cluster span{color:#080605;}#mermaid-0 div.mermaidTooltip{position:absolute;text-align:center;max-width:200px;padding:2px;font-family:Inter,sans-serif;font-size:12px;background:#F7F9FA;border:1px solid undefined;border-radius:2px;pointer-events:none;z-index:100;}#mermaid-0 .flowchartTitleText{text-anchor:middle;font-size:18px;fill:#242929;}#mermaid-0 :root{--mermaid-font-family:\"trebuchet ms\",verdana,arial,sans-serif;}$refservershostprotocolpathnamecomponentsserverVariablesvariablesFirst, configure the variables in host and/or pathname. Next, define reusable variables in components.serverVariables. Finally, ensure that your server.variables from the server reference definitions in the components.serverVariables uses $ref.Servers sectionDefine the servers section in your AsyncAPI document, including the host and pathname for your API servers. Use placeholders enclosed in curly braces  to represent the variables in the server. For example:1servers:\n2  production:\n3    host: '{subdomain}.example.com:{port}'\n4    pathname: '/{version}\n5    variables:\n6      subdomain:\n7        enum:\n8          - development\n9          - staging\n10          - production\n11      port:\n12        default: '8080'\n13      version:\n14        enum:\n15          - v1\n16          - v2serverVariables sectionDefine the components.serverVariables section in your AsyncAPI document. For each variable used in the server host or pathname, provide a default value and an optional description to avoid repeating the variable definitions. For example:1components:\n2  serverVariables:\n3    subdomain:\n4      enum:\n5        - development\n6        - staging\n7        - production\n8      default: development\n9    port:\n10      default: '8080'\n11    version:\n12      enum:\n13        - v1\n14        - v2Define domain and port variablesUse components.serverVariables in your server using the Reference Object to avoid repeating information:1    variables:\n2      subdomain:\n3        $ref: '#/components/serverVariables/subdomain'Here's the complete AsyncAPI document with the servers' variables for the host field:1asyncapi: 3.0.0\n2info:\n3  title: Example API\n4  version: '1.0.0'\n5servers:\n6  production:\n7    host: '{subdomain}.example.com:{port}'\n8    pathname: '/{version}'\n9    protocol: amqp\n10    variables:\n11      subdomain:\n12        $ref: '#/components/serverVariables/subdomain'\n13      port:\n14        $ref: '#/components/serverVariables/port'\n15      version:\n16        $ref: '#/components/serverVariables/version'\n17  development:\n18    host: '{subdomain}.dev.example.com:{port}'\n19    pathname: /v1\n20    protocol: amqp\n21    variables:\n22      subdomain:\n23        $ref: '#/components/serverVariables/subdomain'\n24      port:\n25        $ref: '#/components/serverVariables/port'\n26      version:\n27        $ref: '#/components/serverVariables/version'\n28components:\n29  serverVariables:\n30    subdomain:\n31      enum:\n32        - development\n33        - staging\n34        - production\n35      default: development\n36    port:\n37      default: '8080'\n38    version:\n39      enum:\n40        - v1\n41        - v2"
      },
      {
        "title": "Servers section",
        "level": 3,
        "text": "Define the servers section in your AsyncAPI document, including the host and pathname for your API servers. Use placeholders enclosed in curly braces  to represent the variables in the server. For example:1servers:\n2  production:\n3    host: '{subdomain}.example.com:{port}'\n4    pathname: '/{version}\n5    variables:\n6      subdomain:\n7        enum:\n8          - development\n9          - staging\n10          - production\n11      port:\n12        default: '8080'\n13      version:\n14        enum:\n15          - v1\n16          - v2"
      },
      {
        "title": "serverVariables section",
        "level": 3,
        "text": "Define the components.serverVariables section in your AsyncAPI document. For each variable used in the server host or pathname, provide a default value and an optional description to avoid repeating the variable definitions. For example:1components:\n2  serverVariables:\n3    subdomain:\n4      enum:\n5        - development\n6        - staging\n7        - production\n8      default: development\n9    port:\n10      default: '8080'\n11    version:\n12      enum:\n13        - v1\n14        - v2"
      },
      {
        "title": "Define domain and port variables",
        "level": 3,
        "text": "Use components.serverVariables in your server using the Reference Object to avoid repeating information:1    variables:\n2      subdomain:\n3        $ref: '#/components/serverVariables/subdomain'Here's the complete AsyncAPI document with the servers' variables for the host field:1asyncapi: 3.0.0\n2info:\n3  title: Example API\n4  version: '1.0.0'\n5servers:\n6  production:\n7    host: '{subdomain}.example.com:{port}'\n8    pathname: '/{version}'\n9    protocol: amqp\n10    variables:\n11      subdomain:\n12        $ref: '#/components/serverVariables/subdomain'\n13      port:\n14        $ref: '#/components/serverVariables/port'\n15      version:\n16        $ref: '#/components/serverVariables/version'\n17  development:\n18    host: '{subdomain}.dev.example.com:{port}'\n19    pathname: /v1\n20    protocol: amqp\n21    variables:\n22      subdomain:\n23        $ref: '#/components/serverVariables/subdomain'\n24      port:\n25        $ref: '#/components/serverVariables/port'\n26      version:\n27        $ref: '#/components/serverVariables/version'\n28components:\n29  serverVariables:\n30    subdomain:\n31      enum:\n32        - development\n33        - staging\n34        - production\n35      default: development\n36    port:\n37      default: '8080'\n38    version:\n39      enum:\n40        - v1\n41        - v2"
      }
    ],
    "svgs": [
      {
        "id": "svg_0",
        "content": "<svg id=\"mermaid-0\" width=\"100%\" xmlns=\"http://www.w3.org/2000/svg\" style=\"max-width: 497.921875px;\" viewBox=\"-8 -8 497.921875 426\" aria-roledescription=\"flowchart-v2\"><style>#mermaid-0{font-family:Inter,sans-serif;font-size:18px;fill:#242929;}#mermaid-0 .error-icon{fill:#F7F9FA;}#mermaid-0 .error-text{fill:#080605;stroke:#080605;}#mermaid-0 .edge-thickness-normal{stroke-width:2px;}#mermaid-0 .edge-thickness-thick{stroke-width:3.5px;}#mermaid-0 .edge-pattern-solid{stroke-dasharray:0;}#mermaid-0 .edge-pattern-dashed{stroke-dasharray:3;}#mermaid-0 .edge-pattern-dotted{stroke-dasharray:2;}#mermaid-0 .marker{fill:#0b0b0b;stroke:#0b0b0b;}#mermaid-0 .marker.cross{stroke:#0b0b0b;}#mermaid-0 svg{font-family:Inter,sans-serif;font-size:18px;}#mermaid-0 .label{font-family:Inter,sans-serif;color:#242929;}#mermaid-0 .cluster-label text{fill:#080605;}#mermaid-0 .cluster-label span{color:#080605;}#mermaid-0 .label text,#mermaid-0 span{fill:#242929;color:#242929;}#mermaid-0 .node rect,#mermaid-0 .node circle,#mermaid-0 .node ellipse,#mermaid-0 .node polygon,#mermaid-0 .node path{fill:#EDFAFF;stroke:#47BCEE;stroke-width:1px;}#mermaid-0 .node .label{text-align:center;}#mermaid-0 .node.clickable{cursor:pointer;}#mermaid-0 .arrowheadPath{fill:undefined;}#mermaid-0 .edgePath .path{stroke:#0b0b0b;stroke-width:2.0px;}#mermaid-0 .flowchart-link{stroke:#0b0b0b;fill:none;}#mermaid-0 .edgeLabel{background-color:#F4EFFC;text-align:center;}#mermaid-0 .edgeLabel rect{opacity:0.5;background-color:#F4EFFC;fill:#F4EFFC;}#mermaid-0 .cluster rect{fill:#F7F9FA;stroke:#BFC6C7;stroke-width:1px;}#mermaid-0 .cluster text{fill:#080605;}#mermaid-0 .cluster span{color:#080605;}#mermaid-0 div.mermaidTooltip{position:absolute;text-align:center;max-width:200px;padding:2px;font-family:Inter,sans-serif;font-size:12px;background:#F7F9FA;border:1px solid undefined;border-radius:2px;pointer-events:none;z-index:100;}#mermaid-0 .flowchartTitleText{text-anchor:middle;font-size:18px;fill:#242929;}#mermaid-0 :root{--mermaid-font-family:\"trebuchet ms\",verdana,arial,sans-serif;}</style><g><marker id=\"flowchart-pointEnd\" class=\"marker flowchart\" viewBox=\"0 0 10 10\" refX=\"10\" refY=\"5\" markerUnits=\"userSpaceOnUse\" markerWidth=\"12\" markerHeight=\"12\" orient=\"auto\"><path d=\"M 0 0 L 10 5 L 0 10 z\" class=\"arrowMarkerPath\" style=\"stroke-width: 1; stroke-dasharray: 1, 0;\"></path></marker><marker id=\"flowchart-pointStart\" class=\"marker flowchart\" viewBox=\"0 0 10 10\" refX=\"0\" refY=\"5\" markerUnits=\"userSpaceOnUse\" markerWidth=\"12\" markerHeight=\"12\" orient=\"auto\"><path d=\"M 0 5 L 10 10 L 10 0 z\" class=\"arrowMarkerPath\" style=\"stroke-width: 1; stroke-dasharray: 1, 0;\"></path></marker><marker id=\"flowchart-circleEnd\" class=\"marker flowchart\" viewBox=\"0 0 10 10\" refX=\"11\" refY=\"5\" markerUnits=\"userSpaceOnUse\" markerWidth=\"11\" markerHeight=\"11\" orient=\"auto\"><circle cx=\"5\" cy=\"5\" r=\"5\" class=\"arrowMarkerPath\" style=\"stroke-width: 1; stroke-dasharray: 1, 0;\"></circle></marker><marker id=\"flowchart-circleStart\" class=\"marker flowchart\" viewBox=\"0 0 10 10\" refX=\"-1\" refY=\"5\" markerUnits=\"userSpaceOnUse\" markerWidth=\"11\" markerHeight=\"11\" orient=\"auto\"><circle cx=\"5\" cy=\"5\" r=\"5\" class=\"arrowMarkerPath\" style=\"stroke-width: 1; stroke-dasharray: 1, 0;\"></circle></marker><marker id=\"flowchart-crossEnd\" class=\"marker cross flowchart\" viewBox=\"0 0 11 11\" refX=\"12\" refY=\"5.2\" markerUnits=\"userSpaceOnUse\" markerWidth=\"11\" markerHeight=\"11\" orient=\"auto\"><path d=\"M 1,1 l 9,9 M 10,1 l -9,9\" class=\"arrowMarkerPath\" style=\"stroke-width: 2; stroke-dasharray: 1, 0;\"></path></marker><marker id=\"flowchart-crossStart\" class=\"marker cross flowchart\" viewBox=\"0 0 11 11\" refX=\"-1\" refY=\"5.2\" markerUnits=\"userSpaceOnUse\" markerWidth=\"11\" markerHeight=\"11\" orient=\"auto\"><path d=\"M 1,1 l 9,9 M 10,1 l -9,9\" class=\"arrowMarkerPath\" style=\"stroke-width: 2; stroke-dasharray: 1, 0;\"></path></marker><g class=\"root\"><g class=\"clusters\"></g><g class=\"edgePaths\"><path d=\"M49.081,138L58.167,118.5C67.252,99,85.423,60,104.409,40.5C123.396,21,143.198,21,153.099,21L163,21\" id=\"L-C-F-0\" class=\" edge-thickness-normal edge-pattern-solid flowchart-link LS-C LE-F\" style=\"fill:none;\" marker-end=\"url(#flowchart-pointEnd)\"></path><path d=\"M68.65,138L74.474,133.833C80.298,129.667,91.946,121.333,104.887,117.167C117.828,113,132.063,113,139.18,113L146.297,113\" id=\"L-C-I-0\" class=\" edge-thickness-normal edge-pattern-solid flowchart-link LS-C LE-I\" style=\"fill:none;\" marker-end=\"url(#flowchart-pointEnd)\"></path><path d=\"M68.65,180L74.474,184.167C80.298,188.333,91.946,196.667,103.669,200.833C115.393,205,127.193,205,133.092,205L138.992,205\" id=\"L-C-E-0\" class=\" edge-thickness-normal edge-pattern-solid flowchart-link LS-C LE-E\" style=\"fill:none;\" marker-end=\"url(#flowchart-pointEnd)\"></path><path d=\"M49.081,180L58.167,199.5C67.252,219,85.423,258,101.067,277.5C116.711,297,129.828,297,136.387,297L142.945,297\" id=\"L-C-D-0\" class=\" edge-thickness-normal edge-pattern-solid flowchart-link LS-C LE-D\" style=\"fill:none;\" marker-end=\"url(#flowchart-pointEnd)\"></path><path d=\"M234.883,297L244.374,297C253.865,297,272.846,297,292.876,301.167C312.905,305.333,333.982,313.667,344.52,317.833L355.058,322\" id=\"L-D-B-0\" class=\" edge-thickness-normal edge-pattern-solid flowchart-link LS-D LE-B\" style=\"fill:none;\" marker-end=\"url(#flowchart-pointEnd)\"></path><path d=\"M249.234,389L256.333,389C263.432,389,277.63,389,295.268,384.833C312.905,380.667,333.982,372.333,344.52,368.167L355.058,364\" id=\"L-A-B-0\" class=\" edge-thickness-normal edge-pattern-solid flowchart-link LS-A LE-B\" style=\"fill:none;\" marker-end=\"url(#flowchart-pointEnd)\"></path></g><g class=\"edgeLabels\"><g class=\"edgeLabel\"><g class=\"label\" transform=\"translate(0, 0)\"><foreignObject width=\"0\" height=\"0\"><div xmlns=\"http://www.w3.org/1999/xhtml\" style=\"display: inline-block; white-space: nowrap;\"><span class=\"edgeLabel\"></span></div></foreignObject></g></g><g class=\"edgeLabel\"><g class=\"label\" transform=\"translate(0, 0)\"><foreignObject width=\"0\" height=\"0\"><div xmlns=\"http://www.w3.org/1999/xhtml\" style=\"display: inline-block; white-space: nowrap;\"><span class=\"edgeLabel\"></span></div></foreignObject></g></g><g class=\"edgeLabel\"><g class=\"label\" transform=\"translate(0, 0)\"><foreignObject width=\"0\" height=\"0\"><div xmlns=\"http://www.w3.org/1999/xhtml\" style=\"display: inline-block; white-space: nowrap;\"><span class=\"edgeLabel\"></span></div></foreignObject></g></g><g class=\"edgeLabel\"><g class=\"label\" transform=\"translate(0, 0)\"><foreignObject width=\"0\" height=\"0\"><div xmlns=\"http://www.w3.org/1999/xhtml\" style=\"display: inline-block; white-space: nowrap;\"><span class=\"edgeLabel\"></span></div></foreignObject></g></g><g class=\"edgeLabel\" transform=\"translate(291.828125, 297)\"><g class=\"label\" transform=\"translate(-17.59375, -13.5)\"><foreignObject width=\"35.1875\" height=\"27\"><div xmlns=\"http://www.w3.org/1999/xhtml\" style=\"display: inline-block; white-space: nowrap;\"><span class=\"edgeLabel\">$ref</span></div></foreignObject></g></g><g class=\"edgeLabel\"><g class=\"label\" transform=\"translate(0, 0)\"><foreignObject width=\"0\" height=\"0\"><div xmlns=\"http://www.w3.org/1999/xhtml\" style=\"display: inline-block; white-space: nowrap;\"><span class=\"edgeLabel\"></span></div></foreignObject></g></g></g><g class=\"nodes\"><g class=\"node default default\" id=\"flowchart-C-46\" transform=\"translate(39.296875, 159)\"><rect class=\"basic label-container\" style=\"fill:#47BCEE;stroke:#000;\" rx=\"0\" ry=\"0\" x=\"-39.296875\" y=\"-21\" width=\"78.59375\" height=\"42\"></rect><g class=\"label\" style=\"\" transform=\"translate(-31.796875, -13.5)\"><foreignObject width=\"63.59375\" height=\"27\"><div xmlns=\"http://www.w3.org/1999/xhtml\" style=\"display: inline-block; white-space: nowrap;\"><span class=\"nodeLabel\">servers</span></div></foreignObject></g></g><g class=\"node default default\" id=\"flowchart-F-47\" transform=\"translate(188.9140625, 21)\"><rect class=\"basic label-container\" style=\"fill:#47BCEE;stroke:#000;\" rx=\"0\" ry=\"0\" x=\"-25.9140625\" y=\"-21\" width=\"51.828125\" height=\"42\"></rect><g class=\"label\" style=\"\" transform=\"translate(-18.4140625, -13.5)\"><foreignObject width=\"36.828125\" height=\"27\"><div xmlns=\"http://www.w3.org/1999/xhtml\" style=\"display: inline-block; white-space: nowrap;\"><span class=\"nodeLabel\">host</span></div></foreignObject></g></g><g class=\"node default default\" id=\"flowchart-I-48\" transform=\"translate(188.9140625, 113)\"><rect class=\"basic label-container\" style=\"\" rx=\"0\" ry=\"0\" x=\"-42.6171875\" y=\"-21\" width=\"85.234375\" height=\"42\"></rect><g class=\"label\" style=\"\" transform=\"translate(-35.1171875, -13.5)\"><foreignObject width=\"70.234375\" height=\"27\"><div xmlns=\"http://www.w3.org/1999/xhtml\" style=\"display: inline-block; white-space: nowrap;\"><span class=\"nodeLabel\">protocol</span></div></foreignObject></g></g><g class=\"node default default\" id=\"flowchart-E-49\" transform=\"translate(188.9140625, 205)\"><rect class=\"basic label-container\" style=\"fill:#47BCEE;stroke:#000;\" rx=\"0\" ry=\"0\" x=\"-49.921875\" y=\"-21\" width=\"99.84375\" height=\"42\"></rect><g class=\"label\" style=\"\" transform=\"translate(-42.421875, -13.5)\"><foreignObject width=\"84.84375\" height=\"27\"><div xmlns=\"http://www.w3.org/1999/xhtml\" style=\"display: inline-block; white-space: nowrap;\"><span class=\"nodeLabel\">pathname</span></div></foreignObject></g></g><g class=\"node default default\" id=\"flowchart-A-50\" transform=\"translate(188.9140625, 389)\"><rect class=\"basic label-container\" style=\"\" rx=\"0\" ry=\"0\" x=\"-60.3203125\" y=\"-21\" width=\"120.640625\" height=\"42\"></rect><g class=\"label\" style=\"\" transform=\"translate(-52.8203125, -13.5)\"><foreignObject width=\"105.640625\" height=\"27\"><div xmlns=\"http://www.w3.org/1999/xhtml\" style=\"display: inline-block; white-space: nowrap;\"><span class=\"nodeLabel\">components</span></div></foreignObject></g></g><g class=\"node default default\" id=\"flowchart-B-51\" transform=\"translate(408.171875, 343)\"><rect class=\"basic label-container\" style=\"\" rx=\"0\" ry=\"0\" x=\"-73.75\" y=\"-21\" width=\"147.5\" height=\"42\"></rect><g class=\"label\" style=\"\" transform=\"translate(-66.25, -13.5)\"><foreignObject width=\"132.5\" height=\"27\"><div xmlns=\"http://www.w3.org/1999/xhtml\" style=\"display: inline-block; white-space: nowrap;\"><span class=\"nodeLabel\">serverVariables</span></div></foreignObject></g></g><g class=\"node default default\" id=\"flowchart-D-52\" transform=\"translate(188.9140625, 297)\"><rect class=\"basic label-container\" style=\"fill:#47BCEE;stroke:#000;\" rx=\"0\" ry=\"0\" x=\"-45.96875\" y=\"-21\" width=\"91.9375\" height=\"42\"></rect><g class=\"label\" style=\"\" transform=\"translate(-38.46875, -13.5)\"><foreignObject width=\"76.9375\" height=\"27\"><div xmlns=\"http://www.w3.org/1999/xhtml\" style=\"display: inline-block; white-space: nowrap;\"><span class=\"nodeLabel\">variables</span></div></foreignObject></g></g></g></g></g></svg>",
        "context": "#mermaid-0{font-family:Inter,sans-serif;font-size:18px;fill:#242929;}#mermaid-0 .error-icon{fill:#F7F9FA;}#mermaid-0 .error-text{fill:#080605;stroke:#080605;}#mermaid-0 .edge-thickness-normal{stroke-width:2px;}#mermaid-0 .edge-thickness-thick{stroke-width:3.5px;}#mermaid-0 .edge-pattern-solid{stroke-dasharray:0;}#mermaid-0 .edge-pattern-dashed{stroke-dasharray:3;}#mermaid-0 .edge-pattern-dotted{stroke-dasharray:2;}#mermaid-0 .marker{fill:#0b0b0b;stroke:#0b0b0b;}#mermaid-0 .marker.cross{stroke:#0b0b0b;}#mermaid-0 svg{font-family:Inter,sans-serif;font-size:18px;}#mermaid-0 .label{font-family:Inter,sans-serif;color:#242929;}#mermaid-0 .cluster-label text{fill:#080605;}#mermaid-0 .cluster-label span{color:#080605;}#mermaid-0 .label text,#mermaid-0 span{fill:#242929;color:#242929;}#mermaid-0 .node rect,#mermaid-0 .node circle,#mermaid-0 .node ellipse,#mermaid-0 .node polygon,#mermaid-0 .node path{fill:#EDFAFF;stroke:#47BCEE;stroke-width:1px;}#mermaid-0 .node .label{text-align:center;}#mermaid-0 .node.clickable{cursor:pointer;}#mermaid-0 .arrowheadPath{fill:undefined;}#mermaid-0 .edgePath .path{stroke:#0b0b0b;stroke-width:2.0px;}#mermaid-0 .flowchart-link{stroke:#0b0b0b;fill:none;}#mermaid-0 .edgeLabel{background-color:#F4EFFC;text-align:center;}#mermaid-0 .edgeLabel rect{opacity:0.5;background-color:#F4EFFC;fill:#F4EFFC;}#mermaid-0 .cluster rect{fill:#F7F9FA;stroke:#BFC6C7;stroke-width:1px;}#mermaid-0 .cluster text{fill:#080605;}#mermaid-0 .cluster span{color:#080605;}#mermaid-0 div.mermaidTooltip{position:absolute;text-align:center;max-width:200px;padding:2px;font-family:Inter,sans-serif;font-size:12px;background:#F7F9FA;border:1px solid undefined;border-radius:2px;pointer-events:none;z-index:100;}#mermaid-0 .flowchartTitleText{text-anchor:middle;font-size:18px;fill:#242929;}#mermaid-0 :root{--mermaid-font-family:\"trebuchet ms\",verdana,arial,sans-serif;}$refservershostprotocolpathnamecomponentsserverVariablesvariables",
        "description": "SVG containing 10 paths, 2 circles, and 7 rectangles."
      },
      {
        "id": "svg_1",
        "content": "<svg class=\"-mt-0.5 inline-block size-4\" fill=\"currentColor\" viewBox=\"0 0 20 20\"><path d=\"M15.6 2l-1.2 3H5.6L4.4 2C3.629 2 3 2.629 3 3.4v15.2c0 .77.629 1.4 1.399 1.4h11.2c.77 0 1.4-.631 1.4-1.4V3.4C17 2.629 16.369 2 15.6 2zm-2 2l.9-2h-2.181L11.6 0H8.4l-.72 2H5.5l.899 2H13.6z\"></path></svg>",
        "context": "",
        "description": "SVG containing 1 paths, 0 circles, and 0 rectangles."
      },
      {
        "id": "svg_2",
        "content": "<svg class=\"-mt-0.5 inline-block size-4\" fill=\"currentColor\" viewBox=\"0 0 20 20\"><path d=\"M15.6 2l-1.2 3H5.6L4.4 2C3.629 2 3 2.629 3 3.4v15.2c0 .77.629 1.4 1.399 1.4h11.2c.77 0 1.4-.631 1.4-1.4V3.4C17 2.629 16.369 2 15.6 2zm-2 2l.9-2h-2.181L11.6 0H8.4l-.72 2H5.5l.899 2H13.6z\"></path></svg>",
        "context": "",
        "description": "SVG containing 1 paths, 0 circles, and 0 rectangles."
      },
      {
        "id": "svg_3",
        "content": "<svg class=\"-mt-0.5 inline-block size-4\" fill=\"currentColor\" viewBox=\"0 0 20 20\"><path d=\"M15.6 2l-1.2 3H5.6L4.4 2C3.629 2 3 2.629 3 3.4v15.2c0 .77.629 1.4 1.399 1.4h11.2c.77 0 1.4-.631 1.4-1.4V3.4C17 2.629 16.369 2 15.6 2zm-2 2l.9-2h-2.181L11.6 0H8.4l-.72 2H5.5l.899 2H13.6z\"></path></svg>",
        "context": "",
        "description": "SVG containing 1 paths, 0 circles, and 0 rectangles."
      },
      {
        "id": "svg_4",
        "content": "<svg class=\"-mt-0.5 inline-block size-4\" fill=\"currentColor\" viewBox=\"0 0 20 20\"><path d=\"M15.6 2l-1.2 3H5.6L4.4 2C3.629 2 3 2.629 3 3.4v15.2c0 .77.629 1.4 1.399 1.4h11.2c.77 0 1.4-.631 1.4-1.4V3.4C17 2.629 16.369 2 15.6 2zm-2 2l.9-2h-2.181L11.6 0H8.4l-.72 2H5.5l.899 2H13.6z\"></path></svg>",
        "context": "",
        "description": "SVG containing 1 paths, 0 circles, and 0 rectangles."
      }
    ],
    "codeBlocks": [
      {
        "id": "code_0",
        "content": "1servers:\n2  production:\n3    host: '{subdomain}.example.com:{port}'\n4    pathname: '/{version}\n5    variables:\n6      subdomain:\n7        enum:\n8          - development\n9          - staging\n10          - production\n11      port:\n12        default: '8080'\n13      version:\n14        enum:\n15          - v1\n16          - v2",
        "rawHtml": "<code class=\"mr-8\" style=\"white-space:pre\"><span style=\"padding-right:2rem\"><span class=\"comment linenumber react-syntax-highlighter-line-number\" style=\"display:inline-block;min-width:2.25em;padding-right:16px;text-align:right;user-select:none;margin-left:16px;background-color:#252f3f;color:#8B9394\">1</span><span style=\"color:#7edcda\">servers:</span><span>\n</span></span><span style=\"padding-right:2rem\"><span class=\"comment linenumber react-syntax-highlighter-line-number\" style=\"display:inline-block;min-width:2.25em;padding-right:16px;text-align:right;user-select:none;margin-left:16px;background-color:#252f3f;color:#8B9394\">2</span><span>  </span><span style=\"color:#7edcda\">production:</span><span>\n</span></span><span style=\"padding-right:2rem\"><span class=\"comment linenumber react-syntax-highlighter-line-number\" style=\"display:inline-block;min-width:2.25em;padding-right:16px;text-align:right;user-select:none;margin-left:16px;background-color:#252f3f;color:#8B9394\">3</span><span>    </span><span style=\"color:#7edcda\">host:</span><span> </span><span style=\"color:#c0e2a3;font-weight:500\">'{subdomain}.example.com:{port}'</span><span>\n</span></span><span style=\"padding-right:2rem\"><span class=\"comment linenumber react-syntax-highlighter-line-number\" style=\"display:inline-block;min-width:2.25em;padding-right:16px;text-align:right;user-select:none;margin-left:16px;background-color:#252f3f;color:#8B9394\">4</span><span>    </span><span style=\"color:#7edcda\">pathname:</span><span> </span><span style=\"color:#c0e2a3;font-weight:500\">'/{version}\n</span></span><span style=\"padding-right:2rem;color:#c0e2a3;font-weight:500\"><span class=\"comment linenumber react-syntax-highlighter-line-number\" style=\"display:inline-block;min-width:2.25em;padding-right:16px;text-align:right;user-select:none;margin-left:16px;background-color:#252f3f;color:#8B9394\">5</span>    variables:\n</span><span style=\"padding-right:2rem;color:#c0e2a3;font-weight:500\"><span class=\"comment linenumber react-syntax-highlighter-line-number\" style=\"display:inline-block;min-width:2.25em;padding-right:16px;text-align:right;user-select:none;margin-left:16px;background-color:#252f3f;color:#8B9394\">6</span>      subdomain:\n</span><span style=\"padding-right:2rem;color:#c0e2a3;font-weight:500\"><span class=\"comment linenumber react-syntax-highlighter-line-number\" style=\"display:inline-block;min-width:2.25em;padding-right:16px;text-align:right;user-select:none;margin-left:16px;background-color:#252f3f;color:#8B9394\">7</span>        enum:\n</span><span style=\"padding-right:2rem;color:#c0e2a3;font-weight:500\"><span class=\"comment linenumber react-syntax-highlighter-line-number\" style=\"display:inline-block;min-width:2.25em;padding-right:16px;text-align:right;user-select:none;margin-left:16px;background-color:#252f3f;color:#8B9394\">8</span>          - development\n</span><span style=\"padding-right:2rem;color:#c0e2a3;font-weight:500\"><span class=\"comment linenumber react-syntax-highlighter-line-number\" style=\"display:inline-block;min-width:2.25em;padding-right:16px;text-align:right;user-select:none;margin-left:16px;background-color:#252f3f;color:#8B9394\">9</span>          - staging\n</span><span style=\"padding-right:2rem;color:#c0e2a3;font-weight:500\"><span class=\"comment linenumber react-syntax-highlighter-line-number\" style=\"display:inline-block;min-width:2.25em;padding-right:16px;text-align:right;user-select:none;margin-left:16px;background-color:#252f3f;color:#8B9394\">10</span>          - production\n</span><span style=\"padding-right:2rem;color:#c0e2a3;font-weight:500\"><span class=\"comment linenumber react-syntax-highlighter-line-number\" style=\"display:inline-block;min-width:2.25em;padding-right:16px;text-align:right;user-select:none;margin-left:16px;background-color:#252f3f;color:#8B9394\">11</span>      port:\n</span><span style=\"padding-right:2rem\"><span class=\"comment linenumber react-syntax-highlighter-line-number\" style=\"display:inline-block;min-width:2.25em;padding-right:16px;text-align:right;user-select:none;margin-left:16px;background-color:#252f3f;color:#8B9394\">12</span><span style=\"color:#c0e2a3;font-weight:500\">        default: '</span><span style=\"color:#d8da68\">8080</span><span style=\"color:#c0e2a3;font-weight:500\">'\n</span></span><span style=\"padding-right:2rem;color:#c0e2a3;font-weight:500\"><span class=\"comment linenumber react-syntax-highlighter-line-number\" style=\"display:inline-block;min-width:2.25em;padding-right:16px;text-align:right;user-select:none;margin-left:16px;background-color:#252f3f;color:#8B9394\">13</span>      version:\n</span><span style=\"padding-right:2rem;color:#c0e2a3;font-weight:500\"><span class=\"comment linenumber react-syntax-highlighter-line-number\" style=\"display:inline-block;min-width:2.25em;padding-right:16px;text-align:right;user-select:none;margin-left:16px;background-color:#252f3f;color:#8B9394\">14</span>        enum:\n</span><span style=\"padding-right:2rem;color:#c0e2a3;font-weight:500\"><span class=\"comment linenumber react-syntax-highlighter-line-number\" style=\"display:inline-block;min-width:2.25em;padding-right:16px;text-align:right;user-select:none;margin-left:16px;background-color:#252f3f;color:#8B9394\">15</span>          - v1\n</span><span style=\"padding-right:2rem;color:#c0e2a3;font-weight:500\"><span class=\"comment linenumber react-syntax-highlighter-line-number\" style=\"display:inline-block;min-width:2.25em;padding-right:16px;text-align:right;user-select:none;margin-left:16px;background-color:#252f3f;color:#8B9394\">16</span>          - v2</span></code>",
        "language": "unknown",
        "context": ""
      },
      {
        "id": "code_1",
        "content": "1components:\n2  serverVariables:\n3    subdomain:\n4      enum:\n5        - development\n6        - staging\n7        - production\n8      default: development\n9    port:\n10      default: '8080'\n11    version:\n12      enum:\n13        - v1\n14        - v2",
        "rawHtml": "<code class=\"mr-8\" style=\"white-space:pre\"><span style=\"padding-right:2rem\"><span class=\"comment linenumber react-syntax-highlighter-line-number\" style=\"display:inline-block;min-width:2.25em;padding-right:16px;text-align:right;user-select:none;margin-left:16px;background-color:#252f3f;color:#8B9394\">1</span><span style=\"color:#7edcda\">components:</span><span>\n</span></span><span style=\"padding-right:2rem\"><span class=\"comment linenumber react-syntax-highlighter-line-number\" style=\"display:inline-block;min-width:2.25em;padding-right:16px;text-align:right;user-select:none;margin-left:16px;background-color:#252f3f;color:#8B9394\">2</span><span>  </span><span style=\"color:#7edcda\">serverVariables:</span><span>\n</span></span><span style=\"padding-right:2rem\"><span class=\"comment linenumber react-syntax-highlighter-line-number\" style=\"display:inline-block;min-width:2.25em;padding-right:16px;text-align:right;user-select:none;margin-left:16px;background-color:#252f3f;color:#8B9394\">3</span><span>    </span><span style=\"color:#7edcda\">subdomain:</span><span>\n</span></span><span style=\"padding-right:2rem\"><span class=\"comment linenumber react-syntax-highlighter-line-number\" style=\"display:inline-block;min-width:2.25em;padding-right:16px;text-align:right;user-select:none;margin-left:16px;background-color:#252f3f;color:#8B9394\">4</span><span>      </span><span style=\"color:#7edcda\">enum:</span><span>\n</span></span><span style=\"padding-right:2rem\"><span class=\"comment linenumber react-syntax-highlighter-line-number\" style=\"display:inline-block;min-width:2.25em;padding-right:16px;text-align:right;user-select:none;margin-left:16px;background-color:#252f3f;color:#8B9394\">5</span><span>        </span><span style=\"color:#64a0dc\">-</span><span> </span><span style=\"color:#c0e2a3;font-weight:500\">development</span><span>\n</span></span><span style=\"padding-right:2rem\"><span class=\"comment linenumber react-syntax-highlighter-line-number\" style=\"display:inline-block;min-width:2.25em;padding-right:16px;text-align:right;user-select:none;margin-left:16px;background-color:#252f3f;color:#8B9394\">6</span><span>        </span><span style=\"color:#64a0dc\">-</span><span> </span><span style=\"color:#c0e2a3;font-weight:500\">staging</span><span>\n</span></span><span style=\"padding-right:2rem\"><span class=\"comment linenumber react-syntax-highlighter-line-number\" style=\"display:inline-block;min-width:2.25em;padding-right:16px;text-align:right;user-select:none;margin-left:16px;background-color:#252f3f;color:#8B9394\">7</span><span>        </span><span style=\"color:#64a0dc\">-</span><span> </span><span style=\"color:#c0e2a3;font-weight:500\">production</span><span>\n</span></span><span style=\"padding-right:2rem\"><span class=\"comment linenumber react-syntax-highlighter-line-number\" style=\"display:inline-block;min-width:2.25em;padding-right:16px;text-align:right;user-select:none;margin-left:16px;background-color:#252f3f;color:#8B9394\">8</span><span>      </span><span style=\"color:#7edcda\">default:</span><span> </span><span style=\"color:#c0e2a3;font-weight:500\">development</span><span>\n</span></span><span style=\"padding-right:2rem\"><span class=\"comment linenumber react-syntax-highlighter-line-number\" style=\"display:inline-block;min-width:2.25em;padding-right:16px;text-align:right;user-select:none;margin-left:16px;background-color:#252f3f;color:#8B9394\">9</span><span>    </span><span style=\"color:#7edcda\">port:</span><span>\n</span></span><span style=\"padding-right:2rem\"><span class=\"comment linenumber react-syntax-highlighter-line-number\" style=\"display:inline-block;min-width:2.25em;padding-right:16px;text-align:right;user-select:none;margin-left:16px;background-color:#252f3f;color:#8B9394\">10</span><span>      </span><span style=\"color:#7edcda\">default:</span><span> </span><span style=\"color:#c0e2a3;font-weight:500\">'8080'</span><span>\n</span></span><span style=\"padding-right:2rem\"><span class=\"comment linenumber react-syntax-highlighter-line-number\" style=\"display:inline-block;min-width:2.25em;padding-right:16px;text-align:right;user-select:none;margin-left:16px;background-color:#252f3f;color:#8B9394\">11</span><span>    </span><span style=\"color:#7edcda\">version:</span><span>\n</span></span><span style=\"padding-right:2rem\"><span class=\"comment linenumber react-syntax-highlighter-line-number\" style=\"display:inline-block;min-width:2.25em;padding-right:16px;text-align:right;user-select:none;margin-left:16px;background-color:#252f3f;color:#8B9394\">12</span><span>      </span><span style=\"color:#7edcda\">enum:</span><span>\n</span></span><span style=\"padding-right:2rem\"><span class=\"comment linenumber react-syntax-highlighter-line-number\" style=\"display:inline-block;min-width:2.25em;padding-right:16px;text-align:right;user-select:none;margin-left:16px;background-color:#252f3f;color:#8B9394\">13</span><span>        </span><span style=\"color:#64a0dc\">-</span><span> </span><span style=\"color:#c0e2a3;font-weight:500\">v1</span><span>\n</span></span><span style=\"padding-right:2rem\"><span class=\"comment linenumber react-syntax-highlighter-line-number\" style=\"display:inline-block;min-width:2.25em;padding-right:16px;text-align:right;user-select:none;margin-left:16px;background-color:#252f3f;color:#8B9394\">14</span><span>        </span><span style=\"color:#64a0dc\">-</span><span> </span><span style=\"color:#c0e2a3;font-weight:500\">v2</span></span></code>",
        "language": "unknown",
        "context": ""
      },
      {
        "id": "code_2",
        "content": "1    variables:\n2      subdomain:\n3        $ref: '#/components/serverVariables/subdomain'",
        "rawHtml": "<code class=\"mr-8\" style=\"white-space:pre\"><span style=\"padding-right:2rem\"><span class=\"comment linenumber react-syntax-highlighter-line-number\" style=\"display:inline-block;min-width:1.25em;padding-right:16px;text-align:right;user-select:none;margin-left:16px;background-color:#252f3f;color:#8B9394\">1</span><span style=\"color:#64a0dc\">    variables:</span><span>\n</span></span><span style=\"padding-right:2rem\"><span class=\"comment linenumber react-syntax-highlighter-line-number\" style=\"display:inline-block;min-width:1.25em;padding-right:16px;text-align:right;user-select:none;margin-left:16px;background-color:#252f3f;color:#8B9394\">2</span><span></span><span style=\"color:#64a0dc\">      subdomain:</span><span>\n</span></span><span style=\"padding-right:2rem\"><span class=\"comment linenumber react-syntax-highlighter-line-number\" style=\"display:inline-block;min-width:1.25em;padding-right:16px;text-align:right;user-select:none;margin-left:16px;background-color:#252f3f;color:#8B9394\">3</span><span>        $ref: </span><span style=\"color:#c0e2a3;font-weight:500\">'#/components/serverVariables/subdomain'</span></span></code>",
        "language": "unknown",
        "context": ""
      },
      {
        "id": "code_3",
        "content": "1asyncapi: 3.0.0\n2info:\n3  title: Example API\n4  version: '1.0.0'\n5servers:\n6  production:\n7    host: '{subdomain}.example.com:{port}'\n8    pathname: '/{version}'\n9    protocol: amqp\n10    variables:\n11      subdomain:\n12        $ref: '#/components/serverVariables/subdomain'\n13      port:\n14        $ref: '#/components/serverVariables/port'\n15      version:\n16        $ref: '#/components/serverVariables/version'\n17  development:\n18    host: '{subdomain}.dev.example.com:{port}'\n19    pathname: /v1\n20    protocol: amqp\n21    variables:\n22      subdomain:\n23        $ref: '#/components/serverVariables/subdomain'\n24      port:\n25        $ref: '#/components/serverVariables/port'\n26      version:\n27        $ref: '#/components/serverVariables/version'\n28components:\n29  serverVariables:\n30    subdomain:\n31      enum:\n32        - development\n33        - staging\n34        - production\n35      default: development\n36    port:\n37      default: '8080'\n38    version:\n39      enum:\n40        - v1\n41        - v2",
        "rawHtml": "<code class=\"mr-8\" style=\"white-space:pre\"><span style=\"padding-right:2rem\"><span class=\"comment linenumber react-syntax-highlighter-line-number\" style=\"display:inline-block;min-width:3.25em;padding-right:16px;text-align:right;user-select:none;margin-left:16px;background-color:#252f3f;color:#8B9394\">1</span><span style=\"color:#7edcda\">asyncapi:</span><span> </span><span style=\"color:#d8da68\">3.0</span><span style=\"color:#d8da68\">.0</span><span>\n</span></span><span style=\"padding-right:2rem\"><span class=\"comment linenumber react-syntax-highlighter-line-number\" style=\"display:inline-block;min-width:3.25em;padding-right:16px;text-align:right;user-select:none;margin-left:16px;background-color:#252f3f;color:#8B9394\">2</span><span></span><span style=\"color:#7edcda\">info:</span><span>\n</span></span><span style=\"padding-right:2rem\"><span class=\"comment linenumber react-syntax-highlighter-line-number\" style=\"display:inline-block;min-width:3.25em;padding-right:16px;text-align:right;user-select:none;margin-left:16px;background-color:#252f3f;color:#8B9394\">3</span><span>  </span><span style=\"color:#7edcda\">title:</span><span> </span><span style=\"color:#c0e2a3;font-weight:500\">Example</span><span> </span><span style=\"color:#c0e2a3;font-weight:500\">API</span><span>\n</span></span><span style=\"padding-right:2rem\"><span class=\"comment linenumber react-syntax-highlighter-line-number\" style=\"display:inline-block;min-width:3.25em;padding-right:16px;text-align:right;user-select:none;margin-left:16px;background-color:#252f3f;color:#8B9394\">4</span><span>  </span><span style=\"color:#7edcda\">version:</span><span> </span><span style=\"color:#c0e2a3;font-weight:500\">'1.0.0'</span><span>\n</span></span><span style=\"padding-right:2rem\"><span class=\"comment linenumber react-syntax-highlighter-line-number\" style=\"display:inline-block;min-width:3.25em;padding-right:16px;text-align:right;user-select:none;margin-left:16px;background-color:#252f3f;color:#8B9394\">5</span><span></span><span style=\"color:#7edcda\">servers:</span><span>\n</span></span><span style=\"padding-right:2rem\"><span class=\"comment linenumber react-syntax-highlighter-line-number\" style=\"display:inline-block;min-width:3.25em;padding-right:16px;text-align:right;user-select:none;margin-left:16px;background-color:#252f3f;color:#8B9394\">6</span><span>  </span><span style=\"color:#7edcda\">production:</span><span>\n</span></span><span style=\"padding-right:2rem\"><span class=\"comment linenumber react-syntax-highlighter-line-number\" style=\"display:inline-block;min-width:3.25em;padding-right:16px;text-align:right;user-select:none;margin-left:16px;background-color:#252f3f;color:#8B9394\">7</span><span>    </span><span style=\"color:#7edcda\">host:</span><span> </span><span style=\"color:#c0e2a3;font-weight:500\">'{subdomain}.example.com:{port}'</span><span>\n</span></span><span style=\"padding-right:2rem\"><span class=\"comment linenumber react-syntax-highlighter-line-number\" style=\"display:inline-block;min-width:3.25em;padding-right:16px;text-align:right;user-select:none;margin-left:16px;background-color:#252f3f;color:#8B9394\">8</span><span>    </span><span style=\"color:#7edcda\">pathname:</span><span> </span><span style=\"color:#c0e2a3;font-weight:500\">'/{version}'</span><span>\n</span></span><span style=\"padding-right:2rem\"><span class=\"comment linenumber react-syntax-highlighter-line-number\" style=\"display:inline-block;min-width:3.25em;padding-right:16px;text-align:right;user-select:none;margin-left:16px;background-color:#252f3f;color:#8B9394\">9</span><span>    </span><span style=\"color:#7edcda\">protocol:</span><span> </span><span style=\"color:#c0e2a3;font-weight:500\">amqp</span><span>\n</span></span><span style=\"padding-right:2rem\"><span class=\"comment linenumber react-syntax-highlighter-line-number\" style=\"display:inline-block;min-width:3.25em;padding-right:16px;text-align:right;user-select:none;margin-left:16px;background-color:#252f3f;color:#8B9394\">10</span><span>    </span><span style=\"color:#7edcda\">variables:</span><span>\n</span></span><span style=\"padding-right:2rem\"><span class=\"comment linenumber react-syntax-highlighter-line-number\" style=\"display:inline-block;min-width:3.25em;padding-right:16px;text-align:right;user-select:none;margin-left:16px;background-color:#252f3f;color:#8B9394\">11</span><span>      </span><span style=\"color:#7edcda\">subdomain:</span><span>\n</span></span><span style=\"padding-right:2rem\"><span class=\"comment linenumber react-syntax-highlighter-line-number\" style=\"display:inline-block;min-width:3.25em;padding-right:16px;text-align:right;user-select:none;margin-left:16px;background-color:#252f3f;color:#8B9394\">12</span><span>        </span><span style=\"color:#c0e2a3;font-weight:500\">$ref:</span><span> </span><span style=\"color:#c0e2a3;font-weight:500\">'#/components/serverVariables/subdomain'</span><span>\n</span></span><span style=\"padding-right:2rem\"><span class=\"comment linenumber react-syntax-highlighter-line-number\" style=\"display:inline-block;min-width:3.25em;padding-right:16px;text-align:right;user-select:none;margin-left:16px;background-color:#252f3f;color:#8B9394\">13</span><span>      </span><span style=\"color:#7edcda\">port:</span><span>\n</span></span><span style=\"padding-right:2rem\"><span class=\"comment linenumber react-syntax-highlighter-line-number\" style=\"display:inline-block;min-width:3.25em;padding-right:16px;text-align:right;user-select:none;margin-left:16px;background-color:#252f3f;color:#8B9394\">14</span><span>        </span><span style=\"color:#c0e2a3;font-weight:500\">$ref:</span><span> </span><span style=\"color:#c0e2a3;font-weight:500\">'#/components/serverVariables/port'</span><span>\n</span></span><span style=\"padding-right:2rem\"><span class=\"comment linenumber react-syntax-highlighter-line-number\" style=\"display:inline-block;min-width:3.25em;padding-right:16px;text-align:right;user-select:none;margin-left:16px;background-color:#252f3f;color:#8B9394\">15</span><span>      </span><span style=\"color:#7edcda\">version:</span><span>\n</span></span><span style=\"padding-right:2rem\"><span class=\"comment linenumber react-syntax-highlighter-line-number\" style=\"display:inline-block;min-width:3.25em;padding-right:16px;text-align:right;user-select:none;margin-left:16px;background-color:#252f3f;color:#8B9394\">16</span><span>        </span><span style=\"color:#c0e2a3;font-weight:500\">$ref:</span><span> </span><span style=\"color:#c0e2a3;font-weight:500\">'#/components/serverVariables/version'</span><span>\n</span></span><span style=\"padding-right:2rem\"><span class=\"comment linenumber react-syntax-highlighter-line-number\" style=\"display:inline-block;min-width:3.25em;padding-right:16px;text-align:right;user-select:none;margin-left:16px;background-color:#252f3f;color:#8B9394\">17</span><span>  </span><span style=\"color:#7edcda\">development:</span><span>\n</span></span><span style=\"padding-right:2rem\"><span class=\"comment linenumber react-syntax-highlighter-line-number\" style=\"display:inline-block;min-width:3.25em;padding-right:16px;text-align:right;user-select:none;margin-left:16px;background-color:#252f3f;color:#8B9394\">18</span><span>    </span><span style=\"color:#7edcda\">host:</span><span> </span><span style=\"color:#c0e2a3;font-weight:500\">'{subdomain}.dev.example.com:{port}'</span><span>\n</span></span><span style=\"padding-right:2rem\"><span class=\"comment linenumber react-syntax-highlighter-line-number\" style=\"display:inline-block;min-width:3.25em;padding-right:16px;text-align:right;user-select:none;margin-left:16px;background-color:#252f3f;color:#8B9394\">19</span><span>    </span><span style=\"color:#7edcda\">pathname:</span><span> </span><span style=\"color:#c0e2a3;font-weight:500\">/v1</span><span>\n</span></span><span style=\"padding-right:2rem\"><span class=\"comment linenumber react-syntax-highlighter-line-number\" style=\"display:inline-block;min-width:3.25em;padding-right:16px;text-align:right;user-select:none;margin-left:16px;background-color:#252f3f;color:#8B9394\">20</span><span>    </span><span style=\"color:#7edcda\">protocol:</span><span> </span><span style=\"color:#c0e2a3;font-weight:500\">amqp</span><span>\n</span></span><span style=\"padding-right:2rem\"><span class=\"comment linenumber react-syntax-highlighter-line-number\" style=\"display:inline-block;min-width:3.25em;padding-right:16px;text-align:right;user-select:none;margin-left:16px;background-color:#252f3f;color:#8B9394\">21</span><span>    </span><span style=\"color:#7edcda\">variables:</span><span>\n</span></span><span style=\"padding-right:2rem\"><span class=\"comment linenumber react-syntax-highlighter-line-number\" style=\"display:inline-block;min-width:3.25em;padding-right:16px;text-align:right;user-select:none;margin-left:16px;background-color:#252f3f;color:#8B9394\">22</span><span>      </span><span style=\"color:#7edcda\">subdomain:</span><span>\n</span></span><span style=\"padding-right:2rem\"><span class=\"comment linenumber react-syntax-highlighter-line-number\" style=\"display:inline-block;min-width:3.25em;padding-right:16px;text-align:right;user-select:none;margin-left:16px;background-color:#252f3f;color:#8B9394\">23</span><span>        </span><span style=\"color:#c0e2a3;font-weight:500\">$ref:</span><span> </span><span style=\"color:#c0e2a3;font-weight:500\">'#/components/serverVariables/subdomain'</span><span>\n</span></span><span style=\"padding-right:2rem\"><span class=\"comment linenumber react-syntax-highlighter-line-number\" style=\"display:inline-block;min-width:3.25em;padding-right:16px;text-align:right;user-select:none;margin-left:16px;background-color:#252f3f;color:#8B9394\">24</span><span>      </span><span style=\"color:#7edcda\">port:</span><span>\n</span></span><span style=\"padding-right:2rem\"><span class=\"comment linenumber react-syntax-highlighter-line-number\" style=\"display:inline-block;min-width:3.25em;padding-right:16px;text-align:right;user-select:none;margin-left:16px;background-color:#252f3f;color:#8B9394\">25</span><span>        </span><span style=\"color:#c0e2a3;font-weight:500\">$ref:</span><span> </span><span style=\"color:#c0e2a3;font-weight:500\">'#/components/serverVariables/port'</span><span>\n</span></span><span style=\"padding-right:2rem\"><span class=\"comment linenumber react-syntax-highlighter-line-number\" style=\"display:inline-block;min-width:3.25em;padding-right:16px;text-align:right;user-select:none;margin-left:16px;background-color:#252f3f;color:#8B9394\">26</span><span>      </span><span style=\"color:#7edcda\">version:</span><span>\n</span></span><span style=\"padding-right:2rem\"><span class=\"comment linenumber react-syntax-highlighter-line-number\" style=\"display:inline-block;min-width:3.25em;padding-right:16px;text-align:right;user-select:none;margin-left:16px;background-color:#252f3f;color:#8B9394\">27</span><span>        </span><span style=\"color:#c0e2a3;font-weight:500\">$ref:</span><span> </span><span style=\"color:#c0e2a3;font-weight:500\">'#/components/serverVariables/version'</span><span>\n</span></span><span style=\"padding-right:2rem\"><span class=\"comment linenumber react-syntax-highlighter-line-number\" style=\"display:inline-block;min-width:3.25em;padding-right:16px;text-align:right;user-select:none;margin-left:16px;background-color:#252f3f;color:#8B9394\">28</span><span></span><span style=\"color:#7edcda\">components:</span><span>\n</span></span><span style=\"padding-right:2rem\"><span class=\"comment linenumber react-syntax-highlighter-line-number\" style=\"display:inline-block;min-width:3.25em;padding-right:16px;text-align:right;user-select:none;margin-left:16px;background-color:#252f3f;color:#8B9394\">29</span><span>  </span><span style=\"color:#7edcda\">serverVariables:</span><span>\n</span></span><span style=\"padding-right:2rem\"><span class=\"comment linenumber react-syntax-highlighter-line-number\" style=\"display:inline-block;min-width:3.25em;padding-right:16px;text-align:right;user-select:none;margin-left:16px;background-color:#252f3f;color:#8B9394\">30</span><span>    </span><span style=\"color:#7edcda\">subdomain:</span><span>\n</span></span><span style=\"padding-right:2rem\"><span class=\"comment linenumber react-syntax-highlighter-line-number\" style=\"display:inline-block;min-width:3.25em;padding-right:16px;text-align:right;user-select:none;margin-left:16px;background-color:#252f3f;color:#8B9394\">31</span><span>      </span><span style=\"color:#7edcda\">enum:</span><span>\n</span></span><span style=\"padding-right:2rem\"><span class=\"comment linenumber react-syntax-highlighter-line-number\" style=\"display:inline-block;min-width:3.25em;padding-right:16px;text-align:right;user-select:none;margin-left:16px;background-color:#252f3f;color:#8B9394\">32</span><span>        </span><span style=\"color:#64a0dc\">-</span><span> </span><span style=\"color:#c0e2a3;font-weight:500\">development</span><span>\n</span></span><span style=\"padding-right:2rem\"><span class=\"comment linenumber react-syntax-highlighter-line-number\" style=\"display:inline-block;min-width:3.25em;padding-right:16px;text-align:right;user-select:none;margin-left:16px;background-color:#252f3f;color:#8B9394\">33</span><span>        </span><span style=\"color:#64a0dc\">-</span><span> </span><span style=\"color:#c0e2a3;font-weight:500\">staging</span><span>\n</span></span><span style=\"padding-right:2rem\"><span class=\"comment linenumber react-syntax-highlighter-line-number\" style=\"display:inline-block;min-width:3.25em;padding-right:16px;text-align:right;user-select:none;margin-left:16px;background-color:#252f3f;color:#8B9394\">34</span><span>        </span><span style=\"color:#64a0dc\">-</span><span> </span><span style=\"color:#c0e2a3;font-weight:500\">production</span><span>\n</span></span><span style=\"padding-right:2rem\"><span class=\"comment linenumber react-syntax-highlighter-line-number\" style=\"display:inline-block;min-width:3.25em;padding-right:16px;text-align:right;user-select:none;margin-left:16px;background-color:#252f3f;color:#8B9394\">35</span><span>      </span><span style=\"color:#7edcda\">default:</span><span> </span><span style=\"color:#c0e2a3;font-weight:500\">development</span><span>\n</span></span><span style=\"padding-right:2rem\"><span class=\"comment linenumber react-syntax-highlighter-line-number\" style=\"display:inline-block;min-width:3.25em;padding-right:16px;text-align:right;user-select:none;margin-left:16px;background-color:#252f3f;color:#8B9394\">36</span><span>    </span><span style=\"color:#7edcda\">port:</span><span>\n</span></span><span style=\"padding-right:2rem\"><span class=\"comment linenumber react-syntax-highlighter-line-number\" style=\"display:inline-block;min-width:3.25em;padding-right:16px;text-align:right;user-select:none;margin-left:16px;background-color:#252f3f;color:#8B9394\">37</span><span>      </span><span style=\"color:#7edcda\">default:</span><span> </span><span style=\"color:#c0e2a3;font-weight:500\">'8080'</span><span>\n</span></span><span style=\"padding-right:2rem\"><span class=\"comment linenumber react-syntax-highlighter-line-number\" style=\"display:inline-block;min-width:3.25em;padding-right:16px;text-align:right;user-select:none;margin-left:16px;background-color:#252f3f;color:#8B9394\">38</span><span>    </span><span style=\"color:#7edcda\">version:</span><span>\n</span></span><span style=\"padding-right:2rem\"><span class=\"comment linenumber react-syntax-highlighter-line-number\" style=\"display:inline-block;min-width:3.25em;padding-right:16px;text-align:right;user-select:none;margin-left:16px;background-color:#252f3f;color:#8B9394\">39</span><span>      </span><span style=\"color:#7edcda\">enum:</span><span>\n</span></span><span style=\"padding-right:2rem\"><span class=\"comment linenumber react-syntax-highlighter-line-number\" style=\"display:inline-block;min-width:3.25em;padding-right:16px;text-align:right;user-select:none;margin-left:16px;background-color:#252f3f;color:#8B9394\">40</span><span>        </span><span style=\"color:#64a0dc\">-</span><span> </span><span style=\"color:#c0e2a3;font-weight:500\">v1</span><span>\n</span></span><span style=\"padding-right:2rem\"><span class=\"comment linenumber react-syntax-highlighter-line-number\" style=\"display:inline-block;min-width:3.25em;padding-right:16px;text-align:right;user-select:none;margin-left:16px;background-color:#252f3f;color:#8B9394\">41</span><span>        </span><span style=\"color:#64a0dc\">-</span><span> </span><span style=\"color:#c0e2a3;font-weight:500\">v2</span></span></code>",
        "language": "unknown",
        "context": ""
      }
    ],
    "tables": [],
    "highlights": [
      {
        "id": "highlight_0",
        "content": "host",
        "context": "The server's URL consists of the host and pathname fields. These values are not always known when you design your system. AsyncAPI enables you to construct dynamic URLs while enhancing the flexibility and maintainability of your AsyncAPI documents. These dynamic values (variables) are placeholders for values you can replace during runtime. You can easily manage multiple endpoints, handling various server configurations and environments."
      },
      {
        "id": "highlight_1",
        "content": "pathname",
        "context": "The server's URL consists of the host and pathname fields. These values are not always known when you design your system. AsyncAPI enables you to construct dynamic URLs while enhancing the flexibility and maintainability of your AsyncAPI documents. These dynamic values (variables) are placeholders for values you can replace during runtime. You can easily manage multiple endpoints, handling various server configurations and environments."
      },
      {
        "id": "highlight_2",
        "content": "server.host",
        "context": "You can add variables to server.host and server.pathname by adding a variable between curly braces like {braces}. Next, you use server.variables to provide definitions of your variables. Finally, leverage components.serverVariables to enable reusable variable definitions across multiple servers."
      },
      {
        "id": "highlight_3",
        "content": "server.pathname",
        "context": "You can add variables to server.host and server.pathname by adding a variable between curly braces like {braces}. Next, you use server.variables to provide definitions of your variables. Finally, leverage components.serverVariables to enable reusable variable definitions across multiple servers."
      },
      {
        "id": "highlight_4",
        "content": "{braces}",
        "context": "You can add variables to server.host and server.pathname by adding a variable between curly braces like {braces}. Next, you use server.variables to provide definitions of your variables. Finally, leverage components.serverVariables to enable reusable variable definitions across multiple servers."
      },
      {
        "id": "highlight_5",
        "content": "server.variables",
        "context": "You can add variables to server.host and server.pathname by adding a variable between curly braces like {braces}. Next, you use server.variables to provide definitions of your variables. Finally, leverage components.serverVariables to enable reusable variable definitions across multiple servers."
      },
      {
        "id": "highlight_6",
        "content": "components.serverVariables",
        "context": "You can add variables to server.host and server.pathname by adding a variable between curly braces like {braces}. Next, you use server.variables to provide definitions of your variables. Finally, leverage components.serverVariables to enable reusable variable definitions across multiple servers."
      },
      {
        "id": "highlight_7",
        "content": "host",
        "context": "First, configure the variables in host and/or pathname. Next, define reusable variables in components.serverVariables. Finally, ensure that your server.variables from the server reference definitions in the components.serverVariables uses $ref."
      },
      {
        "id": "highlight_8",
        "content": "pathname",
        "context": "First, configure the variables in host and/or pathname. Next, define reusable variables in components.serverVariables. Finally, ensure that your server.variables from the server reference definitions in the components.serverVariables uses $ref."
      },
      {
        "id": "highlight_9",
        "content": "components.serverVariables",
        "context": "First, configure the variables in host and/or pathname. Next, define reusable variables in components.serverVariables. Finally, ensure that your server.variables from the server reference definitions in the components.serverVariables uses $ref."
      },
      {
        "id": "highlight_10",
        "content": "server.variables",
        "context": "First, configure the variables in host and/or pathname. Next, define reusable variables in components.serverVariables. Finally, ensure that your server.variables from the server reference definitions in the components.serverVariables uses $ref."
      },
      {
        "id": "highlight_11",
        "content": "components.serverVariables",
        "context": "First, configure the variables in host and/or pathname. Next, define reusable variables in components.serverVariables. Finally, ensure that your server.variables from the server reference definitions in the components.serverVariables uses $ref."
      },
      {
        "id": "highlight_12",
        "content": "$ref",
        "context": "First, configure the variables in host and/or pathname. Next, define reusable variables in components.serverVariables. Finally, ensure that your server.variables from the server reference definitions in the components.serverVariables uses $ref."
      },
      {
        "id": "highlight_13",
        "content": "host",
        "context": "Define the servers section in your AsyncAPI document, including the host and pathname for your API servers. Use placeholders enclosed in curly braces  to represent the variables in the server. For example:"
      },
      {
        "id": "highlight_14",
        "content": "pathname",
        "context": "Define the servers section in your AsyncAPI document, including the host and pathname for your API servers. Use placeholders enclosed in curly braces  to represent the variables in the server. For example:"
      },
      {
        "id": "highlight_15",
        "content": "serverVariables",
        "context": "serverVariables section"
      },
      {
        "id": "highlight_16",
        "content": "components.serverVariables",
        "context": "Define the components.serverVariables section in your AsyncAPI document. For each variable used in the server host or pathname, provide a default value and an optional description to avoid repeating the variable definitions. For example:"
      },
      {
        "id": "highlight_17",
        "content": "host",
        "context": "Define the components.serverVariables section in your AsyncAPI document. For each variable used in the server host or pathname, provide a default value and an optional description to avoid repeating the variable definitions. For example:"
      },
      {
        "id": "highlight_18",
        "content": "pathname",
        "context": "Define the components.serverVariables section in your AsyncAPI document. For each variable used in the server host or pathname, provide a default value and an optional description to avoid repeating the variable definitions. For example:"
      },
      {
        "id": "highlight_19",
        "content": "components.serverVariables",
        "context": "Use components.serverVariables in your server using the Reference Object to avoid repeating information:"
      },
      {
        "id": "highlight_20",
        "content": "host",
        "context": "Here's the complete AsyncAPI document with the servers' variables for the host field:"
      }
    ]
  }
}