{
  "metadata": {
    "url": "https://www.asyncapi.com/docs/concepts/protocol",
    "timestamp": "2025-03-12T17:44:07.433Z",
    "source": "asyncapi_docs"
  },
  "content": {
    "title": "Protocol",
    "hierarchy": {
      "sections": {
        "What is a protocol?": {
          "level": 2,
          "content": "A protocol is a set of rules that governs the exchange of information between applications and/or servers.Protocol examples:\nWebSockets\nHTTP\nKafka\nMQTT"
        },
        "Why do we need protocols?": {
          "level": 2,
          "content": "Protocols play a crucial role in message transmission. Whenever a producer detects a state change (events) and publishes those events as messages, a protocol carries those messages to the channel and then to the consumer."
        }
      },
      "navigation": [
        {
          "text": "Welcome",
          "href": "https://www.asyncapi.com/docs",
          "subItems": []
        },
        {
          "text": "Concepts",
          "href": "https://www.asyncapi.com/docs/concepts",
          "subItems": [
            {
              "text": "Overview",
              "href": "https://www.asyncapi.com/docs/concepts"
            },
            {
              "text": "Server",
              "href": "https://www.asyncapi.com/docs/concepts/server"
            },
            {
              "text": "Producer",
              "href": "https://www.asyncapi.com/docs/concepts/producer"
            },
            {
              "text": "Consumer",
              "href": "https://www.asyncapi.com/docs/concepts/consumer"
            },
            {
              "text": "Channel",
              "href": "https://www.asyncapi.com/docs/concepts/channel"
            },
            {
              "text": "Application",
              "href": "https://www.asyncapi.com/docs/concepts/application"
            },
            {
              "text": "Protocol",
              "href": "https://www.asyncapi.com/docs/concepts/protocol"
            },
            {
              "text": "Message",
              "href": "https://www.asyncapi.com/docs/concepts/message"
            },
            {
              "text": "AsyncAPI Document",
              "href": "https://www.asyncapi.com/docs/concepts/asyncapi-document"
            }
          ]
        },
        {
          "text": "Tutorials",
          "href": "https://www.asyncapi.com/docs/tutorials",
          "subItems": []
        },
        {
          "text": "Tools",
          "href": "https://www.asyncapi.com/docs/tools",
          "subItems": []
        },
        {
          "text": "Guides",
          "href": "https://www.asyncapi.com/docs/guides",
          "subItems": []
        },
        {
          "text": "Reference",
          "href": "https://www.asyncapi.com/docs/reference",
          "subItems": []
        },
        {
          "text": "Migrations",
          "href": "https://www.asyncapi.com/docs/migration",
          "subItems": []
        },
        {
          "text": "Community",
          "href": "https://www.asyncapi.com/docs/community",
          "subItems": []
        }
      ]
    },
    "full_text": "What is a protocol?\nA protocol is a set of rules that governs the exchange of information between applications and/or servers.\nProtocol examples:\n\nWebSockets\nHTTP\nKafka\nMQTT\n\nWhy do we need protocols?\nProtocols play a crucial role in message transmission. Whenever a producer detects a state change (events) and publishes those events as messages, a protocol carries those messages to the channel and then to the consumer.\n#mermaid-0{font-family:Inter,sans-serif;font-size:18px;fill:#242929;}#mermaid-0 .error-icon{fill:#F7F9FA;}#mermaid-0 .error-text{fill:#080605;stroke:#080605;}#mermaid-0 .edge-thickness-normal{stroke-width:2px;}#mermaid-0 .edge-thickness-thick{stroke-width:3.5px;}#mermaid-0 .edge-pattern-solid{stroke-dasharray:0;}#mermaid-0 .edge-pattern-dashed{stroke-dasharray:3;}#mermaid-0 .edge-pattern-dotted{stroke-dasharray:2;}#mermaid-0 .marker{fill:#0b0b0b;stroke:#0b0b0b;}#mermaid-0 .marker.cross{stroke:#0b0b0b;}#mermaid-0 svg{font-family:Inter,sans-serif;font-size:18px;}#mermaid-0 .actor{stroke:#47BCEE;fill:#EDFAFF;}#mermaid-0 text.actor>tspan{fill:#242929;stroke:none;}#mermaid-0 .actor-line{stroke:grey;}#mermaid-0 .messageLine0{stroke-width:1.5;stroke-dasharray:none;stroke:#242929;}#mermaid-0 .messageLine1{stroke-width:1.5;stroke-dasharray:2,2;stroke:#242929;}#mermaid-0 #arrowhead path{fill:#242929;stroke:#242929;}#mermaid-0 .sequenceNumber{fill:#f4f4f4;}#mermaid-0 #sequencenumber{fill:#242929;}#mermaid-0 #crosshead path{fill:#242929;stroke:#242929;}#mermaid-0 .messageText{fill:#242929;stroke:none;}#mermaid-0 .labelBox{stroke:#47BCEE;fill:#EDFAFF;}#mermaid-0 .labelText,#mermaid-0 .labelText>tspan{fill:#242929;stroke:none;}#mermaid-0 .loopText,#mermaid-0 .loopText>tspan{fill:#242929;stroke:none;}#mermaid-0 .loopLine{stroke-width:2px;stroke-dasharray:2,2;stroke:#47BCEE;fill:#47BCEE;}#mermaid-0 .note{stroke:hsl(52.6829268293, 60%, 73.9215686275%);fill:#fff5ad;}#mermaid-0 .noteText,#mermaid-0 .noteText>tspan{fill:#333;stroke:none;}#mermaid-0 .activation0{fill:#F4EFFC;stroke:hsl(263.0769230769, 68.4210526316%, 86.2745098039%);}#mermaid-0 .activation1{fill:#F4EFFC;stroke:hsl(263.0769230769, 68.4210526316%, 86.2745098039%);}#mermaid-0 .activation2{fill:#F4EFFC;stroke:hsl(263.0769230769, 68.4210526316%, 86.2745098039%);}#mermaid-0 .actorPopupMenu{position:absolute;}#mermaid-0 .actorPopupMenuPanel{position:absolute;fill:#EDFAFF;box-shadow:0px 8px 16px 0px rgba(0,0,0,0.2);filter:drop-shadow(3px 5px 2px rgb(0 0 0 / 0.4));}#mermaid-0 .actor-man line{stroke:#47BCEE;fill:#EDFAFF;}#mermaid-0 .actor-man circle,#mermaid-0 line{stroke:#47BCEE;fill:#EDFAFF;stroke-width:2px;}#mermaid-0 :root{--mermaid-font-family:\"trebuchet ms\",verdana,arial,sans-serif;}PublisherBrokerSubscriberPUBLISH(QoS0,Msg)PUBLISH(QoS0,Msg)Delete(Msg)PublisherBrokerSubscriber\nThe diagram above illustrates the message exchange flow from producer to broker to consumer using the MQTT protocol with QoS0 (quality of service 0). In other words, the information transferred from the producer to broker to consumer is delivered at most once.\nThe quality of service information rule is defined at the protocol level. Broker implementations and other involved parties must adhere to this rule.\nIn AsyncAPI documents, all protocol-specific details that the application follows can be described using bindings.",
    "sections": [
      {
        "title": "What is a protocol?",
        "level": 2,
        "text": "A protocol is a set of rules that governs the exchange of information between applications and/or servers.Protocol examples:\nWebSockets\nHTTP\nKafka\nMQTT"
      },
      {
        "title": "Why do we need protocols?",
        "level": 2,
        "text": "Protocols play a crucial role in message transmission. Whenever a producer detects a state change (events) and publishes those events as messages, a protocol carries those messages to the channel and then to the consumer."
      }
    ],
    "svgs": [
      {
        "id": "svg_0",
        "content": "<svg id=\"mermaid-0\" width=\"100%\" xmlns=\"http://www.w3.org/2000/svg\" style=\"max-width: 708px;\" viewBox=\"-50 -10 708 351\" aria-roledescription=\"sequence\"><style>#mermaid-0{font-family:Inter,sans-serif;font-size:18px;fill:#242929;}#mermaid-0 .error-icon{fill:#F7F9FA;}#mermaid-0 .error-text{fill:#080605;stroke:#080605;}#mermaid-0 .edge-thickness-normal{stroke-width:2px;}#mermaid-0 .edge-thickness-thick{stroke-width:3.5px;}#mermaid-0 .edge-pattern-solid{stroke-dasharray:0;}#mermaid-0 .edge-pattern-dashed{stroke-dasharray:3;}#mermaid-0 .edge-pattern-dotted{stroke-dasharray:2;}#mermaid-0 .marker{fill:#0b0b0b;stroke:#0b0b0b;}#mermaid-0 .marker.cross{stroke:#0b0b0b;}#mermaid-0 svg{font-family:Inter,sans-serif;font-size:18px;}#mermaid-0 .actor{stroke:#47BCEE;fill:#EDFAFF;}#mermaid-0 text.actor&gt;tspan{fill:#242929;stroke:none;}#mermaid-0 .actor-line{stroke:grey;}#mermaid-0 .messageLine0{stroke-width:1.5;stroke-dasharray:none;stroke:#242929;}#mermaid-0 .messageLine1{stroke-width:1.5;stroke-dasharray:2,2;stroke:#242929;}#mermaid-0 #arrowhead path{fill:#242929;stroke:#242929;}#mermaid-0 .sequenceNumber{fill:#f4f4f4;}#mermaid-0 #sequencenumber{fill:#242929;}#mermaid-0 #crosshead path{fill:#242929;stroke:#242929;}#mermaid-0 .messageText{fill:#242929;stroke:none;}#mermaid-0 .labelBox{stroke:#47BCEE;fill:#EDFAFF;}#mermaid-0 .labelText,#mermaid-0 .labelText&gt;tspan{fill:#242929;stroke:none;}#mermaid-0 .loopText,#mermaid-0 .loopText&gt;tspan{fill:#242929;stroke:none;}#mermaid-0 .loopLine{stroke-width:2px;stroke-dasharray:2,2;stroke:#47BCEE;fill:#47BCEE;}#mermaid-0 .note{stroke:hsl(52.6829268293, 60%, 73.9215686275%);fill:#fff5ad;}#mermaid-0 .noteText,#mermaid-0 .noteText&gt;tspan{fill:#333;stroke:none;}#mermaid-0 .activation0{fill:#F4EFFC;stroke:hsl(263.0769230769, 68.4210526316%, 86.2745098039%);}#mermaid-0 .activation1{fill:#F4EFFC;stroke:hsl(263.0769230769, 68.4210526316%, 86.2745098039%);}#mermaid-0 .activation2{fill:#F4EFFC;stroke:hsl(263.0769230769, 68.4210526316%, 86.2745098039%);}#mermaid-0 .actorPopupMenu{position:absolute;}#mermaid-0 .actorPopupMenuPanel{position:absolute;fill:#EDFAFF;box-shadow:0px 8px 16px 0px rgba(0,0,0,0.2);filter:drop-shadow(3px 5px 2px rgb(0 0 0 / 0.4));}#mermaid-0 .actor-man line{stroke:#47BCEE;fill:#EDFAFF;}#mermaid-0 .actor-man circle,#mermaid-0 line{stroke:#47BCEE;fill:#EDFAFF;stroke-width:2px;}#mermaid-0 :root{--mermaid-font-family:\"trebuchet ms\",verdana,arial,sans-serif;}</style><g></g><defs><symbol id=\"computer\" width=\"24\" height=\"24\"><path transform=\"scale(.5)\" d=\"M2 2v13h20v-13h-20zm18 11h-16v-9h16v9zm-10.228 6l.466-1h3.524l.467 1h-4.457zm14.228 3h-24l2-6h2.104l-1.33 4h18.45l-1.297-4h2.073l2 6zm-5-10h-14v-7h14v7z\"></path></symbol></defs><defs><symbol id=\"database\" fill-rule=\"evenodd\" clip-rule=\"evenodd\"><path transform=\"scale(.5)\" d=\"M12.258.001l.256.004.255.005.253.008.251.01.249.012.247.015.246.016.242.019.241.02.239.023.236.024.233.027.231.028.229.031.225.032.223.034.22.036.217.038.214.04.211.041.208.043.205.045.201.046.198.048.194.05.191.051.187.053.183.054.18.056.175.057.172.059.168.06.163.061.16.063.155.064.15.066.074.033.073.033.071.034.07.034.069.035.068.035.067.035.066.035.064.036.064.036.062.036.06.036.06.037.058.037.058.037.055.038.055.038.053.038.052.038.051.039.05.039.048.039.047.039.045.04.044.04.043.04.041.04.04.041.039.041.037.041.036.041.034.041.033.042.032.042.03.042.029.042.027.042.026.043.024.043.023.043.021.043.02.043.018.044.017.043.015.044.013.044.012.044.011.045.009.044.007.045.006.045.004.045.002.045.001.045v17l-.001.045-.002.045-.004.045-.006.045-.007.045-.009.044-.011.045-.012.044-.013.044-.015.044-.017.043-.018.044-.02.043-.021.043-.023.043-.024.043-.026.043-.027.042-.029.042-.03.042-.032.042-.033.042-.034.041-.036.041-.037.041-.039.041-.04.041-.041.04-.043.04-.044.04-.045.04-.047.039-.048.039-.05.039-.051.039-.052.038-.053.038-.055.038-.055.038-.058.037-.058.037-.06.037-.06.036-.062.036-.064.036-.064.036-.066.035-.067.035-.068.035-.069.035-.07.034-.071.034-.073.033-.074.033-.15.066-.155.064-.16.063-.163.061-.168.06-.172.059-.175.057-.18.056-.183.054-.187.053-.191.051-.194.05-.198.048-.201.046-.205.045-.208.043-.211.041-.214.04-.217.038-.22.036-.223.034-.225.032-.229.031-.231.028-.233.027-.236.024-.239.023-.241.02-.242.019-.246.016-.247.015-.249.012-.251.01-.253.008-.255.005-.256.004-.258.001-.258-.001-.256-.004-.255-.005-.253-.008-.251-.01-.249-.012-.247-.015-.245-.016-.243-.019-.241-.02-.238-.023-.236-.024-.234-.027-.231-.028-.228-.031-.226-.032-.223-.034-.22-.036-.217-.038-.214-.04-.211-.041-.208-.043-.204-.045-.201-.046-.198-.048-.195-.05-.19-.051-.187-.053-.184-.054-.179-.056-.176-.057-.172-.059-.167-.06-.164-.061-.159-.063-.155-.064-.151-.066-.074-.033-.072-.033-.072-.034-.07-.034-.069-.035-.068-.035-.067-.035-.066-.035-.064-.036-.063-.036-.062-.036-.061-.036-.06-.037-.058-.037-.057-.037-.056-.038-.055-.038-.053-.038-.052-.038-.051-.039-.049-.039-.049-.039-.046-.039-.046-.04-.044-.04-.043-.04-.041-.04-.04-.041-.039-.041-.037-.041-.036-.041-.034-.041-.033-.042-.032-.042-.03-.042-.029-.042-.027-.042-.026-.043-.024-.043-.023-.043-.021-.043-.02-.043-.018-.044-.017-.043-.015-.044-.013-.044-.012-.044-.011-.045-.009-.044-.007-.045-.006-.045-.004-.045-.002-.045-.001-.045v-17l.001-.045.002-.045.004-.045.006-.045.007-.045.009-.044.011-.045.012-.044.013-.044.015-.044.017-.043.018-.044.02-.043.021-.043.023-.043.024-.043.026-.043.027-.042.029-.042.03-.042.032-.042.033-.042.034-.041.036-.041.037-.041.039-.041.04-.041.041-.04.043-.04.044-.04.046-.04.046-.039.049-.039.049-.039.051-.039.052-.038.053-.038.055-.038.056-.038.057-.037.058-.037.06-.037.061-.036.062-.036.063-.036.064-.036.066-.035.067-.035.068-.035.069-.035.07-.034.072-.034.072-.033.074-.033.151-.066.155-.064.159-.063.164-.061.167-.06.172-.059.176-.057.179-.056.184-.054.187-.053.19-.051.195-.05.198-.048.201-.046.204-.045.208-.043.211-.041.214-.04.217-.038.22-.036.223-.034.226-.032.228-.031.231-.028.234-.027.236-.024.238-.023.241-.02.243-.019.245-.016.247-.015.249-.012.251-.01.253-.008.255-.005.256-.004.258-.001.258.001zm-9.258 20.499v.01l.001.021.003.021.004.022.005.021.006.022.007.022.009.023.01.022.011.023.012.023.013.023.015.023.016.024.017.023.018.024.019.024.021.024.022.025.023.024.024.025.052.049.056.05.061.051.066.051.07.051.075.051.079.052.084.052.088.052.092.052.097.052.102.051.105.052.11.052.114.051.119.051.123.051.127.05.131.05.135.05.139.048.144.049.147.047.152.047.155.047.16.045.163.045.167.043.171.043.176.041.178.041.183.039.187.039.19.037.194.035.197.035.202.033.204.031.209.03.212.029.216.027.219.025.222.024.226.021.23.02.233.018.236.016.24.015.243.012.246.01.249.008.253.005.256.004.259.001.26-.001.257-.004.254-.005.25-.008.247-.011.244-.012.241-.014.237-.016.233-.018.231-.021.226-.021.224-.024.22-.026.216-.027.212-.028.21-.031.205-.031.202-.034.198-.034.194-.036.191-.037.187-.039.183-.04.179-.04.175-.042.172-.043.168-.044.163-.045.16-.046.155-.046.152-.047.148-.048.143-.049.139-.049.136-.05.131-.05.126-.05.123-.051.118-.052.114-.051.11-.052.106-.052.101-.052.096-.052.092-.052.088-.053.083-.051.079-.052.074-.052.07-.051.065-.051.06-.051.056-.05.051-.05.023-.024.023-.025.021-.024.02-.024.019-.024.018-.024.017-.024.015-.023.014-.024.013-.023.012-.023.01-.023.01-.022.008-.022.006-.022.006-.022.004-.022.004-.021.001-.021.001-.021v-4.127l-.077.055-.08.053-.083.054-.085.053-.087.052-.09.052-.093.051-.095.05-.097.05-.1.049-.102.049-.105.048-.106.047-.109.047-.111.046-.114.045-.115.045-.118.044-.12.043-.122.042-.124.042-.126.041-.128.04-.13.04-.132.038-.134.038-.135.037-.138.037-.139.035-.142.035-.143.034-.144.033-.147.032-.148.031-.15.03-.151.03-.153.029-.154.027-.156.027-.158.026-.159.025-.161.024-.162.023-.163.022-.165.021-.166.02-.167.019-.169.018-.169.017-.171.016-.173.015-.173.014-.175.013-.175.012-.177.011-.178.01-.179.008-.179.008-.181.006-.182.005-.182.004-.184.003-.184.002h-.37l-.184-.002-.184-.003-.182-.004-.182-.005-.181-.006-.179-.008-.179-.008-.178-.01-.176-.011-.176-.012-.175-.013-.173-.014-.172-.015-.171-.016-.17-.017-.169-.018-.167-.019-.166-.02-.165-.021-.163-.022-.162-.023-.161-.024-.159-.025-.157-.026-.156-.027-.155-.027-.153-.029-.151-.03-.15-.03-.148-.031-.146-.032-.145-.033-.143-.034-.141-.035-.14-.035-.137-.037-.136-.037-.134-.038-.132-.038-.13-.04-.128-.04-.126-.041-.124-.042-.122-.042-.12-.044-.117-.043-.116-.045-.113-.045-.112-.046-.109-.047-.106-.047-.105-.048-.102-.049-.1-.049-.097-.05-.095-.05-.093-.052-.09-.051-.087-.052-.085-.053-.083-.054-.08-.054-.077-.054v4.127zm0-5.654v.011l.001.021.003.021.004.021.005.022.006.022.007.022.009.022.01.022.011.023.012.023.013.023.015.024.016.023.017.024.018.024.019.024.021.024.022.024.023.025.024.024.052.05.056.05.061.05.066.051.07.051.075.052.079.051.084.052.088.052.092.052.097.052.102.052.105.052.11.051.114.051.119.052.123.05.127.051.131.05.135.049.139.049.144.048.147.048.152.047.155.046.16.045.163.045.167.044.171.042.176.042.178.04.183.04.187.038.19.037.194.036.197.034.202.033.204.032.209.03.212.028.216.027.219.025.222.024.226.022.23.02.233.018.236.016.24.014.243.012.246.01.249.008.253.006.256.003.259.001.26-.001.257-.003.254-.006.25-.008.247-.01.244-.012.241-.015.237-.016.233-.018.231-.02.226-.022.224-.024.22-.025.216-.027.212-.029.21-.03.205-.032.202-.033.198-.035.194-.036.191-.037.187-.039.183-.039.179-.041.175-.042.172-.043.168-.044.163-.045.16-.045.155-.047.152-.047.148-.048.143-.048.139-.05.136-.049.131-.05.126-.051.123-.051.118-.051.114-.052.11-.052.106-.052.101-.052.096-.052.092-.052.088-.052.083-.052.079-.052.074-.051.07-.052.065-.051.06-.05.056-.051.051-.049.023-.025.023-.024.021-.025.02-.024.019-.024.018-.024.017-.024.015-.023.014-.023.013-.024.012-.022.01-.023.01-.023.008-.022.006-.022.006-.022.004-.021.004-.022.001-.021.001-.021v-4.139l-.077.054-.08.054-.083.054-.085.052-.087.053-.09.051-.093.051-.095.051-.097.05-.1.049-.102.049-.105.048-.106.047-.109.047-.111.046-.114.045-.115.044-.118.044-.12.044-.122.042-.124.042-.126.041-.128.04-.13.039-.132.039-.134.038-.135.037-.138.036-.139.036-.142.035-.143.033-.144.033-.147.033-.148.031-.15.03-.151.03-.153.028-.154.028-.156.027-.158.026-.159.025-.161.024-.162.023-.163.022-.165.021-.166.02-.167.019-.169.018-.169.017-.171.016-.173.015-.173.014-.175.013-.175.012-.177.011-.178.009-.179.009-.179.007-.181.007-.182.005-.182.004-.184.003-.184.002h-.37l-.184-.002-.184-.003-.182-.004-.182-.005-.181-.007-.179-.007-.179-.009-.178-.009-.176-.011-.176-.012-.175-.013-.173-.014-.172-.015-.171-.016-.17-.017-.169-.018-.167-.019-.166-.02-.165-.021-.163-.022-.162-.023-.161-.024-.159-.025-.157-.026-.156-.027-.155-.028-.153-.028-.151-.03-.15-.03-.148-.031-.146-.033-.145-.033-.143-.033-.141-.035-.14-.036-.137-.036-.136-.037-.134-.038-.132-.039-.13-.039-.128-.04-.126-.041-.124-.042-.122-.043-.12-.043-.117-.044-.116-.044-.113-.046-.112-.046-.109-.046-.106-.047-.105-.048-.102-.049-.1-.049-.097-.05-.095-.051-.093-.051-.09-.051-.087-.053-.085-.052-.083-.054-.08-.054-.077-.054v4.139zm0-5.666v.011l.001.02.003.022.004.021.005.022.006.021.007.022.009.023.01.022.011.023.012.023.013.023.015.023.016.024.017.024.018.023.019.024.021.025.022.024.023.024.024.025.052.05.056.05.061.05.066.051.07.051.075.052.079.051.084.052.088.052.092.052.097.052.102.052.105.051.11.052.114.051.119.051.123.051.127.05.131.05.135.05.139.049.144.048.147.048.152.047.155.046.16.045.163.045.167.043.171.043.176.042.178.04.183.04.187.038.19.037.194.036.197.034.202.033.204.032.209.03.212.028.216.027.219.025.222.024.226.021.23.02.233.018.236.017.24.014.243.012.246.01.249.008.253.006.256.003.259.001.26-.001.257-.003.254-.006.25-.008.247-.01.244-.013.241-.014.237-.016.233-.018.231-.02.226-.022.224-.024.22-.025.216-.027.212-.029.21-.03.205-.032.202-.033.198-.035.194-.036.191-.037.187-.039.183-.039.179-.041.175-.042.172-.043.168-.044.163-.045.16-.045.155-.047.152-.047.148-.048.143-.049.139-.049.136-.049.131-.051.126-.05.123-.051.118-.052.114-.051.11-.052.106-.052.101-.052.096-.052.092-.052.088-.052.083-.052.079-.052.074-.052.07-.051.065-.051.06-.051.056-.05.051-.049.023-.025.023-.025.021-.024.02-.024.019-.024.018-.024.017-.024.015-.023.014-.024.013-.023.012-.023.01-.022.01-.023.008-.022.006-.022.006-.022.004-.022.004-.021.001-.021.001-.021v-4.153l-.077.054-.08.054-.083.053-.085.053-.087.053-.09.051-.093.051-.095.051-.097.05-.1.049-.102.048-.105.048-.106.048-.109.046-.111.046-.114.046-.115.044-.118.044-.12.043-.122.043-.124.042-.126.041-.128.04-.13.039-.132.039-.134.038-.135.037-.138.036-.139.036-.142.034-.143.034-.144.033-.147.032-.148.032-.15.03-.151.03-.153.028-.154.028-.156.027-.158.026-.159.024-.161.024-.162.023-.163.023-.165.021-.166.02-.167.019-.169.018-.169.017-.171.016-.173.015-.173.014-.175.013-.175.012-.177.01-.178.01-.179.009-.179.007-.181.006-.182.006-.182.004-.184.003-.184.001-.185.001-.185-.001-.184-.001-.184-.003-.182-.004-.182-.006-.181-.006-.179-.007-.179-.009-.178-.01-.176-.01-.176-.012-.175-.013-.173-.014-.172-.015-.171-.016-.17-.017-.169-.018-.167-.019-.166-.02-.165-.021-.163-.023-.162-.023-.161-.024-.159-.024-.157-.026-.156-.027-.155-.028-.153-.028-.151-.03-.15-.03-.148-.032-.146-.032-.145-.033-.143-.034-.141-.034-.14-.036-.137-.036-.136-.037-.134-.038-.132-.039-.13-.039-.128-.041-.126-.041-.124-.041-.122-.043-.12-.043-.117-.044-.116-.044-.113-.046-.112-.046-.109-.046-.106-.048-.105-.048-.102-.048-.1-.05-.097-.049-.095-.051-.093-.051-.09-.052-.087-.052-.085-.053-.083-.053-.08-.054-.077-.054v4.153zm8.74-8.179l-.257.004-.254.005-.25.008-.247.011-.244.012-.241.014-.237.016-.233.018-.231.021-.226.022-.224.023-.22.026-.216.027-.212.028-.21.031-.205.032-.202.033-.198.034-.194.036-.191.038-.187.038-.183.04-.179.041-.175.042-.172.043-.168.043-.163.045-.16.046-.155.046-.152.048-.148.048-.143.048-.139.049-.136.05-.131.05-.126.051-.123.051-.118.051-.114.052-.11.052-.106.052-.101.052-.096.052-.092.052-.088.052-.083.052-.079.052-.074.051-.07.052-.065.051-.06.05-.056.05-.051.05-.023.025-.023.024-.021.024-.02.025-.019.024-.018.024-.017.023-.015.024-.014.023-.013.023-.012.023-.01.023-.01.022-.008.022-.006.023-.006.021-.004.022-.004.021-.001.021-.001.021.001.021.001.021.004.021.004.022.006.021.006.023.008.022.01.022.01.023.012.023.013.023.014.023.015.024.017.023.018.024.019.024.02.025.021.024.023.024.023.025.051.05.056.05.06.05.065.051.07.052.074.051.079.052.083.052.088.052.092.052.096.052.101.052.106.052.11.052.114.052.118.051.123.051.126.051.131.05.136.05.139.049.143.048.148.048.152.048.155.046.16.046.163.045.168.043.172.043.175.042.179.041.183.04.187.038.191.038.194.036.198.034.202.033.205.032.21.031.212.028.216.027.22.026.224.023.226.022.231.021.233.018.237.016.241.014.244.012.247.011.25.008.254.005.257.004.26.001.26-.001.257-.004.254-.005.25-.008.247-.011.244-.012.241-.014.237-.016.233-.018.231-.021.226-.022.224-.023.22-.026.216-.027.212-.028.21-.031.205-.032.202-.033.198-.034.194-.036.191-.038.187-.038.183-.04.179-.041.175-.042.172-.043.168-.043.163-.045.16-.046.155-.046.152-.048.148-.048.143-.048.139-.049.136-.05.131-.05.126-.051.123-.051.118-.051.114-.052.11-.052.106-.052.101-.052.096-.052.092-.052.088-.052.083-.052.079-.052.074-.051.07-.052.065-.051.06-.05.056-.05.051-.05.023-.025.023-.024.021-.024.02-.025.019-.024.018-.024.017-.023.015-.024.014-.023.013-.023.012-.023.01-.023.01-.022.008-.022.006-.023.006-.021.004-.022.004-.021.001-.021.001-.021-.001-.021-.001-.021-.004-.021-.004-.022-.006-.021-.006-.023-.008-.022-.01-.022-.01-.023-.012-.023-.013-.023-.014-.023-.015-.024-.017-.023-.018-.024-.019-.024-.02-.025-.021-.024-.023-.024-.023-.025-.051-.05-.056-.05-.06-.05-.065-.051-.07-.052-.074-.051-.079-.052-.083-.052-.088-.052-.092-.052-.096-.052-.101-.052-.106-.052-.11-.052-.114-.052-.118-.051-.123-.051-.126-.051-.131-.05-.136-.05-.139-.049-.143-.048-.148-.048-.152-.048-.155-.046-.16-.046-.163-.045-.168-.043-.172-.043-.175-.042-.179-.041-.183-.04-.187-.038-.191-.038-.194-.036-.198-.034-.202-.033-.205-.032-.21-.031-.212-.028-.216-.027-.22-.026-.224-.023-.226-.022-.231-.021-.233-.018-.237-.016-.241-.014-.244-.012-.247-.011-.25-.008-.254-.005-.257-.004-.26-.001-.26.001z\"></path></symbol></defs><defs><symbol id=\"clock\" width=\"24\" height=\"24\"><path transform=\"scale(.5)\" d=\"M12 2c5.514 0 10 4.486 10 10s-4.486 10-10 10-10-4.486-10-10 4.486-10 10-10zm0-2c-6.627 0-12 5.373-12 12s5.373 12 12 12 12-5.373 12-12-5.373-12-12-12zm5.848 12.459c.202.038.202.333.001.372-1.907.361-6.045 1.111-6.547 1.111-.719 0-1.301-.582-1.301-1.301 0-.512.77-5.447 1.125-7.445.034-.192.312-.181.343.014l.985 6.238 5.394 1.011z\"></path></symbol></defs><g><line id=\"actor0\" x1=\"75\" y1=\"5\" x2=\"75\" y2=\"285\" class=\"200\" stroke-width=\"0.5px\" stroke=\"#999\"></line><g id=\"root-0\"><rect x=\"0\" y=\"0\" fill=\"#eaeaea\" stroke=\"#666\" width=\"150\" height=\"65\" rx=\"3\" ry=\"3\" class=\"actor\"></rect><text x=\"75\" y=\"32.5\" dominant-baseline=\"central\" alignment-baseline=\"central\" class=\"actor\" style=\"text-anchor: middle; font-size: 16px; font-weight: 400;\"><tspan x=\"75\" dy=\"0\">Publisher</tspan></text></g></g><g><line id=\"actor1\" x1=\"304\" y1=\"5\" x2=\"304\" y2=\"285\" class=\"200\" stroke-width=\"0.5px\" stroke=\"#999\"></line><g id=\"root-1\"><rect x=\"229\" y=\"0\" fill=\"#eaeaea\" stroke=\"#666\" width=\"150\" height=\"65\" rx=\"3\" ry=\"3\" class=\"actor\"></rect><text x=\"304\" y=\"32.5\" dominant-baseline=\"central\" alignment-baseline=\"central\" class=\"actor\" style=\"text-anchor: middle; font-size: 16px; font-weight: 400;\"><tspan x=\"304\" dy=\"0\">Broker</tspan></text></g></g><g><line id=\"actor2\" x1=\"533\" y1=\"5\" x2=\"533\" y2=\"285\" class=\"200\" stroke-width=\"0.5px\" stroke=\"#999\"></line><g id=\"root-2\"><rect x=\"458\" y=\"0\" fill=\"#eaeaea\" stroke=\"#666\" width=\"150\" height=\"65\" rx=\"3\" ry=\"3\" class=\"actor\"></rect><text x=\"533\" y=\"32.5\" dominant-baseline=\"central\" alignment-baseline=\"central\" class=\"actor\" style=\"text-anchor: middle; font-size: 16px; font-weight: 400;\"><tspan x=\"533\" dy=\"0\">Subscriber</tspan></text></g></g><defs><marker id=\"arrowhead\" refX=\"9\" refY=\"5\" markerUnits=\"userSpaceOnUse\" markerWidth=\"12\" markerHeight=\"12\" orient=\"auto\"><path d=\"M 0 0 L 10 5 L 0 10 z\"></path></marker></defs><defs><marker id=\"crosshead\" markerWidth=\"15\" markerHeight=\"8\" orient=\"auto\" refX=\"4\" refY=\"5\"><path fill=\"none\" stroke=\"#000000\" stroke-width=\"1pt\" d=\"M 1,2 L 6,7 M 6,2 L 1,7\" style=\"stroke-dasharray: 0, 0;\"></path></marker></defs><defs><marker id=\"filled-head\" refX=\"18\" refY=\"7\" markerWidth=\"20\" markerHeight=\"28\" orient=\"auto\"><path d=\"M 18,7 L9,13 L14,7 L9,1 Z\"></path></marker></defs><defs><marker id=\"sequencenumber\" refX=\"15\" refY=\"15\" markerWidth=\"60\" markerHeight=\"40\" orient=\"auto\"><circle cx=\"15\" cy=\"15\" r=\"6\"></circle></marker></defs><g></g><g></g><g></g><text x=\"190\" y=\"80\" text-anchor=\"middle\" dominant-baseline=\"middle\" alignment-baseline=\"middle\" class=\"messageText\" dy=\"1em\" style=\"font-size: 16px; font-weight: 400;\">PUBLISH(QoS0,Msg)</text><line x1=\"75\" y1=\"115\" x2=\"304\" y2=\"115\" class=\"messageLine0\" stroke-width=\"2\" stroke=\"none\" marker-end=\"url(#arrowhead)\" style=\"fill: none;\"></line><text x=\"421\" y=\"130\" text-anchor=\"middle\" dominant-baseline=\"middle\" alignment-baseline=\"middle\" class=\"messageText\" dy=\"1em\" style=\"font-size: 16px; font-weight: 400;\">PUBLISH(QoS0,Msg)</text><line x1=\"309\" y1=\"165\" x2=\"533\" y2=\"165\" class=\"messageLine0\" stroke-width=\"2\" stroke=\"none\" marker-end=\"url(#arrowhead)\" style=\"fill: none;\"></line><text x=\"75\" y=\"180\" text-anchor=\"middle\" dominant-baseline=\"middle\" alignment-baseline=\"middle\" class=\"messageText\" dy=\"1em\" style=\"font-size: 16px; font-weight: 400;\">Delete(Msg)</text><path d=\"M 75,215 C 135,205 135,245 75,235\" class=\"messageLine0\" stroke-width=\"2\" stroke=\"none\" marker-end=\"url(#arrowhead)\" style=\"fill: none;\"></path><g><rect x=\"0\" y=\"265\" fill=\"#eaeaea\" stroke=\"#666\" width=\"150\" height=\"65\" rx=\"3\" ry=\"3\" class=\"actor\"></rect><text x=\"75\" y=\"297.5\" dominant-baseline=\"central\" alignment-baseline=\"central\" class=\"actor\" style=\"text-anchor: middle; font-size: 16px; font-weight: 400;\"><tspan x=\"75\" dy=\"0\">Publisher</tspan></text></g><g><rect x=\"229\" y=\"265\" fill=\"#eaeaea\" stroke=\"#666\" width=\"150\" height=\"65\" rx=\"3\" ry=\"3\" class=\"actor\"></rect><text x=\"304\" y=\"297.5\" dominant-baseline=\"central\" alignment-baseline=\"central\" class=\"actor\" style=\"text-anchor: middle; font-size: 16px; font-weight: 400;\"><tspan x=\"304\" dy=\"0\">Broker</tspan></text></g><g><rect x=\"458\" y=\"265\" fill=\"#eaeaea\" stroke=\"#666\" width=\"150\" height=\"65\" rx=\"3\" ry=\"3\" class=\"actor\"></rect><text x=\"533\" y=\"297.5\" dominant-baseline=\"central\" alignment-baseline=\"central\" class=\"actor\" style=\"text-anchor: middle; font-size: 16px; font-weight: 400;\"><tspan x=\"533\" dy=\"0\">Subscriber</tspan></text></g></svg>",
        "context": "#mermaid-0{font-family:Inter,sans-serif;font-size:18px;fill:#242929;}#mermaid-0 .error-icon{fill:#F7F9FA;}#mermaid-0 .error-text{fill:#080605;stroke:#080605;}#mermaid-0 .edge-thickness-normal{stroke-width:2px;}#mermaid-0 .edge-thickness-thick{stroke-width:3.5px;}#mermaid-0 .edge-pattern-solid{stroke-dasharray:0;}#mermaid-0 .edge-pattern-dashed{stroke-dasharray:3;}#mermaid-0 .edge-pattern-dotted{stroke-dasharray:2;}#mermaid-0 .marker{fill:#0b0b0b;stroke:#0b0b0b;}#mermaid-0 .marker.cross{stroke:#0b0b0b;}#mermaid-0 svg{font-family:Inter,sans-serif;font-size:18px;}#mermaid-0 .actor{stroke:#47BCEE;fill:#EDFAFF;}#mermaid-0 text.actor>tspan{fill:#242929;stroke:none;}#mermaid-0 .actor-line{stroke:grey;}#mermaid-0 .messageLine0{stroke-width:1.5;stroke-dasharray:none;stroke:#242929;}#mermaid-0 .messageLine1{stroke-width:1.5;stroke-dasharray:2,2;stroke:#242929;}#mermaid-0 #arrowhead path{fill:#242929;stroke:#242929;}#mermaid-0 .sequenceNumber{fill:#f4f4f4;}#mermaid-0 #sequencenumber{fill:#242929;}#mermaid-0 #crosshead path{fill:#242929;stroke:#242929;}#mermaid-0 .messageText{fill:#242929;stroke:none;}#mermaid-0 .labelBox{stroke:#47BCEE;fill:#EDFAFF;}#mermaid-0 .labelText,#mermaid-0 .labelText>tspan{fill:#242929;stroke:none;}#mermaid-0 .loopText,#mermaid-0 .loopText>tspan{fill:#242929;stroke:none;}#mermaid-0 .loopLine{stroke-width:2px;stroke-dasharray:2,2;stroke:#47BCEE;fill:#47BCEE;}#mermaid-0 .note{stroke:hsl(52.6829268293, 60%, 73.9215686275%);fill:#fff5ad;}#mermaid-0 .noteText,#mermaid-0 .noteText>tspan{fill:#333;stroke:none;}#mermaid-0 .activation0{fill:#F4EFFC;stroke:hsl(263.0769230769, 68.4210526316%, 86.2745098039%);}#mermaid-0 .activation1{fill:#F4EFFC;stroke:hsl(263.0769230769, 68.4210526316%, 86.2745098039%);}#mermaid-0 .activation2{fill:#F4EFFC;stroke:hsl(263.0769230769, 68.4210526316%, 86.2745098039%);}#mermaid-0 .actorPopupMenu{position:absolute;}#mermaid-0 .actorPopupMenuPanel{position:absolute;fill:#EDFAFF;box-shadow:0px 8px 16px 0px rgba(0,0,0,0.2);filter:drop-shadow(3px 5px 2px rgb(0 0 0 / 0.4));}#mermaid-0 .actor-man line{stroke:#47BCEE;fill:#EDFAFF;}#mermaid-0 .actor-man circle,#mermaid-0 line{stroke:#47BCEE;fill:#EDFAFF;stroke-width:2px;}#mermaid-0 :root{--mermaid-font-family:\"trebuchet ms\",verdana,arial,sans-serif;}PublisherBrokerSubscriberPUBLISH(QoS0,Msg)PUBLISH(QoS0,Msg)Delete(Msg)PublisherBrokerSubscriber",
        "description": "SVG containing 7 paths, 1 circles, and 6 rectangles."
      }
    ],
    "codeBlocks": [],
    "tables": [],
    "highlights": [
      {
        "id": "highlight_0",
        "content": "producer",
        "context": "The diagram above illustrates the message exchange flow from producer to broker to consumer using the MQTT protocol with QoS0 (quality of service 0). In other words, the information transferred from the producer to broker to consumer is delivered at most once."
      },
      {
        "id": "highlight_1",
        "content": "broker",
        "context": "The diagram above illustrates the message exchange flow from producer to broker to consumer using the MQTT protocol with QoS0 (quality of service 0). In other words, the information transferred from the producer to broker to consumer is delivered at most once."
      },
      {
        "id": "highlight_2",
        "content": "consumer",
        "context": "The diagram above illustrates the message exchange flow from producer to broker to consumer using the MQTT protocol with QoS0 (quality of service 0). In other words, the information transferred from the producer to broker to consumer is delivered at most once."
      }
    ]
  }
}