{
  "metadata": {
    "url": "https://www.asyncapi.com/docs/concepts/asyncapi-document/securing-operations",
    "timestamp": "2025-03-12T17:47:44.826Z",
    "source": "asyncapi_docs"
  },
  "content": {
    "title": "Securing Operations",
    "hierarchy": {
      "sections": {
        "Add security": {
          "level": 2,
          "content": "To accommodate such scenarios, the AsyncAPI document allows you to use the security field at the operation level. You can have multiple security schemes, but only one must be satisfied to authorize such an operation.The diagram below describes how to implement reusable security schemes:"
        },
        "Operation section": {
          "level": 2,
          "content": "Security information for an operation is defined using a Security Scheme at the operation level. You can reference a scheme from another location, such as components.securitySchemes, using the $ref keyword.1operations:\n2  sendAuthRevoke:\n3    action: send\n4    channel:\n5      $ref: '#/channels/authRevoke'\n6    security:\n7      - type: oauth2\n8        description: The oauth security descriptions\n9        flows:\n10          clientCredentials:\n11            tokenUrl: 'https://example.com/api/oauth/dialog'\n12            availableScopes:\n13              'subscribe:auth_revocations': Scope required for authorization revocation topic\n14        scopes:\n15          - 'subscribe:auth_revocations'The previous example, featuring the sendAuthRevoke operation in an AsyncAPI document, demonstrates the capabilities of a client application with an existing notification service. If a server has its own security requirements, this operation must also comply with those."
        },
        "securitySchemes section": {
          "level": 2,
          "content": "To reuse security schemes between operations, place them in components.securitySchemes and reference them via the $ref keyword in your operation:1operations:\n2  sendAuthRevoke:\n3    action: send\n4    channel:\n5      $ref: '#/channels/authRevoke'\n6    security:\n7      - $ref: '#/components/securitySchemes/oauth'\n8\n9components:\n10  securitySchemes:\n11    oauth:\n12       type: oauth2\n13        description: The oauth security descriptions\n14        flows:\n15          clientCredentials:\n16            tokenUrl: 'https://example.com/api/oauth/dialog'\n17            availableScopes:\n18              'subscribe:auth_revocations': Scope required for authorization revocation topic\n19        scopes:\n20          - 'subscribe:auth_revocations'The previous code snippet shows the approach for reusing schema within multiple operations, even across multiple AsyncAPI documents."
        }
      },
      "navigation": [
        {
          "text": "Welcome",
          "href": "https://www.asyncapi.com/docs",
          "subItems": []
        },
        {
          "text": "Concepts",
          "href": "https://www.asyncapi.com/docs/concepts",
          "subItems": [
            {
              "text": "Overview",
              "href": "https://www.asyncapi.com/docs/concepts"
            },
            {
              "text": "Server",
              "href": "https://www.asyncapi.com/docs/concepts/server"
            },
            {
              "text": "Producer",
              "href": "https://www.asyncapi.com/docs/concepts/producer"
            },
            {
              "text": "Consumer",
              "href": "https://www.asyncapi.com/docs/concepts/consumer"
            },
            {
              "text": "Channel",
              "href": "https://www.asyncapi.com/docs/concepts/channel"
            },
            {
              "text": "Application",
              "href": "https://www.asyncapi.com/docs/concepts/application"
            },
            {
              "text": "Protocol",
              "href": "https://www.asyncapi.com/docs/concepts/protocol"
            },
            {
              "text": "Message",
              "href": "https://www.asyncapi.com/docs/concepts/message"
            },
            {
              "text": "AsyncAPI Document",
              "href": "https://www.asyncapi.com/docs/concepts/asyncapi-document"
            },
            {
              "text": "Introduction",
              "href": "https://www.asyncapi.com/docs/concepts/asyncapi-document"
            },
            {
              "text": "AsyncAPI document structure",
              "href": "https://www.asyncapi.com/docs/concepts/asyncapi-document/structure"
            },
            {
              "text": "Tags",
              "href": "https://www.asyncapi.com/docs/concepts/asyncapi-document/tags"
            },
            {
              "text": "Adding channels",
              "href": "https://www.asyncapi.com/docs/concepts/asyncapi-document/adding-channels"
            },
            {
              "text": "Parameters in channel address",
              "href": "https://www.asyncapi.com/docs/concepts/asyncapi-document/dynamic-channel-address"
            },
            {
              "text": "Adding operations",
              "href": "https://www.asyncapi.com/docs/concepts/asyncapi-document/adding-operations"
            },
            {
              "text": "Operation security",
              "href": "https://www.asyncapi.com/docs/concepts/asyncapi-document/securing-operations"
            },
            {
              "text": "Adding messages",
              "href": "https://www.asyncapi.com/docs/concepts/asyncapi-document/adding-messages"
            },
            {
              "text": "Reusability with traits",
              "href": "https://www.asyncapi.com/docs/concepts/asyncapi-document/reusability-with-traits"
            },
            {
              "text": "Server security",
              "href": "https://www.asyncapi.com/docs/concepts/asyncapi-document/server-security"
            },
            {
              "text": "Adding reply info",
              "href": "https://www.asyncapi.com/docs/concepts/asyncapi-document/reply-info"
            },
            {
              "text": "Extending specification",
              "href": "https://www.asyncapi.com/docs/concepts/asyncapi-document/extending-specification"
            },
            {
              "text": "Adding bindings",
              "href": "https://www.asyncapi.com/docs/concepts/asyncapi-document/adding-bindings"
            },
            {
              "text": "Payload schema",
              "href": "https://www.asyncapi.com/docs/concepts/asyncapi-document/define-payload"
            },
            {
              "text": "Server variables",
              "href": "https://www.asyncapi.com/docs/concepts/asyncapi-document/variable-url"
            },
            {
              "text": "Reusable parts",
              "href": "https://www.asyncapi.com/docs/concepts/asyncapi-document/reusable-parts"
            },
            {
              "text": "Add servers",
              "href": "https://www.asyncapi.com/docs/concepts/asyncapi-document/add-server"
            }
          ]
        },
        {
          "text": "Tutorials",
          "href": "https://www.asyncapi.com/docs/tutorials",
          "subItems": []
        },
        {
          "text": "Tools",
          "href": "https://www.asyncapi.com/docs/tools",
          "subItems": []
        },
        {
          "text": "Guides",
          "href": "https://www.asyncapi.com/docs/guides",
          "subItems": []
        },
        {
          "text": "Reference",
          "href": "https://www.asyncapi.com/docs/reference",
          "subItems": []
        },
        {
          "text": "Migrations",
          "href": "https://www.asyncapi.com/docs/migration",
          "subItems": []
        },
        {
          "text": "Community",
          "href": "https://www.asyncapi.com/docs/community",
          "subItems": []
        }
      ]
    },
    "full_text": "The server security concept in AsyncAPI means that the security settings specified at the server level automatically apply to all operations across all channels. If you want to modify these default security settings for a particular operation, you need to specify the security details directly on that operation.\nAdd security\nTo accommodate such scenarios, the AsyncAPI document allows you to use the security field at the operation level. You can have multiple security schemes, but only one must be satisfied to authorize such an operation.\nThe diagram below describes how to implement reusable security schemes:\n#mermaid-0{font-family:Inter,sans-serif;font-size:18px;fill:#242929;}#mermaid-0 .error-icon{fill:#F7F9FA;}#mermaid-0 .error-text{fill:#080605;stroke:#080605;}#mermaid-0 .edge-thickness-normal{stroke-width:2px;}#mermaid-0 .edge-thickness-thick{stroke-width:3.5px;}#mermaid-0 .edge-pattern-solid{stroke-dasharray:0;}#mermaid-0 .edge-pattern-dashed{stroke-dasharray:3;}#mermaid-0 .edge-pattern-dotted{stroke-dasharray:2;}#mermaid-0 .marker{fill:#0b0b0b;stroke:#0b0b0b;}#mermaid-0 .marker.cross{stroke:#0b0b0b;}#mermaid-0 svg{font-family:Inter,sans-serif;font-size:18px;}#mermaid-0 .label{font-family:Inter,sans-serif;color:#242929;}#mermaid-0 .cluster-label text{fill:#080605;}#mermaid-0 .cluster-label span{color:#080605;}#mermaid-0 .label text,#mermaid-0 span{fill:#242929;color:#242929;}#mermaid-0 .node rect,#mermaid-0 .node circle,#mermaid-0 .node ellipse,#mermaid-0 .node polygon,#mermaid-0 .node path{fill:#EDFAFF;stroke:#47BCEE;stroke-width:1px;}#mermaid-0 .node .label{text-align:center;}#mermaid-0 .node.clickable{cursor:pointer;}#mermaid-0 .arrowheadPath{fill:undefined;}#mermaid-0 .edgePath .path{stroke:#0b0b0b;stroke-width:2.0px;}#mermaid-0 .flowchart-link{stroke:#0b0b0b;fill:none;}#mermaid-0 .edgeLabel{background-color:#F4EFFC;text-align:center;}#mermaid-0 .edgeLabel rect{opacity:0.5;background-color:#F4EFFC;fill:#F4EFFC;}#mermaid-0 .cluster rect{fill:#F7F9FA;stroke:#BFC6C7;stroke-width:1px;}#mermaid-0 .cluster text{fill:#080605;}#mermaid-0 .cluster span{color:#080605;}#mermaid-0 div.mermaidTooltip{position:absolute;text-align:center;max-width:200px;padding:2px;font-family:Inter,sans-serif;font-size:12px;background:#F7F9FA;border:1px solid undefined;border-radius:2px;pointer-events:none;z-index:100;}#mermaid-0 .flowchartTitleText{text-anchor:middle;font-size:18px;fill:#242929;}#mermaid-0 :root{--mermaid-font-family:\"trebuchet ms\",verdana,arial,sans-serif;}$refcomponentsaddressmessagescomponentssecuritySchemessecurity\nOperation section\nSecurity information for an operation is defined using a Security Scheme at the operation level. You can reference a scheme from another location, such as components.securitySchemes, using the $ref keyword.\n1operations:\n2  sendAuthRevoke:\n3    action: send\n4    channel:\n5      $ref: '#/channels/authRevoke'\n6    security:\n7      - type: oauth2\n8        description: The oauth security descriptions\n9        flows:\n10          clientCredentials:\n11            tokenUrl: 'https://example.com/api/oauth/dialog'\n12            availableScopes:\n13              'subscribe:auth_revocations': Scope required for authorization revocation topic\n14        scopes:\n15          - 'subscribe:auth_revocations'\nThe previous example, featuring the sendAuthRevoke operation in an AsyncAPI document, demonstrates the capabilities of a client application with an existing notification service. If a server has its own security requirements, this operation must also comply with those.\nsecuritySchemes section\nTo reuse security schemes between operations, place them in components.securitySchemes and reference them via the $ref keyword in your operation:\n1operations:\n2  sendAuthRevoke:\n3    action: send\n4    channel:\n5      $ref: '#/channels/authRevoke'\n6    security:\n7      - $ref: '#/components/securitySchemes/oauth'\n8\n9components:\n10  securitySchemes:\n11    oauth:\n12       type: oauth2\n13        description: The oauth security descriptions\n14        flows:\n15          clientCredentials:\n16            tokenUrl: 'https://example.com/api/oauth/dialog'\n17            availableScopes:\n18              'subscribe:auth_revocations': Scope required for authorization revocation topic\n19        scopes:\n20          - 'subscribe:auth_revocations'\nThe previous code snippet shows the approach for reusing schema within multiple operations, even across multiple AsyncAPI documents.",
    "sections": [
      {
        "title": "Add security",
        "level": 2,
        "text": "To accommodate such scenarios, the AsyncAPI document allows you to use the security field at the operation level. You can have multiple security schemes, but only one must be satisfied to authorize such an operation.The diagram below describes how to implement reusable security schemes:"
      },
      {
        "title": "Operation section",
        "level": 2,
        "text": "Security information for an operation is defined using a Security Scheme at the operation level. You can reference a scheme from another location, such as components.securitySchemes, using the $ref keyword.1operations:\n2  sendAuthRevoke:\n3    action: send\n4    channel:\n5      $ref: '#/channels/authRevoke'\n6    security:\n7      - type: oauth2\n8        description: The oauth security descriptions\n9        flows:\n10          clientCredentials:\n11            tokenUrl: 'https://example.com/api/oauth/dialog'\n12            availableScopes:\n13              'subscribe:auth_revocations': Scope required for authorization revocation topic\n14        scopes:\n15          - 'subscribe:auth_revocations'The previous example, featuring the sendAuthRevoke operation in an AsyncAPI document, demonstrates the capabilities of a client application with an existing notification service. If a server has its own security requirements, this operation must also comply with those."
      },
      {
        "title": "securitySchemes section",
        "level": 2,
        "text": "To reuse security schemes between operations, place them in components.securitySchemes and reference them via the $ref keyword in your operation:1operations:\n2  sendAuthRevoke:\n3    action: send\n4    channel:\n5      $ref: '#/channels/authRevoke'\n6    security:\n7      - $ref: '#/components/securitySchemes/oauth'\n8\n9components:\n10  securitySchemes:\n11    oauth:\n12       type: oauth2\n13        description: The oauth security descriptions\n14        flows:\n15          clientCredentials:\n16            tokenUrl: 'https://example.com/api/oauth/dialog'\n17            availableScopes:\n18              'subscribe:auth_revocations': Scope required for authorization revocation topic\n19        scopes:\n20          - 'subscribe:auth_revocations'The previous code snippet shows the approach for reusing schema within multiple operations, even across multiple AsyncAPI documents."
      }
    ],
    "svgs": [
      {
        "id": "svg_0",
        "content": "<svg id=\"mermaid-0\" width=\"100%\" xmlns=\"http://www.w3.org/2000/svg\" style=\"max-width: 554.796875px;\" viewBox=\"-8 -8 554.796875 334\" aria-roledescription=\"flowchart-v2\"><style>#mermaid-0{font-family:Inter,sans-serif;font-size:18px;fill:#242929;}#mermaid-0 .error-icon{fill:#F7F9FA;}#mermaid-0 .error-text{fill:#080605;stroke:#080605;}#mermaid-0 .edge-thickness-normal{stroke-width:2px;}#mermaid-0 .edge-thickness-thick{stroke-width:3.5px;}#mermaid-0 .edge-pattern-solid{stroke-dasharray:0;}#mermaid-0 .edge-pattern-dashed{stroke-dasharray:3;}#mermaid-0 .edge-pattern-dotted{stroke-dasharray:2;}#mermaid-0 .marker{fill:#0b0b0b;stroke:#0b0b0b;}#mermaid-0 .marker.cross{stroke:#0b0b0b;}#mermaid-0 svg{font-family:Inter,sans-serif;font-size:18px;}#mermaid-0 .label{font-family:Inter,sans-serif;color:#242929;}#mermaid-0 .cluster-label text{fill:#080605;}#mermaid-0 .cluster-label span{color:#080605;}#mermaid-0 .label text,#mermaid-0 span{fill:#242929;color:#242929;}#mermaid-0 .node rect,#mermaid-0 .node circle,#mermaid-0 .node ellipse,#mermaid-0 .node polygon,#mermaid-0 .node path{fill:#EDFAFF;stroke:#47BCEE;stroke-width:1px;}#mermaid-0 .node .label{text-align:center;}#mermaid-0 .node.clickable{cursor:pointer;}#mermaid-0 .arrowheadPath{fill:undefined;}#mermaid-0 .edgePath .path{stroke:#0b0b0b;stroke-width:2.0px;}#mermaid-0 .flowchart-link{stroke:#0b0b0b;fill:none;}#mermaid-0 .edgeLabel{background-color:#F4EFFC;text-align:center;}#mermaid-0 .edgeLabel rect{opacity:0.5;background-color:#F4EFFC;fill:#F4EFFC;}#mermaid-0 .cluster rect{fill:#F7F9FA;stroke:#BFC6C7;stroke-width:1px;}#mermaid-0 .cluster text{fill:#080605;}#mermaid-0 .cluster span{color:#080605;}#mermaid-0 div.mermaidTooltip{position:absolute;text-align:center;max-width:200px;padding:2px;font-family:Inter,sans-serif;font-size:12px;background:#F7F9FA;border:1px solid undefined;border-radius:2px;pointer-events:none;z-index:100;}#mermaid-0 .flowchartTitleText{text-anchor:middle;font-size:18px;fill:#242929;}#mermaid-0 :root{--mermaid-font-family:\"trebuchet ms\",verdana,arial,sans-serif;}</style><g><marker id=\"flowchart-pointEnd\" class=\"marker flowchart\" viewBox=\"0 0 10 10\" refX=\"10\" refY=\"5\" markerUnits=\"userSpaceOnUse\" markerWidth=\"12\" markerHeight=\"12\" orient=\"auto\"><path d=\"M 0 0 L 10 5 L 0 10 z\" class=\"arrowMarkerPath\" style=\"stroke-width: 1; stroke-dasharray: 1, 0;\"></path></marker><marker id=\"flowchart-pointStart\" class=\"marker flowchart\" viewBox=\"0 0 10 10\" refX=\"0\" refY=\"5\" markerUnits=\"userSpaceOnUse\" markerWidth=\"12\" markerHeight=\"12\" orient=\"auto\"><path d=\"M 0 5 L 10 10 L 10 0 z\" class=\"arrowMarkerPath\" style=\"stroke-width: 1; stroke-dasharray: 1, 0;\"></path></marker><marker id=\"flowchart-circleEnd\" class=\"marker flowchart\" viewBox=\"0 0 10 10\" refX=\"11\" refY=\"5\" markerUnits=\"userSpaceOnUse\" markerWidth=\"11\" markerHeight=\"11\" orient=\"auto\"><circle cx=\"5\" cy=\"5\" r=\"5\" class=\"arrowMarkerPath\" style=\"stroke-width: 1; stroke-dasharray: 1, 0;\"></circle></marker><marker id=\"flowchart-circleStart\" class=\"marker flowchart\" viewBox=\"0 0 10 10\" refX=\"-1\" refY=\"5\" markerUnits=\"userSpaceOnUse\" markerWidth=\"11\" markerHeight=\"11\" orient=\"auto\"><circle cx=\"5\" cy=\"5\" r=\"5\" class=\"arrowMarkerPath\" style=\"stroke-width: 1; stroke-dasharray: 1, 0;\"></circle></marker><marker id=\"flowchart-crossEnd\" class=\"marker cross flowchart\" viewBox=\"0 0 11 11\" refX=\"12\" refY=\"5.2\" markerUnits=\"userSpaceOnUse\" markerWidth=\"11\" markerHeight=\"11\" orient=\"auto\"><path d=\"M 1,1 l 9,9 M 10,1 l -9,9\" class=\"arrowMarkerPath\" style=\"stroke-width: 2; stroke-dasharray: 1, 0;\"></path></marker><marker id=\"flowchart-crossStart\" class=\"marker cross flowchart\" viewBox=\"0 0 11 11\" refX=\"-1\" refY=\"5.2\" markerUnits=\"userSpaceOnUse\" markerWidth=\"11\" markerHeight=\"11\" orient=\"auto\"><path d=\"M 1,1 l 9,9 M 10,1 l -9,9\" class=\"arrowMarkerPath\" style=\"stroke-width: 2; stroke-dasharray: 1, 0;\"></path></marker><g class=\"root\"><g class=\"clusters\"></g><g class=\"edgePaths\"><path d=\"M79.796,92L90.77,80.167C101.744,68.333,123.692,44.667,141.959,32.833C160.227,21,174.813,21,182.105,21L189.398,21\" id=\"L-C-F-0\" class=\" edge-thickness-normal edge-pattern-solid flowchart-link LS-C LE-F\" style=\"fill:none;\" marker-end=\"url(#flowchart-pointEnd)\"></path><path d=\"M120.641,113L124.807,113C128.974,113,137.307,113,147.243,113C157.18,113,168.719,113,174.488,113L180.258,113\" id=\"L-C-I-0\" class=\" edge-thickness-normal edge-pattern-solid flowchart-link LS-C LE-I\" style=\"fill:none;\" marker-end=\"url(#flowchart-pointEnd)\"></path><path d=\"M79.796,134L90.77,145.833C101.744,157.667,123.692,181.333,141.92,193.167C160.148,205,174.656,205,181.91,205L189.164,205\" id=\"L-C-D-0\" class=\" edge-thickness-normal edge-pattern-solid flowchart-link LS-C LE-D\" style=\"fill:none;\" marker-end=\"url(#flowchart-pointEnd)\"></path><path d=\"M272.758,205L282.944,205C293.13,205,313.503,205,334.899,209.167C356.295,213.333,378.715,221.667,389.925,225.833L401.135,230\" id=\"L-D-B-0\" class=\" edge-thickness-normal edge-pattern-solid flowchart-link LS-D LE-B\" style=\"fill:none;\" marker-end=\"url(#flowchart-pointEnd)\"></path><path d=\"M291.281,297L298.38,297C305.479,297,319.677,297,337.986,292.833C356.295,288.667,378.715,280.333,389.925,276.167L401.135,272\" id=\"L-A-B-0\" class=\" edge-thickness-normal edge-pattern-solid flowchart-link LS-A LE-B\" style=\"fill:none;\" marker-end=\"url(#flowchart-pointEnd)\"></path></g><g class=\"edgeLabels\"><g class=\"edgeLabel\"><g class=\"label\" transform=\"translate(0, 0)\"><foreignObject width=\"0\" height=\"0\"><div xmlns=\"http://www.w3.org/1999/xhtml\" style=\"display: inline-block; white-space: nowrap;\"><span class=\"edgeLabel\"></span></div></foreignObject></g></g><g class=\"edgeLabel\"><g class=\"label\" transform=\"translate(0, 0)\"><foreignObject width=\"0\" height=\"0\"><div xmlns=\"http://www.w3.org/1999/xhtml\" style=\"display: inline-block; white-space: nowrap;\"><span class=\"edgeLabel\"></span></div></foreignObject></g></g><g class=\"edgeLabel\"><g class=\"label\" transform=\"translate(0, 0)\"><foreignObject width=\"0\" height=\"0\"><div xmlns=\"http://www.w3.org/1999/xhtml\" style=\"display: inline-block; white-space: nowrap;\"><span class=\"edgeLabel\"></span></div></foreignObject></g></g><g class=\"edgeLabel\" transform=\"translate(333.875, 205)\"><g class=\"label\" transform=\"translate(-17.59375, -13.5)\"><foreignObject width=\"35.1875\" height=\"27\"><div xmlns=\"http://www.w3.org/1999/xhtml\" style=\"display: inline-block; white-space: nowrap;\"><span class=\"edgeLabel\">$ref</span></div></foreignObject></g></g><g class=\"edgeLabel\"><g class=\"label\" transform=\"translate(0, 0)\"><foreignObject width=\"0\" height=\"0\"><div xmlns=\"http://www.w3.org/1999/xhtml\" style=\"display: inline-block; white-space: nowrap;\"><span class=\"edgeLabel\"></span></div></foreignObject></g></g></g><g class=\"nodes\"><g class=\"node default default\" id=\"flowchart-C-36\" transform=\"translate(60.3203125, 113)\"><rect class=\"basic label-container\" style=\"fill:#47BCEE;stroke:#000;\" rx=\"0\" ry=\"0\" x=\"-60.3203125\" y=\"-21\" width=\"120.640625\" height=\"42\"></rect><g class=\"label\" style=\"\" transform=\"translate(-52.8203125, -13.5)\"><foreignObject width=\"105.640625\" height=\"27\"><div xmlns=\"http://www.w3.org/1999/xhtml\" style=\"display: inline-block; white-space: nowrap;\"><span class=\"nodeLabel\">components</span></div></foreignObject></g></g><g class=\"node default default\" id=\"flowchart-F-37\" transform=\"translate(230.9609375, 21)\"><rect class=\"basic label-container\" style=\"\" rx=\"0\" ry=\"0\" x=\"-41.5625\" y=\"-21\" width=\"83.125\" height=\"42\"></rect><g class=\"label\" style=\"\" transform=\"translate(-34.0625, -13.5)\"><foreignObject width=\"68.125\" height=\"27\"><div xmlns=\"http://www.w3.org/1999/xhtml\" style=\"display: inline-block; white-space: nowrap;\"><span class=\"nodeLabel\">address</span></div></foreignObject></g></g><g class=\"node default default\" id=\"flowchart-I-38\" transform=\"translate(230.9609375, 113)\"><rect class=\"basic label-container\" style=\"\" rx=\"0\" ry=\"0\" x=\"-50.703125\" y=\"-21\" width=\"101.40625\" height=\"42\"></rect><g class=\"label\" style=\"\" transform=\"translate(-43.203125, -13.5)\"><foreignObject width=\"86.40625\" height=\"27\"><div xmlns=\"http://www.w3.org/1999/xhtml\" style=\"display: inline-block; white-space: nowrap;\"><span class=\"nodeLabel\">messages</span></div></foreignObject></g></g><g class=\"node default default\" id=\"flowchart-A-39\" transform=\"translate(230.9609375, 297)\"><rect class=\"basic label-container\" style=\"\" rx=\"0\" ry=\"0\" x=\"-60.3203125\" y=\"-21\" width=\"120.640625\" height=\"42\"></rect><g class=\"label\" style=\"\" transform=\"translate(-52.8203125, -13.5)\"><foreignObject width=\"105.640625\" height=\"27\"><div xmlns=\"http://www.w3.org/1999/xhtml\" style=\"display: inline-block; white-space: nowrap;\"><span class=\"nodeLabel\">components</span></div></foreignObject></g></g><g class=\"node default default\" id=\"flowchart-B-40\" transform=\"translate(457.6328125, 251)\"><rect class=\"basic label-container\" style=\"\" rx=\"0\" ry=\"0\" x=\"-81.1640625\" y=\"-21\" width=\"162.328125\" height=\"42\"></rect><g class=\"label\" style=\"\" transform=\"translate(-73.6640625, -13.5)\"><foreignObject width=\"147.328125\" height=\"27\"><div xmlns=\"http://www.w3.org/1999/xhtml\" style=\"display: inline-block; white-space: nowrap;\"><span class=\"nodeLabel\">securitySchemes</span></div></foreignObject></g></g><g class=\"node default default\" id=\"flowchart-D-41\" transform=\"translate(230.9609375, 205)\"><rect class=\"basic label-container\" style=\"fill:#47BCEE;stroke:#000;\" rx=\"0\" ry=\"0\" x=\"-41.796875\" y=\"-21\" width=\"83.59375\" height=\"42\"></rect><g class=\"label\" style=\"\" transform=\"translate(-34.296875, -13.5)\"><foreignObject width=\"68.59375\" height=\"27\"><div xmlns=\"http://www.w3.org/1999/xhtml\" style=\"display: inline-block; white-space: nowrap;\"><span class=\"nodeLabel\">security</span></div></foreignObject></g></g></g></g></g></svg>",
        "context": "#mermaid-0{font-family:Inter,sans-serif;font-size:18px;fill:#242929;}#mermaid-0 .error-icon{fill:#F7F9FA;}#mermaid-0 .error-text{fill:#080605;stroke:#080605;}#mermaid-0 .edge-thickness-normal{stroke-width:2px;}#mermaid-0 .edge-thickness-thick{stroke-width:3.5px;}#mermaid-0 .edge-pattern-solid{stroke-dasharray:0;}#mermaid-0 .edge-pattern-dashed{stroke-dasharray:3;}#mermaid-0 .edge-pattern-dotted{stroke-dasharray:2;}#mermaid-0 .marker{fill:#0b0b0b;stroke:#0b0b0b;}#mermaid-0 .marker.cross{stroke:#0b0b0b;}#mermaid-0 svg{font-family:Inter,sans-serif;font-size:18px;}#mermaid-0 .label{font-family:Inter,sans-serif;color:#242929;}#mermaid-0 .cluster-label text{fill:#080605;}#mermaid-0 .cluster-label span{color:#080605;}#mermaid-0 .label text,#mermaid-0 span{fill:#242929;color:#242929;}#mermaid-0 .node rect,#mermaid-0 .node circle,#mermaid-0 .node ellipse,#mermaid-0 .node polygon,#mermaid-0 .node path{fill:#EDFAFF;stroke:#47BCEE;stroke-width:1px;}#mermaid-0 .node .label{text-align:center;}#mermaid-0 .node.clickable{cursor:pointer;}#mermaid-0 .arrowheadPath{fill:undefined;}#mermaid-0 .edgePath .path{stroke:#0b0b0b;stroke-width:2.0px;}#mermaid-0 .flowchart-link{stroke:#0b0b0b;fill:none;}#mermaid-0 .edgeLabel{background-color:#F4EFFC;text-align:center;}#mermaid-0 .edgeLabel rect{opacity:0.5;background-color:#F4EFFC;fill:#F4EFFC;}#mermaid-0 .cluster rect{fill:#F7F9FA;stroke:#BFC6C7;stroke-width:1px;}#mermaid-0 .cluster text{fill:#080605;}#mermaid-0 .cluster span{color:#080605;}#mermaid-0 div.mermaidTooltip{position:absolute;text-align:center;max-width:200px;padding:2px;font-family:Inter,sans-serif;font-size:12px;background:#F7F9FA;border:1px solid undefined;border-radius:2px;pointer-events:none;z-index:100;}#mermaid-0 .flowchartTitleText{text-anchor:middle;font-size:18px;fill:#242929;}#mermaid-0 :root{--mermaid-font-family:\"trebuchet ms\",verdana,arial,sans-serif;}$refcomponentsaddressmessagescomponentssecuritySchemessecurity",
        "description": "SVG containing 9 paths, 2 circles, and 6 rectangles."
      },
      {
        "id": "svg_1",
        "content": "<svg class=\"-mt-0.5 inline-block size-4\" fill=\"currentColor\" viewBox=\"0 0 20 20\"><path d=\"M15.6 2l-1.2 3H5.6L4.4 2C3.629 2 3 2.629 3 3.4v15.2c0 .77.629 1.4 1.399 1.4h11.2c.77 0 1.4-.631 1.4-1.4V3.4C17 2.629 16.369 2 15.6 2zm-2 2l.9-2h-2.181L11.6 0H8.4l-.72 2H5.5l.899 2H13.6z\"></path></svg>",
        "context": "",
        "description": "SVG containing 1 paths, 0 circles, and 0 rectangles."
      },
      {
        "id": "svg_2",
        "content": "<svg class=\"-mt-0.5 inline-block size-4\" fill=\"currentColor\" viewBox=\"0 0 20 20\"><path d=\"M15.6 2l-1.2 3H5.6L4.4 2C3.629 2 3 2.629 3 3.4v15.2c0 .77.629 1.4 1.399 1.4h11.2c.77 0 1.4-.631 1.4-1.4V3.4C17 2.629 16.369 2 15.6 2zm-2 2l.9-2h-2.181L11.6 0H8.4l-.72 2H5.5l.899 2H13.6z\"></path></svg>",
        "context": "",
        "description": "SVG containing 1 paths, 0 circles, and 0 rectangles."
      }
    ],
    "codeBlocks": [
      {
        "id": "code_0",
        "content": "1operations:\n2  sendAuthRevoke:\n3    action: send\n4    channel:\n5      $ref: '#/channels/authRevoke'\n6    security:\n7      - type: oauth2\n8        description: The oauth security descriptions\n9        flows:\n10          clientCredentials:\n11            tokenUrl: 'https://example.com/api/oauth/dialog'\n12            availableScopes:\n13              'subscribe:auth_revocations': Scope required for authorization revocation topic\n14        scopes:\n15          - 'subscribe:auth_revocations'",
        "rawHtml": "<code class=\"mr-8\" style=\"white-space:pre\"><span style=\"padding-right:2rem\"><span class=\"comment linenumber react-syntax-highlighter-line-number\" style=\"display:inline-block;min-width:2.25em;padding-right:16px;text-align:right;user-select:none;margin-left:16px;background-color:#252f3f;color:#8B9394\">1</span><span style=\"color:#7edcda\">operations:</span><span>\n</span></span><span style=\"padding-right:2rem\"><span class=\"comment linenumber react-syntax-highlighter-line-number\" style=\"display:inline-block;min-width:2.25em;padding-right:16px;text-align:right;user-select:none;margin-left:16px;background-color:#252f3f;color:#8B9394\">2</span><span>  </span><span style=\"color:#7edcda\">sendAuthRevoke:</span><span>\n</span></span><span style=\"padding-right:2rem\"><span class=\"comment linenumber react-syntax-highlighter-line-number\" style=\"display:inline-block;min-width:2.25em;padding-right:16px;text-align:right;user-select:none;margin-left:16px;background-color:#252f3f;color:#8B9394\">3</span><span>    </span><span style=\"color:#7edcda\">action:</span><span> </span><span style=\"color:#c0e2a3;font-weight:500\">send</span><span>\n</span></span><span style=\"padding-right:2rem\"><span class=\"comment linenumber react-syntax-highlighter-line-number\" style=\"display:inline-block;min-width:2.25em;padding-right:16px;text-align:right;user-select:none;margin-left:16px;background-color:#252f3f;color:#8B9394\">4</span><span>    </span><span style=\"color:#7edcda\">channel:</span><span>\n</span></span><span style=\"padding-right:2rem\"><span class=\"comment linenumber react-syntax-highlighter-line-number\" style=\"display:inline-block;min-width:2.25em;padding-right:16px;text-align:right;user-select:none;margin-left:16px;background-color:#252f3f;color:#8B9394\">5</span><span>      </span><span style=\"color:#c0e2a3;font-weight:500\">$ref:</span><span> </span><span style=\"color:#c0e2a3;font-weight:500\">'#/channels/authRevoke'</span><span>\n</span></span><span style=\"padding-right:2rem\"><span class=\"comment linenumber react-syntax-highlighter-line-number\" style=\"display:inline-block;min-width:2.25em;padding-right:16px;text-align:right;user-select:none;margin-left:16px;background-color:#252f3f;color:#8B9394\">6</span><span>    </span><span style=\"color:#7edcda\">security:</span><span>\n</span></span><span style=\"padding-right:2rem\"><span class=\"comment linenumber react-syntax-highlighter-line-number\" style=\"display:inline-block;min-width:2.25em;padding-right:16px;text-align:right;user-select:none;margin-left:16px;background-color:#252f3f;color:#8B9394\">7</span><span>      </span><span style=\"color:#64a0dc\">-</span><span> </span><span style=\"color:#7edcda\">type:</span><span> </span><span style=\"color:#c0e2a3;font-weight:500\">oauth2</span><span>\n</span></span><span style=\"padding-right:2rem\"><span class=\"comment linenumber react-syntax-highlighter-line-number\" style=\"display:inline-block;min-width:2.25em;padding-right:16px;text-align:right;user-select:none;margin-left:16px;background-color:#252f3f;color:#8B9394\">8</span><span>        </span><span style=\"color:#7edcda\">description:</span><span> </span><span style=\"color:#c0e2a3;font-weight:500\">The</span><span> </span><span style=\"color:#c0e2a3;font-weight:500\">oauth</span><span> </span><span style=\"color:#c0e2a3;font-weight:500\">security</span><span> </span><span style=\"color:#c0e2a3;font-weight:500\">descriptions</span><span>\n</span></span><span style=\"padding-right:2rem\"><span class=\"comment linenumber react-syntax-highlighter-line-number\" style=\"display:inline-block;min-width:2.25em;padding-right:16px;text-align:right;user-select:none;margin-left:16px;background-color:#252f3f;color:#8B9394\">9</span><span>        </span><span style=\"color:#7edcda\">flows:</span><span>\n</span></span><span style=\"padding-right:2rem\"><span class=\"comment linenumber react-syntax-highlighter-line-number\" style=\"display:inline-block;min-width:2.25em;padding-right:16px;text-align:right;user-select:none;margin-left:16px;background-color:#252f3f;color:#8B9394\">10</span><span>          </span><span style=\"color:#7edcda\">clientCredentials:</span><span>\n</span></span><span style=\"padding-right:2rem\"><span class=\"comment linenumber react-syntax-highlighter-line-number\" style=\"display:inline-block;min-width:2.25em;padding-right:16px;text-align:right;user-select:none;margin-left:16px;background-color:#252f3f;color:#8B9394\">11</span><span>            </span><span style=\"color:#7edcda\">tokenUrl:</span><span> </span><span style=\"color:#c0e2a3;font-weight:500\">'https://example.com/api/oauth/dialog'</span><span>\n</span></span><span style=\"padding-right:2rem\"><span class=\"comment linenumber react-syntax-highlighter-line-number\" style=\"display:inline-block;min-width:2.25em;padding-right:16px;text-align:right;user-select:none;margin-left:16px;background-color:#252f3f;color:#8B9394\">12</span><span>            </span><span style=\"color:#7edcda\">availableScopes:</span><span>\n</span></span><span style=\"padding-right:2rem\"><span class=\"comment linenumber react-syntax-highlighter-line-number\" style=\"display:inline-block;min-width:2.25em;padding-right:16px;text-align:right;user-select:none;margin-left:16px;background-color:#252f3f;color:#8B9394\">13</span><span>              </span><span style=\"color:#7edcda\">'subscribe:auth_revocations':</span><span> </span><span style=\"color:#c0e2a3;font-weight:500\">Scope</span><span> </span><span style=\"color:#c0e2a3;font-weight:500\">required</span><span> </span><span style=\"color:#c0e2a3;font-weight:500\">for</span><span> </span><span style=\"color:#c0e2a3;font-weight:500\">authorization</span><span> </span><span style=\"color:#c0e2a3;font-weight:500\">revocation</span><span> </span><span style=\"color:#c0e2a3;font-weight:500\">topic</span><span>\n</span></span><span style=\"padding-right:2rem\"><span class=\"comment linenumber react-syntax-highlighter-line-number\" style=\"display:inline-block;min-width:2.25em;padding-right:16px;text-align:right;user-select:none;margin-left:16px;background-color:#252f3f;color:#8B9394\">14</span><span>        </span><span style=\"color:#7edcda\">scopes:</span><span>\n</span></span><span style=\"padding-right:2rem\"><span class=\"comment linenumber react-syntax-highlighter-line-number\" style=\"display:inline-block;min-width:2.25em;padding-right:16px;text-align:right;user-select:none;margin-left:16px;background-color:#252f3f;color:#8B9394\">15</span><span>          </span><span style=\"color:#64a0dc\">-</span><span> </span><span style=\"color:#c0e2a3;font-weight:500\">'subscribe:auth_revocations'</span></span></code>",
        "language": "unknown",
        "context": ""
      },
      {
        "id": "code_1",
        "content": "1operations:\n2  sendAuthRevoke:\n3    action: send\n4    channel:\n5      $ref: '#/channels/authRevoke'\n6    security:\n7      - $ref: '#/components/securitySchemes/oauth'\n8\n9components:\n10  securitySchemes:\n11    oauth:\n12       type: oauth2\n13        description: The oauth security descriptions\n14        flows:\n15          clientCredentials:\n16            tokenUrl: 'https://example.com/api/oauth/dialog'\n17            availableScopes:\n18              'subscribe:auth_revocations': Scope required for authorization revocation topic\n19        scopes:\n20          - 'subscribe:auth_revocations'",
        "rawHtml": "<code class=\"mr-8\" style=\"white-space:pre\"><span style=\"padding-right:2rem\"><span class=\"comment linenumber react-syntax-highlighter-line-number\" style=\"display:inline-block;min-width:2.25em;padding-right:16px;text-align:right;user-select:none;margin-left:16px;background-color:#252f3f;color:#8B9394\">1</span><span style=\"color:#7edcda\">operations:</span><span>\n</span></span><span style=\"padding-right:2rem\"><span class=\"comment linenumber react-syntax-highlighter-line-number\" style=\"display:inline-block;min-width:2.25em;padding-right:16px;text-align:right;user-select:none;margin-left:16px;background-color:#252f3f;color:#8B9394\">2</span><span>  </span><span style=\"color:#7edcda\">sendAuthRevoke:</span><span>\n</span></span><span style=\"padding-right:2rem\"><span class=\"comment linenumber react-syntax-highlighter-line-number\" style=\"display:inline-block;min-width:2.25em;padding-right:16px;text-align:right;user-select:none;margin-left:16px;background-color:#252f3f;color:#8B9394\">3</span><span>    </span><span style=\"color:#7edcda\">action:</span><span> </span><span style=\"color:#c0e2a3;font-weight:500\">send</span><span>\n</span></span><span style=\"padding-right:2rem\"><span class=\"comment linenumber react-syntax-highlighter-line-number\" style=\"display:inline-block;min-width:2.25em;padding-right:16px;text-align:right;user-select:none;margin-left:16px;background-color:#252f3f;color:#8B9394\">4</span><span>    </span><span style=\"color:#7edcda\">channel:</span><span>\n</span></span><span style=\"padding-right:2rem\"><span class=\"comment linenumber react-syntax-highlighter-line-number\" style=\"display:inline-block;min-width:2.25em;padding-right:16px;text-align:right;user-select:none;margin-left:16px;background-color:#252f3f;color:#8B9394\">5</span><span>      </span><span style=\"color:#c0e2a3;font-weight:500\">$ref:</span><span> </span><span style=\"color:#c0e2a3;font-weight:500\">'#/channels/authRevoke'</span><span>\n</span></span><span style=\"padding-right:2rem\"><span class=\"comment linenumber react-syntax-highlighter-line-number\" style=\"display:inline-block;min-width:2.25em;padding-right:16px;text-align:right;user-select:none;margin-left:16px;background-color:#252f3f;color:#8B9394\">6</span><span>    </span><span style=\"color:#7edcda\">security:</span><span>\n</span></span><span style=\"padding-right:2rem\"><span class=\"comment linenumber react-syntax-highlighter-line-number\" style=\"display:inline-block;min-width:2.25em;padding-right:16px;text-align:right;user-select:none;margin-left:16px;background-color:#252f3f;color:#8B9394\">7</span><span>      </span><span style=\"color:#64a0dc\">-</span><span> </span><span style=\"color:#c0e2a3;font-weight:500\">$ref:</span><span> </span><span style=\"color:#c0e2a3;font-weight:500\">'#/components/securitySchemes/oauth'</span><span>\n</span></span><span style=\"padding-right:2rem\"><span class=\"comment linenumber react-syntax-highlighter-line-number\" style=\"display:inline-block;min-width:2.25em;padding-right:16px;text-align:right;user-select:none;margin-left:16px;background-color:#252f3f;color:#8B9394\">8</span>\n</span><span style=\"padding-right:2rem\"><span class=\"comment linenumber react-syntax-highlighter-line-number\" style=\"display:inline-block;min-width:2.25em;padding-right:16px;text-align:right;user-select:none;margin-left:16px;background-color:#252f3f;color:#8B9394\">9</span><span></span><span style=\"color:#7edcda\">components:</span><span>\n</span></span><span style=\"padding-right:2rem\"><span class=\"comment linenumber react-syntax-highlighter-line-number\" style=\"display:inline-block;min-width:2.25em;padding-right:16px;text-align:right;user-select:none;margin-left:16px;background-color:#252f3f;color:#8B9394\">10</span><span>  </span><span style=\"color:#7edcda\">securitySchemes:</span><span>\n</span></span><span style=\"padding-right:2rem\"><span class=\"comment linenumber react-syntax-highlighter-line-number\" style=\"display:inline-block;min-width:2.25em;padding-right:16px;text-align:right;user-select:none;margin-left:16px;background-color:#252f3f;color:#8B9394\">11</span><span>    </span><span style=\"color:#7edcda\">oauth:</span><span>\n</span></span><span style=\"padding-right:2rem\"><span class=\"comment linenumber react-syntax-highlighter-line-number\" style=\"display:inline-block;min-width:2.25em;padding-right:16px;text-align:right;user-select:none;margin-left:16px;background-color:#252f3f;color:#8B9394\">12</span><span>       </span><span style=\"color:#7edcda\">type:</span><span> </span><span style=\"color:#c0e2a3;font-weight:500\">oauth2</span><span>\n</span></span><span style=\"padding-right:2rem\"><span class=\"comment linenumber react-syntax-highlighter-line-number\" style=\"display:inline-block;min-width:2.25em;padding-right:16px;text-align:right;user-select:none;margin-left:16px;background-color:#252f3f;color:#8B9394\">13</span><span>        </span><span style=\"color:#7edcda\">description:</span><span> </span><span style=\"color:#c0e2a3;font-weight:500\">The</span><span> </span><span style=\"color:#c0e2a3;font-weight:500\">oauth</span><span> </span><span style=\"color:#c0e2a3;font-weight:500\">security</span><span> </span><span style=\"color:#c0e2a3;font-weight:500\">descriptions</span><span>\n</span></span><span style=\"padding-right:2rem\"><span class=\"comment linenumber react-syntax-highlighter-line-number\" style=\"display:inline-block;min-width:2.25em;padding-right:16px;text-align:right;user-select:none;margin-left:16px;background-color:#252f3f;color:#8B9394\">14</span><span>        </span><span style=\"color:#7edcda\">flows:</span><span>\n</span></span><span style=\"padding-right:2rem\"><span class=\"comment linenumber react-syntax-highlighter-line-number\" style=\"display:inline-block;min-width:2.25em;padding-right:16px;text-align:right;user-select:none;margin-left:16px;background-color:#252f3f;color:#8B9394\">15</span><span>          </span><span style=\"color:#7edcda\">clientCredentials:</span><span>\n</span></span><span style=\"padding-right:2rem\"><span class=\"comment linenumber react-syntax-highlighter-line-number\" style=\"display:inline-block;min-width:2.25em;padding-right:16px;text-align:right;user-select:none;margin-left:16px;background-color:#252f3f;color:#8B9394\">16</span><span>            </span><span style=\"color:#7edcda\">tokenUrl:</span><span> </span><span style=\"color:#c0e2a3;font-weight:500\">'https://example.com/api/oauth/dialog'</span><span>\n</span></span><span style=\"padding-right:2rem\"><span class=\"comment linenumber react-syntax-highlighter-line-number\" style=\"display:inline-block;min-width:2.25em;padding-right:16px;text-align:right;user-select:none;margin-left:16px;background-color:#252f3f;color:#8B9394\">17</span><span>            </span><span style=\"color:#7edcda\">availableScopes:</span><span>\n</span></span><span style=\"padding-right:2rem\"><span class=\"comment linenumber react-syntax-highlighter-line-number\" style=\"display:inline-block;min-width:2.25em;padding-right:16px;text-align:right;user-select:none;margin-left:16px;background-color:#252f3f;color:#8B9394\">18</span><span>              </span><span style=\"color:#7edcda\">'subscribe:auth_revocations':</span><span> </span><span style=\"color:#c0e2a3;font-weight:500\">Scope</span><span> </span><span style=\"color:#c0e2a3;font-weight:500\">required</span><span> </span><span style=\"color:#c0e2a3;font-weight:500\">for</span><span> </span><span style=\"color:#c0e2a3;font-weight:500\">authorization</span><span> </span><span style=\"color:#c0e2a3;font-weight:500\">revocation</span><span> </span><span style=\"color:#c0e2a3;font-weight:500\">topic</span><span>\n</span></span><span style=\"padding-right:2rem\"><span class=\"comment linenumber react-syntax-highlighter-line-number\" style=\"display:inline-block;min-width:2.25em;padding-right:16px;text-align:right;user-select:none;margin-left:16px;background-color:#252f3f;color:#8B9394\">19</span><span>        </span><span style=\"color:#7edcda\">scopes:</span><span>\n</span></span><span style=\"padding-right:2rem\"><span class=\"comment linenumber react-syntax-highlighter-line-number\" style=\"display:inline-block;min-width:2.25em;padding-right:16px;text-align:right;user-select:none;margin-left:16px;background-color:#252f3f;color:#8B9394\">20</span><span>          </span><span style=\"color:#64a0dc\">-</span><span> </span><span style=\"color:#c0e2a3;font-weight:500\">'subscribe:auth_revocations'</span></span></code>",
        "language": "unknown",
        "context": ""
      }
    ],
    "tables": [],
    "highlights": [
      {
        "id": "highlight_0",
        "content": "security",
        "context": "To accommodate such scenarios, the AsyncAPI document allows you to use the security field at the operation level. You can have multiple security schemes, but only one must be satisfied to authorize such an operation."
      },
      {
        "id": "highlight_1",
        "content": "operation",
        "context": "To accommodate such scenarios, the AsyncAPI document allows you to use the security field at the operation level. You can have multiple security schemes, but only one must be satisfied to authorize such an operation."
      },
      {
        "id": "highlight_2",
        "content": "components.securitySchemes",
        "context": "Security information for an operation is defined using a Security Scheme at the operation level. You can reference a scheme from another location, such as components.securitySchemes, using the $ref keyword."
      },
      {
        "id": "highlight_3",
        "content": "$ref",
        "context": "Security information for an operation is defined using a Security Scheme at the operation level. You can reference a scheme from another location, such as components.securitySchemes, using the $ref keyword."
      },
      {
        "id": "highlight_4",
        "content": "sendAuthRevoke",
        "context": "The previous example, featuring the sendAuthRevoke operation in an AsyncAPI document, demonstrates the capabilities of a client application with an existing notification service. If a server has its own security requirements, this operation must also comply with those."
      },
      {
        "id": "highlight_5",
        "content": "securitySchemes",
        "context": "securitySchemes section"
      },
      {
        "id": "highlight_6",
        "content": "components.securitySchemes",
        "context": "To reuse security schemes between operations, place them in components.securitySchemes and reference them via the $ref keyword in your operation:"
      },
      {
        "id": "highlight_7",
        "content": "$ref",
        "context": "To reuse security schemes between operations, place them in components.securitySchemes and reference them via the $ref keyword in your operation:"
      }
    ]
  }
}