{
  "metadata": {
    "url": "https://www.asyncapi.com/docs/concepts/channel",
    "timestamp": "2025-03-12T17:43:46.834Z",
    "source": "asyncapi_docs"
  },
  "content": {
    "title": "What is a channel?",
    "hierarchy": {
      "sections": {
        "What is a channel?": {
          "level": 1,
          "content": "A channel is a mechanism created by the server that facilitates the organization and transmission of messages. Depending on the used protocol, users can define channels as a topic, queue, routing key, path, or subject."
        },
        "Why do we need channels?": {
          "level": 1,
          "content": "Channels are pivotal for establishing communication between producers and consumers. They enable producers to send messages, while consumers receive messages from specific channels. The primary function of a channel is to ensure that the intended messages reach the appropriate consumers.#mermaid-0{font-family:Inter,sans-serif;font-size:18px;fill:#242929;}#mermaid-0 .error-icon{fill:#F7F9FA;}#mermaid-0 .error-text{fill:#080605;stroke:#080605;}#mermaid-0 .edge-thickness-normal{stroke-width:2px;}#mermaid-0 .edge-thickness-thick{stroke-width:3.5px;}#mermaid-0 .edge-pattern-solid{stroke-dasharray:0;}#mermaid-0 .edge-pattern-dashed{stroke-dasharray:3;}#mermaid-0 .edge-pattern-dotted{stroke-dasharray:2;}#mermaid-0 .marker{fill:#0b0b0b;stroke:#0b0b0b;}#mermaid-0 .marker.cross{stroke:#0b0b0b;}#mermaid-0 svg{font-family:Inter,sans-serif;font-size:18px;}#mermaid-0 .label{font-family:Inter,sans-serif;color:#242929;}#mermaid-0 .cluster-label text{fill:#080605;}#mermaid-0 .cluster-label span{color:#080605;}#mermaid-0 .label text,#mermaid-0 span{fill:#242929;color:#242929;}#mermaid-0 .node rect,#mermaid-0 .node circle,#mermaid-0 .node ellipse,#mermaid-0 .node polygon,#mermaid-0 .node path{fill:#EDFAFF;stroke:#47BCEE;stroke-width:1px;}#mermaid-0 .node .label{text-align:center;}#mermaid-0 .node.clickable{cursor:pointer;}#mermaid-0 .arrowheadPath{fill:undefined;}#mermaid-0 .edgePath .path{stroke:#0b0b0b;stroke-width:2.0px;}#mermaid-0 .flowchart-link{stroke:#0b0b0b;fill:none;}#mermaid-0 .edgeLabel{background-color:#F4EFFC;text-align:center;}#mermaid-0 .edgeLabel rect{opacity:0.5;background-color:#F4EFFC;fill:#F4EFFC;}#mermaid-0 .cluster rect{fill:#F7F9FA;stroke:#BFC6C7;stroke-width:1px;}#mermaid-0 .cluster text{fill:#080605;}#mermaid-0 .cluster span{color:#080605;}#mermaid-0 div.mermaidTooltip{position:absolute;text-align:center;max-width:200px;padding:2px;font-family:Inter,sans-serif;font-size:12px;background:#F7F9FA;border:1px solid undefined;border-radius:2px;pointer-events:none;z-index:100;}#mermaid-0 .flowchartTitleText{text-anchor:middle;font-size:18px;fill:#242929;}#mermaid-0 :root{--mermaid-font-family:\"trebuchet ms\",verdana,arial,sans-serif;}ProducermessageChannelConsumerConsumerConsumerThe diagram above illustrates the communication process between a producer and a consumer. The producer sends a message through the channel, which then queues the message for delivery to the specific consumer.\nThe diagram above illustrates the communication process between a producer and multiple consumers. The producer sends a message through the channel, which then queues the message for delivery to the appropriate consumers."
        }
      },
      "navigation": [
        {
          "text": "Welcome",
          "href": "https://www.asyncapi.com/docs",
          "subItems": []
        },
        {
          "text": "Concepts",
          "href": "https://www.asyncapi.com/docs/concepts",
          "subItems": [
            {
              "text": "Overview",
              "href": "https://www.asyncapi.com/docs/concepts"
            },
            {
              "text": "Server",
              "href": "https://www.asyncapi.com/docs/concepts/server"
            },
            {
              "text": "Producer",
              "href": "https://www.asyncapi.com/docs/concepts/producer"
            },
            {
              "text": "Consumer",
              "href": "https://www.asyncapi.com/docs/concepts/consumer"
            },
            {
              "text": "Channel",
              "href": "https://www.asyncapi.com/docs/concepts/channel"
            },
            {
              "text": "Application",
              "href": "https://www.asyncapi.com/docs/concepts/application"
            },
            {
              "text": "Protocol",
              "href": "https://www.asyncapi.com/docs/concepts/protocol"
            },
            {
              "text": "Message",
              "href": "https://www.asyncapi.com/docs/concepts/message"
            },
            {
              "text": "AsyncAPI Document",
              "href": "https://www.asyncapi.com/docs/concepts/asyncapi-document"
            }
          ]
        },
        {
          "text": "Tutorials",
          "href": "https://www.asyncapi.com/docs/tutorials",
          "subItems": []
        },
        {
          "text": "Tools",
          "href": "https://www.asyncapi.com/docs/tools",
          "subItems": []
        },
        {
          "text": "Guides",
          "href": "https://www.asyncapi.com/docs/guides",
          "subItems": []
        },
        {
          "text": "Reference",
          "href": "https://www.asyncapi.com/docs/reference",
          "subItems": []
        },
        {
          "text": "Migrations",
          "href": "https://www.asyncapi.com/docs/migration",
          "subItems": []
        },
        {
          "text": "Community",
          "href": "https://www.asyncapi.com/docs/community",
          "subItems": []
        }
      ]
    },
    "full_text": "What is a channel?\nA channel is a mechanism created by the server that facilitates the organization and transmission of messages. Depending on the used protocol, users can define channels as a topic, queue, routing key, path, or subject.\nWhy do we need channels?\nChannels are pivotal for establishing communication between producers and consumers. They enable producers to send messages, while consumers receive messages from specific channels. The primary function of a channel is to ensure that the intended messages reach the appropriate consumers.\n#mermaid-0{font-family:Inter,sans-serif;font-size:18px;fill:#242929;}#mermaid-0 .error-icon{fill:#F7F9FA;}#mermaid-0 .error-text{fill:#080605;stroke:#080605;}#mermaid-0 .edge-thickness-normal{stroke-width:2px;}#mermaid-0 .edge-thickness-thick{stroke-width:3.5px;}#mermaid-0 .edge-pattern-solid{stroke-dasharray:0;}#mermaid-0 .edge-pattern-dashed{stroke-dasharray:3;}#mermaid-0 .edge-pattern-dotted{stroke-dasharray:2;}#mermaid-0 .marker{fill:#0b0b0b;stroke:#0b0b0b;}#mermaid-0 .marker.cross{stroke:#0b0b0b;}#mermaid-0 svg{font-family:Inter,sans-serif;font-size:18px;}#mermaid-0 .label{font-family:Inter,sans-serif;color:#242929;}#mermaid-0 .cluster-label text{fill:#080605;}#mermaid-0 .cluster-label span{color:#080605;}#mermaid-0 .label text,#mermaid-0 span{fill:#242929;color:#242929;}#mermaid-0 .node rect,#mermaid-0 .node circle,#mermaid-0 .node ellipse,#mermaid-0 .node polygon,#mermaid-0 .node path{fill:#EDFAFF;stroke:#47BCEE;stroke-width:1px;}#mermaid-0 .node .label{text-align:center;}#mermaid-0 .node.clickable{cursor:pointer;}#mermaid-0 .arrowheadPath{fill:undefined;}#mermaid-0 .edgePath .path{stroke:#0b0b0b;stroke-width:2.0px;}#mermaid-0 .flowchart-link{stroke:#0b0b0b;fill:none;}#mermaid-0 .edgeLabel{background-color:#F4EFFC;text-align:center;}#mermaid-0 .edgeLabel rect{opacity:0.5;background-color:#F4EFFC;fill:#F4EFFC;}#mermaid-0 .cluster rect{fill:#F7F9FA;stroke:#BFC6C7;stroke-width:1px;}#mermaid-0 .cluster text{fill:#080605;}#mermaid-0 .cluster span{color:#080605;}#mermaid-0 div.mermaidTooltip{position:absolute;text-align:center;max-width:200px;padding:2px;font-family:Inter,sans-serif;font-size:12px;background:#F7F9FA;border:1px solid undefined;border-radius:2px;pointer-events:none;z-index:100;}#mermaid-0 .flowchartTitleText{text-anchor:middle;font-size:18px;fill:#242929;}#mermaid-0 :root{--mermaid-font-family:\"trebuchet ms\",verdana,arial,sans-serif;}ProducermessageChannelConsumerConsumerConsumer\nThe diagram above illustrates the communication process between a producer and a consumer. The producer sends a message through the channel, which then queues the message for delivery to the specific consumer.\nThe diagram above illustrates the communication process between a producer and multiple consumers. The producer sends a message through the channel, which then queues the message for delivery to the appropriate consumers.",
    "sections": [
      {
        "title": "What is a channel?",
        "level": 1,
        "text": "A channel is a mechanism created by the server that facilitates the organization and transmission of messages. Depending on the used protocol, users can define channels as a topic, queue, routing key, path, or subject."
      },
      {
        "title": "Why do we need channels?",
        "level": 1,
        "text": "Channels are pivotal for establishing communication between producers and consumers. They enable producers to send messages, while consumers receive messages from specific channels. The primary function of a channel is to ensure that the intended messages reach the appropriate consumers.#mermaid-0{font-family:Inter,sans-serif;font-size:18px;fill:#242929;}#mermaid-0 .error-icon{fill:#F7F9FA;}#mermaid-0 .error-text{fill:#080605;stroke:#080605;}#mermaid-0 .edge-thickness-normal{stroke-width:2px;}#mermaid-0 .edge-thickness-thick{stroke-width:3.5px;}#mermaid-0 .edge-pattern-solid{stroke-dasharray:0;}#mermaid-0 .edge-pattern-dashed{stroke-dasharray:3;}#mermaid-0 .edge-pattern-dotted{stroke-dasharray:2;}#mermaid-0 .marker{fill:#0b0b0b;stroke:#0b0b0b;}#mermaid-0 .marker.cross{stroke:#0b0b0b;}#mermaid-0 svg{font-family:Inter,sans-serif;font-size:18px;}#mermaid-0 .label{font-family:Inter,sans-serif;color:#242929;}#mermaid-0 .cluster-label text{fill:#080605;}#mermaid-0 .cluster-label span{color:#080605;}#mermaid-0 .label text,#mermaid-0 span{fill:#242929;color:#242929;}#mermaid-0 .node rect,#mermaid-0 .node circle,#mermaid-0 .node ellipse,#mermaid-0 .node polygon,#mermaid-0 .node path{fill:#EDFAFF;stroke:#47BCEE;stroke-width:1px;}#mermaid-0 .node .label{text-align:center;}#mermaid-0 .node.clickable{cursor:pointer;}#mermaid-0 .arrowheadPath{fill:undefined;}#mermaid-0 .edgePath .path{stroke:#0b0b0b;stroke-width:2.0px;}#mermaid-0 .flowchart-link{stroke:#0b0b0b;fill:none;}#mermaid-0 .edgeLabel{background-color:#F4EFFC;text-align:center;}#mermaid-0 .edgeLabel rect{opacity:0.5;background-color:#F4EFFC;fill:#F4EFFC;}#mermaid-0 .cluster rect{fill:#F7F9FA;stroke:#BFC6C7;stroke-width:1px;}#mermaid-0 .cluster text{fill:#080605;}#mermaid-0 .cluster span{color:#080605;}#mermaid-0 div.mermaidTooltip{position:absolute;text-align:center;max-width:200px;padding:2px;font-family:Inter,sans-serif;font-size:12px;background:#F7F9FA;border:1px solid undefined;border-radius:2px;pointer-events:none;z-index:100;}#mermaid-0 .flowchartTitleText{text-anchor:middle;font-size:18px;fill:#242929;}#mermaid-0 :root{--mermaid-font-family:\"trebuchet ms\",verdana,arial,sans-serif;}ProducermessageChannelConsumerConsumerConsumerThe diagram above illustrates the communication process between a producer and a consumer. The producer sends a message through the channel, which then queues the message for delivery to the specific consumer.\nThe diagram above illustrates the communication process between a producer and multiple consumers. The producer sends a message through the channel, which then queues the message for delivery to the appropriate consumers."
      }
    ],
    "svgs": [
      {
        "id": "svg_0",
        "content": "<svg id=\"mermaid-0\" width=\"100%\" xmlns=\"http://www.w3.org/2000/svg\" style=\"max-width: 538.6875px;\" viewBox=\"-8 -8 538.6875 242\" aria-roledescription=\"flowchart-v2\"><style>#mermaid-0{font-family:Inter,sans-serif;font-size:18px;fill:#242929;}#mermaid-0 .error-icon{fill:#F7F9FA;}#mermaid-0 .error-text{fill:#080605;stroke:#080605;}#mermaid-0 .edge-thickness-normal{stroke-width:2px;}#mermaid-0 .edge-thickness-thick{stroke-width:3.5px;}#mermaid-0 .edge-pattern-solid{stroke-dasharray:0;}#mermaid-0 .edge-pattern-dashed{stroke-dasharray:3;}#mermaid-0 .edge-pattern-dotted{stroke-dasharray:2;}#mermaid-0 .marker{fill:#0b0b0b;stroke:#0b0b0b;}#mermaid-0 .marker.cross{stroke:#0b0b0b;}#mermaid-0 svg{font-family:Inter,sans-serif;font-size:18px;}#mermaid-0 .label{font-family:Inter,sans-serif;color:#242929;}#mermaid-0 .cluster-label text{fill:#080605;}#mermaid-0 .cluster-label span{color:#080605;}#mermaid-0 .label text,#mermaid-0 span{fill:#242929;color:#242929;}#mermaid-0 .node rect,#mermaid-0 .node circle,#mermaid-0 .node ellipse,#mermaid-0 .node polygon,#mermaid-0 .node path{fill:#EDFAFF;stroke:#47BCEE;stroke-width:1px;}#mermaid-0 .node .label{text-align:center;}#mermaid-0 .node.clickable{cursor:pointer;}#mermaid-0 .arrowheadPath{fill:undefined;}#mermaid-0 .edgePath .path{stroke:#0b0b0b;stroke-width:2.0px;}#mermaid-0 .flowchart-link{stroke:#0b0b0b;fill:none;}#mermaid-0 .edgeLabel{background-color:#F4EFFC;text-align:center;}#mermaid-0 .edgeLabel rect{opacity:0.5;background-color:#F4EFFC;fill:#F4EFFC;}#mermaid-0 .cluster rect{fill:#F7F9FA;stroke:#BFC6C7;stroke-width:1px;}#mermaid-0 .cluster text{fill:#080605;}#mermaid-0 .cluster span{color:#080605;}#mermaid-0 div.mermaidTooltip{position:absolute;text-align:center;max-width:200px;padding:2px;font-family:Inter,sans-serif;font-size:12px;background:#F7F9FA;border:1px solid undefined;border-radius:2px;pointer-events:none;z-index:100;}#mermaid-0 .flowchartTitleText{text-anchor:middle;font-size:18px;fill:#242929;}#mermaid-0 :root{--mermaid-font-family:\"trebuchet ms\",verdana,arial,sans-serif;}</style><g><marker id=\"flowchart-pointEnd\" class=\"marker flowchart\" viewBox=\"0 0 10 10\" refX=\"10\" refY=\"5\" markerUnits=\"userSpaceOnUse\" markerWidth=\"12\" markerHeight=\"12\" orient=\"auto\"><path d=\"M 0 0 L 10 5 L 0 10 z\" class=\"arrowMarkerPath\" style=\"stroke-width: 1; stroke-dasharray: 1, 0;\"></path></marker><marker id=\"flowchart-pointStart\" class=\"marker flowchart\" viewBox=\"0 0 10 10\" refX=\"0\" refY=\"5\" markerUnits=\"userSpaceOnUse\" markerWidth=\"12\" markerHeight=\"12\" orient=\"auto\"><path d=\"M 0 5 L 10 10 L 10 0 z\" class=\"arrowMarkerPath\" style=\"stroke-width: 1; stroke-dasharray: 1, 0;\"></path></marker><marker id=\"flowchart-circleEnd\" class=\"marker flowchart\" viewBox=\"0 0 10 10\" refX=\"11\" refY=\"5\" markerUnits=\"userSpaceOnUse\" markerWidth=\"11\" markerHeight=\"11\" orient=\"auto\"><circle cx=\"5\" cy=\"5\" r=\"5\" class=\"arrowMarkerPath\" style=\"stroke-width: 1; stroke-dasharray: 1, 0;\"></circle></marker><marker id=\"flowchart-circleStart\" class=\"marker flowchart\" viewBox=\"0 0 10 10\" refX=\"-1\" refY=\"5\" markerUnits=\"userSpaceOnUse\" markerWidth=\"11\" markerHeight=\"11\" orient=\"auto\"><circle cx=\"5\" cy=\"5\" r=\"5\" class=\"arrowMarkerPath\" style=\"stroke-width: 1; stroke-dasharray: 1, 0;\"></circle></marker><marker id=\"flowchart-crossEnd\" class=\"marker cross flowchart\" viewBox=\"0 0 11 11\" refX=\"12\" refY=\"5.2\" markerUnits=\"userSpaceOnUse\" markerWidth=\"11\" markerHeight=\"11\" orient=\"auto\"><path d=\"M 1,1 l 9,9 M 10,1 l -9,9\" class=\"arrowMarkerPath\" style=\"stroke-width: 2; stroke-dasharray: 1, 0;\"></path></marker><marker id=\"flowchart-crossStart\" class=\"marker cross flowchart\" viewBox=\"0 0 11 11\" refX=\"-1\" refY=\"5.2\" markerUnits=\"userSpaceOnUse\" markerWidth=\"11\" markerHeight=\"11\" orient=\"auto\"><path d=\"M 1,1 l 9,9 M 10,1 l -9,9\" class=\"arrowMarkerPath\" style=\"stroke-width: 2; stroke-dasharray: 1, 0;\"></path></marker><g class=\"root\"><g class=\"clusters\"></g><g class=\"edgePaths\"><path d=\"M92.992,113L97.159,113C101.326,113,109.659,113,117.992,113C126.326,113,134.659,113,138.826,113L142.992,113\" id=\"L-A-B-0\" class=\" edge-thickness-normal edge-pattern-solid flowchart-link LS-A LE-B\" style=\"fill:none;\" marker-end=\"url(#flowchart-pointEnd)\"></path><path d=\"M234.898,113L239.065,113C243.232,113,251.565,113,259.898,113C268.232,113,276.565,113,280.732,113L284.898,113\" id=\"L-B-C-0\" class=\" edge-thickness-normal edge-pattern-solid flowchart-link LS-B LE-C\" style=\"fill:none;\" marker-end=\"url(#flowchart-pointEnd)\"></path><path d=\"M342.82,92L351.504,80.167C360.188,68.333,377.555,44.667,390.405,32.833C403.255,21,411.589,21,415.755,21L419.922,21\" id=\"L-C-D-0\" class=\" edge-thickness-normal edge-pattern-solid flowchart-link LS-C LE-D\" style=\"fill:none;\" marker-end=\"url(#flowchart-pointEnd)\"></path><path d=\"M369.922,113L374.089,113C378.255,113,386.589,113,394.922,113C403.255,113,411.589,113,415.755,113L419.922,113\" id=\"L-C-E-0\" class=\" edge-thickness-normal edge-pattern-solid flowchart-link LS-C LE-E\" style=\"fill:none;\" marker-end=\"url(#flowchart-pointEnd)\"></path><path d=\"M342.82,134L351.504,145.833C360.188,157.667,377.555,181.333,390.405,193.167C403.255,205,411.589,205,415.755,205L419.922,205\" id=\"L-C-F-0\" class=\" edge-thickness-normal edge-pattern-solid flowchart-link LS-C LE-F\" style=\"fill:none;\" marker-end=\"url(#flowchart-pointEnd)\"></path></g><g class=\"edgeLabels\"><g class=\"edgeLabel\"><g class=\"label\" transform=\"translate(0, 0)\"><foreignObject width=\"0\" height=\"0\"><div xmlns=\"http://www.w3.org/1999/xhtml\" style=\"display: inline-block; white-space: nowrap;\"><span class=\"edgeLabel\"></span></div></foreignObject></g></g><g class=\"edgeLabel\"><g class=\"label\" transform=\"translate(0, 0)\"><foreignObject width=\"0\" height=\"0\"><div xmlns=\"http://www.w3.org/1999/xhtml\" style=\"display: inline-block; white-space: nowrap;\"><span class=\"edgeLabel\"></span></div></foreignObject></g></g><g class=\"edgeLabel\"><g class=\"label\" transform=\"translate(0, 0)\"><foreignObject width=\"0\" height=\"0\"><div xmlns=\"http://www.w3.org/1999/xhtml\" style=\"display: inline-block; white-space: nowrap;\"><span class=\"edgeLabel\"></span></div></foreignObject></g></g><g class=\"edgeLabel\"><g class=\"label\" transform=\"translate(0, 0)\"><foreignObject width=\"0\" height=\"0\"><div xmlns=\"http://www.w3.org/1999/xhtml\" style=\"display: inline-block; white-space: nowrap;\"><span class=\"edgeLabel\"></span></div></foreignObject></g></g><g class=\"edgeLabel\"><g class=\"label\" transform=\"translate(0, 0)\"><foreignObject width=\"0\" height=\"0\"><div xmlns=\"http://www.w3.org/1999/xhtml\" style=\"display: inline-block; white-space: nowrap;\"><span class=\"edgeLabel\"></span></div></foreignObject></g></g></g><g class=\"nodes\"><g class=\"node default default\" id=\"flowchart-A-20\" transform=\"translate(46.49609375, 113)\"><rect class=\"basic label-container\" style=\"\" rx=\"0\" ry=\"0\" x=\"-46.49609375\" y=\"-21\" width=\"92.9921875\" height=\"42\"></rect><g class=\"label\" style=\"\" transform=\"translate(-38.99609375, -13.5)\"><foreignObject width=\"77.9921875\" height=\"27\"><div xmlns=\"http://www.w3.org/1999/xhtml\" style=\"display: inline-block; white-space: nowrap;\"><span class=\"nodeLabel\">Producer</span></div></foreignObject></g></g><g class=\"node default default\" id=\"flowchart-B-21\" transform=\"translate(188.9453125, 113)\"><rect class=\"basic label-container\" style=\"\" rx=\"5\" ry=\"5\" x=\"-45.953125\" y=\"-21\" width=\"91.90625\" height=\"42\"></rect><g class=\"label\" style=\"\" transform=\"translate(-38.453125, -13.5)\"><foreignObject width=\"76.90625\" height=\"27\"><div xmlns=\"http://www.w3.org/1999/xhtml\" style=\"display: inline-block; white-space: nowrap;\"><span class=\"nodeLabel\">message</span></div></foreignObject></g></g><g class=\"node default default\" id=\"flowchart-C-23\" transform=\"translate(327.41015625, 113)\"><rect class=\"basic label-container\" style=\"\" rx=\"5\" ry=\"5\" x=\"-42.51171875\" y=\"-21\" width=\"85.0234375\" height=\"42\"></rect><g class=\"label\" style=\"\" transform=\"translate(-35.01171875, -13.5)\"><foreignObject width=\"70.0234375\" height=\"27\"><div xmlns=\"http://www.w3.org/1999/xhtml\" style=\"display: inline-block; white-space: nowrap;\"><span class=\"nodeLabel\">Channel</span></div></foreignObject></g></g><g class=\"node default default\" id=\"flowchart-D-25\" transform=\"translate(471.3046875, 21)\"><rect class=\"basic label-container\" style=\"\" rx=\"0\" ry=\"0\" x=\"-51.3828125\" y=\"-21\" width=\"102.765625\" height=\"42\"></rect><g class=\"label\" style=\"\" transform=\"translate(-43.8828125, -13.5)\"><foreignObject width=\"87.765625\" height=\"27\"><div xmlns=\"http://www.w3.org/1999/xhtml\" style=\"display: inline-block; white-space: nowrap;\"><span class=\"nodeLabel\">Consumer</span></div></foreignObject></g></g><g class=\"node default default\" id=\"flowchart-E-27\" transform=\"translate(471.3046875, 113)\"><rect class=\"basic label-container\" style=\"\" rx=\"0\" ry=\"0\" x=\"-51.3828125\" y=\"-21\" width=\"102.765625\" height=\"42\"></rect><g class=\"label\" style=\"\" transform=\"translate(-43.8828125, -13.5)\"><foreignObject width=\"87.765625\" height=\"27\"><div xmlns=\"http://www.w3.org/1999/xhtml\" style=\"display: inline-block; white-space: nowrap;\"><span class=\"nodeLabel\">Consumer</span></div></foreignObject></g></g><g class=\"node default default\" id=\"flowchart-F-29\" transform=\"translate(471.3046875, 205)\"><rect class=\"basic label-container\" style=\"\" rx=\"0\" ry=\"0\" x=\"-51.3828125\" y=\"-21\" width=\"102.765625\" height=\"42\"></rect><g class=\"label\" style=\"\" transform=\"translate(-43.8828125, -13.5)\"><foreignObject width=\"87.765625\" height=\"27\"><div xmlns=\"http://www.w3.org/1999/xhtml\" style=\"display: inline-block; white-space: nowrap;\"><span class=\"nodeLabel\">Consumer</span></div></foreignObject></g></g></g></g></g></svg>",
        "context": "#mermaid-0{font-family:Inter,sans-serif;font-size:18px;fill:#242929;}#mermaid-0 .error-icon{fill:#F7F9FA;}#mermaid-0 .error-text{fill:#080605;stroke:#080605;}#mermaid-0 .edge-thickness-normal{stroke-width:2px;}#mermaid-0 .edge-thickness-thick{stroke-width:3.5px;}#mermaid-0 .edge-pattern-solid{stroke-dasharray:0;}#mermaid-0 .edge-pattern-dashed{stroke-dasharray:3;}#mermaid-0 .edge-pattern-dotted{stroke-dasharray:2;}#mermaid-0 .marker{fill:#0b0b0b;stroke:#0b0b0b;}#mermaid-0 .marker.cross{stroke:#0b0b0b;}#mermaid-0 svg{font-family:Inter,sans-serif;font-size:18px;}#mermaid-0 .label{font-family:Inter,sans-serif;color:#242929;}#mermaid-0 .cluster-label text{fill:#080605;}#mermaid-0 .cluster-label span{color:#080605;}#mermaid-0 .label text,#mermaid-0 span{fill:#242929;color:#242929;}#mermaid-0 .node rect,#mermaid-0 .node circle,#mermaid-0 .node ellipse,#mermaid-0 .node polygon,#mermaid-0 .node path{fill:#EDFAFF;stroke:#47BCEE;stroke-width:1px;}#mermaid-0 .node .label{text-align:center;}#mermaid-0 .node.clickable{cursor:pointer;}#mermaid-0 .arrowheadPath{fill:undefined;}#mermaid-0 .edgePath .path{stroke:#0b0b0b;stroke-width:2.0px;}#mermaid-0 .flowchart-link{stroke:#0b0b0b;fill:none;}#mermaid-0 .edgeLabel{background-color:#F4EFFC;text-align:center;}#mermaid-0 .edgeLabel rect{opacity:0.5;background-color:#F4EFFC;fill:#F4EFFC;}#mermaid-0 .cluster rect{fill:#F7F9FA;stroke:#BFC6C7;stroke-width:1px;}#mermaid-0 .cluster text{fill:#080605;}#mermaid-0 .cluster span{color:#080605;}#mermaid-0 div.mermaidTooltip{position:absolute;text-align:center;max-width:200px;padding:2px;font-family:Inter,sans-serif;font-size:12px;background:#F7F9FA;border:1px solid undefined;border-radius:2px;pointer-events:none;z-index:100;}#mermaid-0 .flowchartTitleText{text-anchor:middle;font-size:18px;fill:#242929;}#mermaid-0 :root{--mermaid-font-family:\"trebuchet ms\",verdana,arial,sans-serif;}ProducermessageChannelConsumerConsumerConsumer",
        "description": "SVG containing 9 paths, 2 circles, and 6 rectangles."
      }
    ],
    "codeBlocks": [],
    "tables": [],
    "highlights": []
  }
}