{
  "metadata": {
    "url": "https://www.asyncapi.com/docs/concepts/asyncapi-document",
    "timestamp": "2025-03-12T17:44:21.653Z",
    "source": "asyncapi_docs"
  },
  "content": {
    "title": "Asyncapi Document",
    "hierarchy": {
      "sections": {},
      "navigation": [
        {
          "text": "Welcome",
          "href": "https://www.asyncapi.com/docs",
          "subItems": []
        },
        {
          "text": "Concepts",
          "href": "https://www.asyncapi.com/docs/concepts",
          "subItems": [
            {
              "text": "Overview",
              "href": "https://www.asyncapi.com/docs/concepts"
            },
            {
              "text": "Server",
              "href": "https://www.asyncapi.com/docs/concepts/server"
            },
            {
              "text": "Producer",
              "href": "https://www.asyncapi.com/docs/concepts/producer"
            },
            {
              "text": "Consumer",
              "href": "https://www.asyncapi.com/docs/concepts/consumer"
            },
            {
              "text": "Channel",
              "href": "https://www.asyncapi.com/docs/concepts/channel"
            },
            {
              "text": "Application",
              "href": "https://www.asyncapi.com/docs/concepts/application"
            },
            {
              "text": "Protocol",
              "href": "https://www.asyncapi.com/docs/concepts/protocol"
            },
            {
              "text": "Message",
              "href": "https://www.asyncapi.com/docs/concepts/message"
            },
            {
              "text": "AsyncAPI Document",
              "href": "https://www.asyncapi.com/docs/concepts/asyncapi-document"
            },
            {
              "text": "Introduction",
              "href": "https://www.asyncapi.com/docs/concepts/asyncapi-document"
            },
            {
              "text": "AsyncAPI document structure",
              "href": "https://www.asyncapi.com/docs/concepts/asyncapi-document/structure"
            },
            {
              "text": "Tags",
              "href": "https://www.asyncapi.com/docs/concepts/asyncapi-document/tags"
            },
            {
              "text": "Adding channels",
              "href": "https://www.asyncapi.com/docs/concepts/asyncapi-document/adding-channels"
            },
            {
              "text": "Parameters in channel address",
              "href": "https://www.asyncapi.com/docs/concepts/asyncapi-document/dynamic-channel-address"
            },
            {
              "text": "Adding operations",
              "href": "https://www.asyncapi.com/docs/concepts/asyncapi-document/adding-operations"
            },
            {
              "text": "Operation security",
              "href": "https://www.asyncapi.com/docs/concepts/asyncapi-document/securing-operations"
            },
            {
              "text": "Adding messages",
              "href": "https://www.asyncapi.com/docs/concepts/asyncapi-document/adding-messages"
            },
            {
              "text": "Reusability with traits",
              "href": "https://www.asyncapi.com/docs/concepts/asyncapi-document/reusability-with-traits"
            },
            {
              "text": "Server security",
              "href": "https://www.asyncapi.com/docs/concepts/asyncapi-document/server-security"
            },
            {
              "text": "Adding reply info",
              "href": "https://www.asyncapi.com/docs/concepts/asyncapi-document/reply-info"
            },
            {
              "text": "Extending specification",
              "href": "https://www.asyncapi.com/docs/concepts/asyncapi-document/extending-specification"
            },
            {
              "text": "Adding bindings",
              "href": "https://www.asyncapi.com/docs/concepts/asyncapi-document/adding-bindings"
            },
            {
              "text": "Payload schema",
              "href": "https://www.asyncapi.com/docs/concepts/asyncapi-document/define-payload"
            },
            {
              "text": "Server variables",
              "href": "https://www.asyncapi.com/docs/concepts/asyncapi-document/variable-url"
            },
            {
              "text": "Reusable parts",
              "href": "https://www.asyncapi.com/docs/concepts/asyncapi-document/reusable-parts"
            },
            {
              "text": "Add servers",
              "href": "https://www.asyncapi.com/docs/concepts/asyncapi-document/add-server"
            }
          ]
        },
        {
          "text": "Tutorials",
          "href": "https://www.asyncapi.com/docs/tutorials",
          "subItems": []
        },
        {
          "text": "Tools",
          "href": "https://www.asyncapi.com/docs/tools",
          "subItems": []
        },
        {
          "text": "Guides",
          "href": "https://www.asyncapi.com/docs/guides",
          "subItems": []
        },
        {
          "text": "Reference",
          "href": "https://www.asyncapi.com/docs/reference",
          "subItems": []
        },
        {
          "text": "Migrations",
          "href": "https://www.asyncapi.com/docs/migration",
          "subItems": []
        },
        {
          "text": "Community",
          "href": "https://www.asyncapi.com/docs/community",
          "subItems": []
        }
      ]
    },
    "full_text": "",
    "sections": [],
    "svgs": [],
    "codeBlocks": [],
    "tables": [],
    "highlights": []
  }
}