{
  "metadata": {
    "url": "https://www.asyncapi.com/docs/concepts/message",
    "timestamp": "2025-03-12T17:44:14.383Z",
    "source": "asyncapi_docs"
  },
  "content": {
    "title": "Message",
    "hierarchy": {
      "sections": {
        "What is a message?": {
          "level": 2,
          "content": "A message is a communication asset that transmits or exchanges information from a sender to the receiver through channels.One message can also be defined as an event or command and can be consumed by multiple independent receivers. The sender encodes a payload of data (serialized into a suitable format, such as JSON, XML, binary, or others) that requires processing by the receiver. Additionally, the message may include metadata, which is information that describes the message itself. This metadata is commonly referred to as headers or properties."
        },
        "Messages vs Events": {
          "level": 2,
          "content": "A message conveys information between applications, while an event is a message that provides details of something that has already occurred. A crucial aspect to note is that depending on the type of information a message carries, it can either be an event, query, or command. Check the diagram below."
        }
      },
      "navigation": [
        {
          "text": "Welcome",
          "href": "https://www.asyncapi.com/docs",
          "subItems": []
        },
        {
          "text": "Concepts",
          "href": "https://www.asyncapi.com/docs/concepts",
          "subItems": [
            {
              "text": "Overview",
              "href": "https://www.asyncapi.com/docs/concepts"
            },
            {
              "text": "Server",
              "href": "https://www.asyncapi.com/docs/concepts/server"
            },
            {
              "text": "Producer",
              "href": "https://www.asyncapi.com/docs/concepts/producer"
            },
            {
              "text": "Consumer",
              "href": "https://www.asyncapi.com/docs/concepts/consumer"
            },
            {
              "text": "Channel",
              "href": "https://www.asyncapi.com/docs/concepts/channel"
            },
            {
              "text": "Application",
              "href": "https://www.asyncapi.com/docs/concepts/application"
            },
            {
              "text": "Protocol",
              "href": "https://www.asyncapi.com/docs/concepts/protocol"
            },
            {
              "text": "Message",
              "href": "https://www.asyncapi.com/docs/concepts/message"
            },
            {
              "text": "AsyncAPI Document",
              "href": "https://www.asyncapi.com/docs/concepts/asyncapi-document"
            }
          ]
        },
        {
          "text": "Tutorials",
          "href": "https://www.asyncapi.com/docs/tutorials",
          "subItems": []
        },
        {
          "text": "Tools",
          "href": "https://www.asyncapi.com/docs/tools",
          "subItems": []
        },
        {
          "text": "Guides",
          "href": "https://www.asyncapi.com/docs/guides",
          "subItems": []
        },
        {
          "text": "Reference",
          "href": "https://www.asyncapi.com/docs/reference",
          "subItems": []
        },
        {
          "text": "Migrations",
          "href": "https://www.asyncapi.com/docs/migration",
          "subItems": []
        },
        {
          "text": "Community",
          "href": "https://www.asyncapi.com/docs/community",
          "subItems": []
        }
      ]
    },
    "full_text": "What is a message?\nA message is a communication asset that transmits or exchanges information from a sender to the receiver through channels.\nOne message can also be defined as an event or command and can be consumed by multiple independent receivers. The sender encodes a payload of data (serialized into a suitable format, such as JSON, XML, binary, or others) that requires processing by the receiver. Additionally, the message may include metadata, which is information that describes the message itself. This metadata is commonly referred to as headers or properties.\n#mermaid-0{font-family:Inter,sans-serif;font-size:18px;fill:#242929;}#mermaid-0 .error-icon{fill:#F7F9FA;}#mermaid-0 .error-text{fill:#080605;stroke:#080605;}#mermaid-0 .edge-thickness-normal{stroke-width:2px;}#mermaid-0 .edge-thickness-thick{stroke-width:3.5px;}#mermaid-0 .edge-pattern-solid{stroke-dasharray:0;}#mermaid-0 .edge-pattern-dashed{stroke-dasharray:3;}#mermaid-0 .edge-pattern-dotted{stroke-dasharray:2;}#mermaid-0 .marker{fill:#0b0b0b;stroke:#0b0b0b;}#mermaid-0 .marker.cross{stroke:#0b0b0b;}#mermaid-0 svg{font-family:Inter,sans-serif;font-size:18px;}#mermaid-0 .label{font-family:Inter,sans-serif;color:#242929;}#mermaid-0 .cluster-label text{fill:#080605;}#mermaid-0 .cluster-label span{color:#080605;}#mermaid-0 .label text,#mermaid-0 span{fill:#242929;color:#242929;}#mermaid-0 .node rect,#mermaid-0 .node circle,#mermaid-0 .node ellipse,#mermaid-0 .node polygon,#mermaid-0 .node path{fill:#EDFAFF;stroke:#47BCEE;stroke-width:1px;}#mermaid-0 .node .label{text-align:center;}#mermaid-0 .node.clickable{cursor:pointer;}#mermaid-0 .arrowheadPath{fill:undefined;}#mermaid-0 .edgePath .path{stroke:#0b0b0b;stroke-width:2.0px;}#mermaid-0 .flowchart-link{stroke:#0b0b0b;fill:none;}#mermaid-0 .edgeLabel{background-color:#F4EFFC;text-align:center;}#mermaid-0 .edgeLabel rect{opacity:0.5;background-color:#F4EFFC;fill:#F4EFFC;}#mermaid-0 .cluster rect{fill:#F7F9FA;stroke:#BFC6C7;stroke-width:1px;}#mermaid-0 .cluster text{fill:#080605;}#mermaid-0 .cluster span{color:#080605;}#mermaid-0 div.mermaidTooltip{position:absolute;text-align:center;max-width:200px;padding:2px;font-family:Inter,sans-serif;font-size:12px;background:#F7F9FA;border:1px solid undefined;border-radius:2px;pointer-events:none;z-index:100;}#mermaid-0 .flowchartTitleText{text-anchor:middle;font-size:18px;fill:#242929;}#mermaid-0 :root{--mermaid-font-family:\"trebuchet ms\",verdana,arial,sans-serif;}channelmessagesender applicationreceiver application\nThe diagram above illustrates how a sender application transmits a message through a channel to a receiver application, demonstrating the basic flow of message-based communication.\nMessages vs Events\nA message conveys information between applications, while an event is a message that provides details of something that has already occurred. A crucial aspect to note is that depending on the type of information a message carries, it can either be an event, query, or command. Check the diagram below.\n#mermaid-1{font-family:Inter,sans-serif;font-size:18px;fill:#242929;}#mermaid-1 .error-icon{fill:#F7F9FA;}#mermaid-1 .error-text{fill:#080605;stroke:#080605;}#mermaid-1 .edge-thickness-normal{stroke-width:2px;}#mermaid-1 .edge-thickness-thick{stroke-width:3.5px;}#mermaid-1 .edge-pattern-solid{stroke-dasharray:0;}#mermaid-1 .edge-pattern-dashed{stroke-dasharray:3;}#mermaid-1 .edge-pattern-dotted{stroke-dasharray:2;}#mermaid-1 .marker{fill:#0b0b0b;stroke:#0b0b0b;}#mermaid-1 .marker.cross{stroke:#0b0b0b;}#mermaid-1 svg{font-family:Inter,sans-serif;font-size:18px;}#mermaid-1 .label{font-family:Inter,sans-serif;color:#242929;}#mermaid-1 .cluster-label text{fill:#080605;}#mermaid-1 .cluster-label span{color:#080605;}#mermaid-1 .label text,#mermaid-1 span{fill:#242929;color:#242929;}#mermaid-1 .node rect,#mermaid-1 .node circle,#mermaid-1 .node ellipse,#mermaid-1 .node polygon,#mermaid-1 .node path{fill:#EDFAFF;stroke:#47BCEE;stroke-width:1px;}#mermaid-1 .node .label{text-align:center;}#mermaid-1 .node.clickable{cursor:pointer;}#mermaid-1 .arrowheadPath{fill:undefined;}#mermaid-1 .edgePath .path{stroke:#0b0b0b;stroke-width:2.0px;}#mermaid-1 .flowchart-link{stroke:#0b0b0b;fill:none;}#mermaid-1 .edgeLabel{background-color:#F4EFFC;text-align:center;}#mermaid-1 .edgeLabel rect{opacity:0.5;background-color:#F4EFFC;fill:#F4EFFC;}#mermaid-1 .cluster rect{fill:#F7F9FA;stroke:#BFC6C7;stroke-width:1px;}#mermaid-1 .cluster text{fill:#080605;}#mermaid-1 .cluster span{color:#080605;}#mermaid-1 div.mermaidTooltip{position:absolute;text-align:center;max-width:200px;padding:2px;font-family:Inter,sans-serif;font-size:12px;background:#F7F9FA;border:1px solid undefined;border-radius:2px;pointer-events:none;z-index:100;}#mermaid-1 .flowchartTitleText{text-anchor:middle;font-size:18px;fill:#242929;}#mermaid-1 :root{--mermaid-font-family:\"trebuchet ms\",verdana,arial,sans-serif;}MessageEventRequestQueryCommand\nSumming up, events are messages, but not all messages are events.",
    "sections": [
      {
        "title": "What is a message?",
        "level": 2,
        "text": "A message is a communication asset that transmits or exchanges information from a sender to the receiver through channels.One message can also be defined as an event or command and can be consumed by multiple independent receivers. The sender encodes a payload of data (serialized into a suitable format, such as JSON, XML, binary, or others) that requires processing by the receiver. Additionally, the message may include metadata, which is information that describes the message itself. This metadata is commonly referred to as headers or properties."
      },
      {
        "title": "Messages vs Events",
        "level": 2,
        "text": "A message conveys information between applications, while an event is a message that provides details of something that has already occurred. A crucial aspect to note is that depending on the type of information a message carries, it can either be an event, query, or command. Check the diagram below."
      }
    ],
    "svgs": [
      {
        "id": "svg_0",
        "content": "<svg id=\"mermaid-0\" width=\"100%\" xmlns=\"http://www.w3.org/2000/svg\" style=\"max-width: 664.828125px;\" viewBox=\"-8 -8 664.828125 128\" aria-roledescription=\"flowchart-v2\"><style>#mermaid-0{font-family:Inter,sans-serif;font-size:18px;fill:#242929;}#mermaid-0 .error-icon{fill:#F7F9FA;}#mermaid-0 .error-text{fill:#080605;stroke:#080605;}#mermaid-0 .edge-thickness-normal{stroke-width:2px;}#mermaid-0 .edge-thickness-thick{stroke-width:3.5px;}#mermaid-0 .edge-pattern-solid{stroke-dasharray:0;}#mermaid-0 .edge-pattern-dashed{stroke-dasharray:3;}#mermaid-0 .edge-pattern-dotted{stroke-dasharray:2;}#mermaid-0 .marker{fill:#0b0b0b;stroke:#0b0b0b;}#mermaid-0 .marker.cross{stroke:#0b0b0b;}#mermaid-0 svg{font-family:Inter,sans-serif;font-size:18px;}#mermaid-0 .label{font-family:Inter,sans-serif;color:#242929;}#mermaid-0 .cluster-label text{fill:#080605;}#mermaid-0 .cluster-label span{color:#080605;}#mermaid-0 .label text,#mermaid-0 span{fill:#242929;color:#242929;}#mermaid-0 .node rect,#mermaid-0 .node circle,#mermaid-0 .node ellipse,#mermaid-0 .node polygon,#mermaid-0 .node path{fill:#EDFAFF;stroke:#47BCEE;stroke-width:1px;}#mermaid-0 .node .label{text-align:center;}#mermaid-0 .node.clickable{cursor:pointer;}#mermaid-0 .arrowheadPath{fill:undefined;}#mermaid-0 .edgePath .path{stroke:#0b0b0b;stroke-width:2.0px;}#mermaid-0 .flowchart-link{stroke:#0b0b0b;fill:none;}#mermaid-0 .edgeLabel{background-color:#F4EFFC;text-align:center;}#mermaid-0 .edgeLabel rect{opacity:0.5;background-color:#F4EFFC;fill:#F4EFFC;}#mermaid-0 .cluster rect{fill:#F7F9FA;stroke:#BFC6C7;stroke-width:1px;}#mermaid-0 .cluster text{fill:#080605;}#mermaid-0 .cluster span{color:#080605;}#mermaid-0 div.mermaidTooltip{position:absolute;text-align:center;max-width:200px;padding:2px;font-family:Inter,sans-serif;font-size:12px;background:#F7F9FA;border:1px solid undefined;border-radius:2px;pointer-events:none;z-index:100;}#mermaid-0 .flowchartTitleText{text-anchor:middle;font-size:18px;fill:#242929;}#mermaid-0 :root{--mermaid-font-family:\"trebuchet ms\",verdana,arial,sans-serif;}</style><g><marker id=\"flowchart-pointEnd\" class=\"marker flowchart\" viewBox=\"0 0 10 10\" refX=\"10\" refY=\"5\" markerUnits=\"userSpaceOnUse\" markerWidth=\"12\" markerHeight=\"12\" orient=\"auto\"><path d=\"M 0 0 L 10 5 L 0 10 z\" class=\"arrowMarkerPath\" style=\"stroke-width: 1; stroke-dasharray: 1, 0;\"></path></marker><marker id=\"flowchart-pointStart\" class=\"marker flowchart\" viewBox=\"0 0 10 10\" refX=\"0\" refY=\"5\" markerUnits=\"userSpaceOnUse\" markerWidth=\"12\" markerHeight=\"12\" orient=\"auto\"><path d=\"M 0 5 L 10 10 L 10 0 z\" class=\"arrowMarkerPath\" style=\"stroke-width: 1; stroke-dasharray: 1, 0;\"></path></marker><marker id=\"flowchart-circleEnd\" class=\"marker flowchart\" viewBox=\"0 0 10 10\" refX=\"11\" refY=\"5\" markerUnits=\"userSpaceOnUse\" markerWidth=\"11\" markerHeight=\"11\" orient=\"auto\"><circle cx=\"5\" cy=\"5\" r=\"5\" class=\"arrowMarkerPath\" style=\"stroke-width: 1; stroke-dasharray: 1, 0;\"></circle></marker><marker id=\"flowchart-circleStart\" class=\"marker flowchart\" viewBox=\"0 0 10 10\" refX=\"-1\" refY=\"5\" markerUnits=\"userSpaceOnUse\" markerWidth=\"11\" markerHeight=\"11\" orient=\"auto\"><circle cx=\"5\" cy=\"5\" r=\"5\" class=\"arrowMarkerPath\" style=\"stroke-width: 1; stroke-dasharray: 1, 0;\"></circle></marker><marker id=\"flowchart-crossEnd\" class=\"marker cross flowchart\" viewBox=\"0 0 11 11\" refX=\"12\" refY=\"5.2\" markerUnits=\"userSpaceOnUse\" markerWidth=\"11\" markerHeight=\"11\" orient=\"auto\"><path d=\"M 1,1 l 9,9 M 10,1 l -9,9\" class=\"arrowMarkerPath\" style=\"stroke-width: 2; stroke-dasharray: 1, 0;\"></path></marker><marker id=\"flowchart-crossStart\" class=\"marker cross flowchart\" viewBox=\"0 0 11 11\" refX=\"-1\" refY=\"5.2\" markerUnits=\"userSpaceOnUse\" markerWidth=\"11\" markerHeight=\"11\" orient=\"auto\"><path d=\"M 1,1 l 9,9 M 10,1 l -9,9\" class=\"arrowMarkerPath\" style=\"stroke-width: 2; stroke-dasharray: 1, 0;\"></path></marker><g class=\"root\"><g class=\"clusters\"><g class=\"cluster default\" id=\"one\"><rect style=\"\" rx=\"0\" ry=\"0\" x=\"243.1015625\" y=\"0\" width=\"152.40625\" height=\"112\"></rect><g class=\"cluster-label\" transform=\"translate(285.72265625, 0)\"><foreignObject width=\"67.1640625\" height=\"27\"><div xmlns=\"http://www.w3.org/1999/xhtml\" style=\"display: inline-block; white-space: nowrap;\"><span class=\"nodeLabel\">channel</span></div></foreignObject></g></g></g><g class=\"edgePaths\"><path d=\"M193.602,56.5L197.685,56.417C201.768,56.333,209.935,56.167,218.185,56.083C226.435,56,234.768,56,243.102,56C251.435,56,259.768,56,263.935,56L268.102,56\" id=\"L-A-b-0\" class=\" edge-thickness-normal edge-pattern-solid flowchart-link LS-A LE-b\" style=\"fill:none;\" marker-end=\"url(#flowchart-pointEnd)\"></path><path d=\"M370.508,56L374.674,56C378.841,56,387.174,56,395.508,56C403.841,56,412.174,56,420.591,56.083C429.008,56.167,437.508,56.333,441.758,56.417L446.008,56.5\" id=\"L-b-C-0\" class=\" edge-thickness-normal edge-pattern-solid flowchart-link LS-b LE-C\" style=\"fill:none;\" marker-end=\"url(#flowchart-pointEnd)\"></path></g><g class=\"edgeLabels\"><g class=\"edgeLabel\"><g class=\"label\" transform=\"translate(0, 0)\"><foreignObject width=\"0\" height=\"0\"><div xmlns=\"http://www.w3.org/1999/xhtml\" style=\"display: inline-block; white-space: nowrap;\"><span class=\"edgeLabel\"></span></div></foreignObject></g></g><g class=\"edgeLabel\"><g class=\"label\" transform=\"translate(0, 0)\"><foreignObject width=\"0\" height=\"0\"><div xmlns=\"http://www.w3.org/1999/xhtml\" style=\"display: inline-block; white-space: nowrap;\"><span class=\"edgeLabel\"></span></div></foreignObject></g></g></g><g class=\"nodes\"><g class=\"node default default\" id=\"flowchart-b-8\" transform=\"translate(319.3046875, 56)\"><rect style=\"\" rx=\"21\" ry=\"21\" x=\"-51.203125\" y=\"-21\" width=\"102.40625\" height=\"42\"></rect><g class=\"label\" style=\"\" transform=\"translate(-38.453125, -13.5)\"><foreignObject width=\"76.90625\" height=\"27\"><div xmlns=\"http://www.w3.org/1999/xhtml\" style=\"display: inline-block; white-space: nowrap;\"><span class=\"nodeLabel\">message</span></div></foreignObject></g></g><g class=\"node default default\" id=\"flowchart-A-9\" transform=\"translate(96.55078125, 56)\"><polygon points=\"10.5,0 182.6015625,0 193.1015625,-21 182.6015625,-42 10.5,-42 0,-21\" class=\"label-container\" transform=\"translate(-96.55078125,21)\" style=\"\"></polygon><g class=\"label\" style=\"\" transform=\"translate(-78.55078125, -13.5)\"><foreignObject width=\"157.1015625\" height=\"27\"><div xmlns=\"http://www.w3.org/1999/xhtml\" style=\"display: inline-block; white-space: nowrap;\"><span class=\"nodeLabel\">sender application</span></div></foreignObject></g></g><g class=\"node default default\" id=\"flowchart-C-11\" transform=\"translate(547.16796875, 56)\"><polygon points=\"10.5,0 192.8203125,0 203.3203125,-21 192.8203125,-42 10.5,-42 0,-21\" class=\"label-container\" transform=\"translate(-101.66015625,21)\" style=\"\"></polygon><g class=\"label\" style=\"\" transform=\"translate(-83.66015625, -13.5)\"><foreignObject width=\"167.3203125\" height=\"27\"><div xmlns=\"http://www.w3.org/1999/xhtml\" style=\"display: inline-block; white-space: nowrap;\"><span class=\"nodeLabel\">receiver application</span></div></foreignObject></g></g></g></g></g></svg>",
        "context": "#mermaid-0{font-family:Inter,sans-serif;font-size:18px;fill:#242929;}#mermaid-0 .error-icon{fill:#F7F9FA;}#mermaid-0 .error-text{fill:#080605;stroke:#080605;}#mermaid-0 .edge-thickness-normal{stroke-width:2px;}#mermaid-0 .edge-thickness-thick{stroke-width:3.5px;}#mermaid-0 .edge-pattern-solid{stroke-dasharray:0;}#mermaid-0 .edge-pattern-dashed{stroke-dasharray:3;}#mermaid-0 .edge-pattern-dotted{stroke-dasharray:2;}#mermaid-0 .marker{fill:#0b0b0b;stroke:#0b0b0b;}#mermaid-0 .marker.cross{stroke:#0b0b0b;}#mermaid-0 svg{font-family:Inter,sans-serif;font-size:18px;}#mermaid-0 .label{font-family:Inter,sans-serif;color:#242929;}#mermaid-0 .cluster-label text{fill:#080605;}#mermaid-0 .cluster-label span{color:#080605;}#mermaid-0 .label text,#mermaid-0 span{fill:#242929;color:#242929;}#mermaid-0 .node rect,#mermaid-0 .node circle,#mermaid-0 .node ellipse,#mermaid-0 .node polygon,#mermaid-0 .node path{fill:#EDFAFF;stroke:#47BCEE;stroke-width:1px;}#mermaid-0 .node .label{text-align:center;}#mermaid-0 .node.clickable{cursor:pointer;}#mermaid-0 .arrowheadPath{fill:undefined;}#mermaid-0 .edgePath .path{stroke:#0b0b0b;stroke-width:2.0px;}#mermaid-0 .flowchart-link{stroke:#0b0b0b;fill:none;}#mermaid-0 .edgeLabel{background-color:#F4EFFC;text-align:center;}#mermaid-0 .edgeLabel rect{opacity:0.5;background-color:#F4EFFC;fill:#F4EFFC;}#mermaid-0 .cluster rect{fill:#F7F9FA;stroke:#BFC6C7;stroke-width:1px;}#mermaid-0 .cluster text{fill:#080605;}#mermaid-0 .cluster span{color:#080605;}#mermaid-0 div.mermaidTooltip{position:absolute;text-align:center;max-width:200px;padding:2px;font-family:Inter,sans-serif;font-size:12px;background:#F7F9FA;border:1px solid undefined;border-radius:2px;pointer-events:none;z-index:100;}#mermaid-0 .flowchartTitleText{text-anchor:middle;font-size:18px;fill:#242929;}#mermaid-0 :root{--mermaid-font-family:\"trebuchet ms\",verdana,arial,sans-serif;}channelmessagesender applicationreceiver application",
        "description": "SVG containing 6 paths, 2 circles, and 2 rectangles."
      },
      {
        "id": "svg_1",
        "content": "<svg id=\"mermaid-1\" width=\"100%\" xmlns=\"http://www.w3.org/2000/svg\" style=\"max-width: 289.236328125px;\" viewBox=\"-8 -8 289.236328125 242\" aria-roledescription=\"flowchart-v2\"><style>#mermaid-1{font-family:Inter,sans-serif;font-size:18px;fill:#242929;}#mermaid-1 .error-icon{fill:#F7F9FA;}#mermaid-1 .error-text{fill:#080605;stroke:#080605;}#mermaid-1 .edge-thickness-normal{stroke-width:2px;}#mermaid-1 .edge-thickness-thick{stroke-width:3.5px;}#mermaid-1 .edge-pattern-solid{stroke-dasharray:0;}#mermaid-1 .edge-pattern-dashed{stroke-dasharray:3;}#mermaid-1 .edge-pattern-dotted{stroke-dasharray:2;}#mermaid-1 .marker{fill:#0b0b0b;stroke:#0b0b0b;}#mermaid-1 .marker.cross{stroke:#0b0b0b;}#mermaid-1 svg{font-family:Inter,sans-serif;font-size:18px;}#mermaid-1 .label{font-family:Inter,sans-serif;color:#242929;}#mermaid-1 .cluster-label text{fill:#080605;}#mermaid-1 .cluster-label span{color:#080605;}#mermaid-1 .label text,#mermaid-1 span{fill:#242929;color:#242929;}#mermaid-1 .node rect,#mermaid-1 .node circle,#mermaid-1 .node ellipse,#mermaid-1 .node polygon,#mermaid-1 .node path{fill:#EDFAFF;stroke:#47BCEE;stroke-width:1px;}#mermaid-1 .node .label{text-align:center;}#mermaid-1 .node.clickable{cursor:pointer;}#mermaid-1 .arrowheadPath{fill:undefined;}#mermaid-1 .edgePath .path{stroke:#0b0b0b;stroke-width:2.0px;}#mermaid-1 .flowchart-link{stroke:#0b0b0b;fill:none;}#mermaid-1 .edgeLabel{background-color:#F4EFFC;text-align:center;}#mermaid-1 .edgeLabel rect{opacity:0.5;background-color:#F4EFFC;fill:#F4EFFC;}#mermaid-1 .cluster rect{fill:#F7F9FA;stroke:#BFC6C7;stroke-width:1px;}#mermaid-1 .cluster text{fill:#080605;}#mermaid-1 .cluster span{color:#080605;}#mermaid-1 div.mermaidTooltip{position:absolute;text-align:center;max-width:200px;padding:2px;font-family:Inter,sans-serif;font-size:12px;background:#F7F9FA;border:1px solid undefined;border-radius:2px;pointer-events:none;z-index:100;}#mermaid-1 .flowchartTitleText{text-anchor:middle;font-size:18px;fill:#242929;}#mermaid-1 :root{--mermaid-font-family:\"trebuchet ms\",verdana,arial,sans-serif;}</style><g><marker id=\"flowchart-pointEnd\" class=\"marker flowchart\" viewBox=\"0 0 10 10\" refX=\"10\" refY=\"5\" markerUnits=\"userSpaceOnUse\" markerWidth=\"12\" markerHeight=\"12\" orient=\"auto\"><path d=\"M 0 0 L 10 5 L 0 10 z\" class=\"arrowMarkerPath\" style=\"stroke-width: 1; stroke-dasharray: 1, 0;\"></path></marker><marker id=\"flowchart-pointStart\" class=\"marker flowchart\" viewBox=\"0 0 10 10\" refX=\"0\" refY=\"5\" markerUnits=\"userSpaceOnUse\" markerWidth=\"12\" markerHeight=\"12\" orient=\"auto\"><path d=\"M 0 5 L 10 10 L 10 0 z\" class=\"arrowMarkerPath\" style=\"stroke-width: 1; stroke-dasharray: 1, 0;\"></path></marker><marker id=\"flowchart-circleEnd\" class=\"marker flowchart\" viewBox=\"0 0 10 10\" refX=\"11\" refY=\"5\" markerUnits=\"userSpaceOnUse\" markerWidth=\"11\" markerHeight=\"11\" orient=\"auto\"><circle cx=\"5\" cy=\"5\" r=\"5\" class=\"arrowMarkerPath\" style=\"stroke-width: 1; stroke-dasharray: 1, 0;\"></circle></marker><marker id=\"flowchart-circleStart\" class=\"marker flowchart\" viewBox=\"0 0 10 10\" refX=\"-1\" refY=\"5\" markerUnits=\"userSpaceOnUse\" markerWidth=\"11\" markerHeight=\"11\" orient=\"auto\"><circle cx=\"5\" cy=\"5\" r=\"5\" class=\"arrowMarkerPath\" style=\"stroke-width: 1; stroke-dasharray: 1, 0;\"></circle></marker><marker id=\"flowchart-crossEnd\" class=\"marker cross flowchart\" viewBox=\"0 0 11 11\" refX=\"12\" refY=\"5.2\" markerUnits=\"userSpaceOnUse\" markerWidth=\"11\" markerHeight=\"11\" orient=\"auto\"><path d=\"M 1,1 l 9,9 M 10,1 l -9,9\" class=\"arrowMarkerPath\" style=\"stroke-width: 2; stroke-dasharray: 1, 0;\"></path></marker><marker id=\"flowchart-crossStart\" class=\"marker cross flowchart\" viewBox=\"0 0 11 11\" refX=\"-1\" refY=\"5.2\" markerUnits=\"userSpaceOnUse\" markerWidth=\"11\" markerHeight=\"11\" orient=\"auto\"><path d=\"M 1,1 l 9,9 M 10,1 l -9,9\" class=\"arrowMarkerPath\" style=\"stroke-width: 2; stroke-dasharray: 1, 0;\"></path></marker><g class=\"root\"><g class=\"clusters\"></g><g class=\"edgePaths\"><path d=\"M64.856,42L59.264,46.167C53.671,50.333,42.486,58.667,36.893,67C31.301,75.333,31.301,83.667,31.301,87.833L31.301,92\" id=\"L-A-B-0\" class=\" edge-thickness-normal edge-pattern-solid flowchart-link LS-A LE-B\" style=\"fill:none;\" marker-end=\"url(#flowchart-pointEnd)\"></path><path d=\"M121.23,42L126.822,46.167C132.415,50.333,143.6,58.667,149.193,67C154.785,75.333,154.785,83.667,154.785,87.833L154.785,92\" id=\"L-A-C-0\" class=\" edge-thickness-normal edge-pattern-solid flowchart-link LS-A LE-C\" style=\"fill:none;\" marker-end=\"url(#flowchart-pointEnd)\"></path><path d=\"M124.048,134L117.949,138.167C111.85,142.333,99.653,150.667,93.554,159C87.455,167.333,87.455,175.667,87.455,179.833L87.455,184\" id=\"L-C-D-0\" class=\" edge-thickness-normal edge-pattern-solid flowchart-link LS-C LE-D\" style=\"fill:none;\" marker-end=\"url(#flowchart-pointEnd)\"></path><path d=\"M185.523,134L191.622,138.167C197.72,142.333,209.918,150.667,216.016,159C222.115,167.333,222.115,175.667,222.115,179.833L222.115,184\" id=\"L-C-E-0\" class=\" edge-thickness-normal edge-pattern-solid flowchart-link LS-C LE-E\" style=\"fill:none;\" marker-end=\"url(#flowchart-pointEnd)\"></path></g><g class=\"edgeLabels\"><g class=\"edgeLabel\"><g class=\"label\" transform=\"translate(0, 0)\"><foreignObject width=\"0\" height=\"0\"><div xmlns=\"http://www.w3.org/1999/xhtml\" style=\"display: inline-block; white-space: nowrap;\"><span class=\"edgeLabel\"></span></div></foreignObject></g></g><g class=\"edgeLabel\"><g class=\"label\" transform=\"translate(0, 0)\"><foreignObject width=\"0\" height=\"0\"><div xmlns=\"http://www.w3.org/1999/xhtml\" style=\"display: inline-block; white-space: nowrap;\"><span class=\"edgeLabel\"></span></div></foreignObject></g></g><g class=\"edgeLabel\"><g class=\"label\" transform=\"translate(0, 0)\"><foreignObject width=\"0\" height=\"0\"><div xmlns=\"http://www.w3.org/1999/xhtml\" style=\"display: inline-block; white-space: nowrap;\"><span class=\"edgeLabel\"></span></div></foreignObject></g></g><g class=\"edgeLabel\"><g class=\"label\" transform=\"translate(0, 0)\"><foreignObject width=\"0\" height=\"0\"><div xmlns=\"http://www.w3.org/1999/xhtml\" style=\"display: inline-block; white-space: nowrap;\"><span class=\"edgeLabel\"></span></div></foreignObject></g></g></g><g class=\"nodes\"><g class=\"node default default\" id=\"flowchart-A-31\" transform=\"translate(93.04296875, 21)\"><rect class=\"basic label-container\" style=\"\" rx=\"5\" ry=\"5\" x=\"-46.19921875\" y=\"-21\" width=\"92.3984375\" height=\"42\"></rect><g class=\"label\" style=\"\" transform=\"translate(-38.69921875, -13.5)\"><foreignObject width=\"77.3984375\" height=\"27\"><div xmlns=\"http://www.w3.org/1999/xhtml\" style=\"display: inline-block; white-space: nowrap;\"><span class=\"nodeLabel\">Message</span></div></foreignObject></g></g><g class=\"node default default\" id=\"flowchart-B-33\" transform=\"translate(31.30078125, 113)\"><rect class=\"basic label-container\" style=\"\" rx=\"5\" ry=\"5\" x=\"-31.30078125\" y=\"-21\" width=\"62.6015625\" height=\"42\"></rect><g class=\"label\" style=\"\" transform=\"translate(-23.80078125, -13.5)\"><foreignObject width=\"47.6015625\" height=\"27\"><div xmlns=\"http://www.w3.org/1999/xhtml\" style=\"display: inline-block; white-space: nowrap;\"><span class=\"nodeLabel\">Event</span></div></foreignObject></g></g><g class=\"node default default\" id=\"flowchart-C-35\" transform=\"translate(154.78515625, 113)\"><rect class=\"basic label-container\" style=\"\" rx=\"5\" ry=\"5\" x=\"-42.18359375\" y=\"-21\" width=\"84.3671875\" height=\"42\"></rect><g class=\"label\" style=\"\" transform=\"translate(-34.68359375, -13.5)\"><foreignObject width=\"69.3671875\" height=\"27\"><div xmlns=\"http://www.w3.org/1999/xhtml\" style=\"display: inline-block; white-space: nowrap;\"><span class=\"nodeLabel\">Request</span></div></foreignObject></g></g><g class=\"node default default\" id=\"flowchart-D-37\" transform=\"translate(87.455078125, 205)\"><rect class=\"basic label-container\" style=\"\" rx=\"5\" ry=\"5\" x=\"-33.5390625\" y=\"-21\" width=\"67.078125\" height=\"42\"></rect><g class=\"label\" style=\"\" transform=\"translate(-26.0390625, -13.5)\"><foreignObject width=\"52.078125\" height=\"27\"><div xmlns=\"http://www.w3.org/1999/xhtml\" style=\"display: inline-block; white-space: nowrap;\"><span class=\"nodeLabel\">Query</span></div></foreignObject></g></g><g class=\"node default default\" id=\"flowchart-E-39\" transform=\"translate(222.115234375, 205)\"><rect class=\"basic label-container\" style=\"\" rx=\"5\" ry=\"5\" x=\"-51.12109375\" y=\"-21\" width=\"102.2421875\" height=\"42\"></rect><g class=\"label\" style=\"\" transform=\"translate(-43.62109375, -13.5)\"><foreignObject width=\"87.2421875\" height=\"27\"><div xmlns=\"http://www.w3.org/1999/xhtml\" style=\"display: inline-block; white-space: nowrap;\"><span class=\"nodeLabel\">Command</span></div></foreignObject></g></g></g></g></g></svg>",
        "context": "#mermaid-1{font-family:Inter,sans-serif;font-size:18px;fill:#242929;}#mermaid-1 .error-icon{fill:#F7F9FA;}#mermaid-1 .error-text{fill:#080605;stroke:#080605;}#mermaid-1 .edge-thickness-normal{stroke-width:2px;}#mermaid-1 .edge-thickness-thick{stroke-width:3.5px;}#mermaid-1 .edge-pattern-solid{stroke-dasharray:0;}#mermaid-1 .edge-pattern-dashed{stroke-dasharray:3;}#mermaid-1 .edge-pattern-dotted{stroke-dasharray:2;}#mermaid-1 .marker{fill:#0b0b0b;stroke:#0b0b0b;}#mermaid-1 .marker.cross{stroke:#0b0b0b;}#mermaid-1 svg{font-family:Inter,sans-serif;font-size:18px;}#mermaid-1 .label{font-family:Inter,sans-serif;color:#242929;}#mermaid-1 .cluster-label text{fill:#080605;}#mermaid-1 .cluster-label span{color:#080605;}#mermaid-1 .label text,#mermaid-1 span{fill:#242929;color:#242929;}#mermaid-1 .node rect,#mermaid-1 .node circle,#mermaid-1 .node ellipse,#mermaid-1 .node polygon,#mermaid-1 .node path{fill:#EDFAFF;stroke:#47BCEE;stroke-width:1px;}#mermaid-1 .node .label{text-align:center;}#mermaid-1 .node.clickable{cursor:pointer;}#mermaid-1 .arrowheadPath{fill:undefined;}#mermaid-1 .edgePath .path{stroke:#0b0b0b;stroke-width:2.0px;}#mermaid-1 .flowchart-link{stroke:#0b0b0b;fill:none;}#mermaid-1 .edgeLabel{background-color:#F4EFFC;text-align:center;}#mermaid-1 .edgeLabel rect{opacity:0.5;background-color:#F4EFFC;fill:#F4EFFC;}#mermaid-1 .cluster rect{fill:#F7F9FA;stroke:#BFC6C7;stroke-width:1px;}#mermaid-1 .cluster text{fill:#080605;}#mermaid-1 .cluster span{color:#080605;}#mermaid-1 div.mermaidTooltip{position:absolute;text-align:center;max-width:200px;padding:2px;font-family:Inter,sans-serif;font-size:12px;background:#F7F9FA;border:1px solid undefined;border-radius:2px;pointer-events:none;z-index:100;}#mermaid-1 .flowchartTitleText{text-anchor:middle;font-size:18px;fill:#242929;}#mermaid-1 :root{--mermaid-font-family:\"trebuchet ms\",verdana,arial,sans-serif;}MessageEventRequestQueryCommand",
        "description": "SVG containing 8 paths, 2 circles, and 5 rectangles."
      }
    ],
    "codeBlocks": [],
    "tables": [],
    "highlights": []
  }
}