{
  "metadata": {
    "url": "https://www.asyncapi.com/docs/concepts/producer",
    "timestamp": "2025-03-12T17:43:33.405Z",
    "source": "asyncapi_docs"
  },
  "content": {
    "title": "Producer",
    "hierarchy": {
      "sections": {
        "What is a Producer?": {
          "level": 2,
          "content": "A producer is an application that detects state changes (events) and publishes these events as messages. An event signifies a state change or update triggered by a user’s or device’s action.The following are sample events:\nAdding an item to a shopping cart on an e-commerce website.\nClicking the subscribe button on a YouTube channel.\nDetecting a temperature change using a sensor."
        },
        "Why do we need Producers?": {
          "level": 2,
          "content": "The publish/subscribe communication model is one of the core concepts of event-driven architecture. In this model, producers are publishers, acting as the first logical layer responsible for distributing messages to the broker, enabling others to subscribe and receive these messages."
        }
      },
      "navigation": [
        {
          "text": "Welcome",
          "href": "https://www.asyncapi.com/docs",
          "subItems": []
        },
        {
          "text": "Concepts",
          "href": "https://www.asyncapi.com/docs/concepts",
          "subItems": [
            {
              "text": "Overview",
              "href": "https://www.asyncapi.com/docs/concepts"
            },
            {
              "text": "Server",
              "href": "https://www.asyncapi.com/docs/concepts/server"
            },
            {
              "text": "Producer",
              "href": "https://www.asyncapi.com/docs/concepts/producer"
            },
            {
              "text": "Consumer",
              "href": "https://www.asyncapi.com/docs/concepts/consumer"
            },
            {
              "text": "Channel",
              "href": "https://www.asyncapi.com/docs/concepts/channel"
            },
            {
              "text": "Application",
              "href": "https://www.asyncapi.com/docs/concepts/application"
            },
            {
              "text": "Protocol",
              "href": "https://www.asyncapi.com/docs/concepts/protocol"
            },
            {
              "text": "Message",
              "href": "https://www.asyncapi.com/docs/concepts/message"
            },
            {
              "text": "AsyncAPI Document",
              "href": "https://www.asyncapi.com/docs/concepts/asyncapi-document"
            }
          ]
        },
        {
          "text": "Tutorials",
          "href": "https://www.asyncapi.com/docs/tutorials",
          "subItems": []
        },
        {
          "text": "Tools",
          "href": "https://www.asyncapi.com/docs/tools",
          "subItems": []
        },
        {
          "text": "Guides",
          "href": "https://www.asyncapi.com/docs/guides",
          "subItems": []
        },
        {
          "text": "Reference",
          "href": "https://www.asyncapi.com/docs/reference",
          "subItems": []
        },
        {
          "text": "Migrations",
          "href": "https://www.asyncapi.com/docs/migration",
          "subItems": []
        },
        {
          "text": "Community",
          "href": "https://www.asyncapi.com/docs/community",
          "subItems": []
        }
      ]
    },
    "full_text": "What is a Producer?\nA producer is an application that detects state changes (events) and publishes these events as messages. An event signifies a state change or update triggered by a user’s or device’s action.\nThe following are sample events:\n\nAdding an item to a shopping cart on an e-commerce website.\nClicking the subscribe button on a YouTube channel.\nDetecting a temperature change using a sensor.\n\nWhy do we need Producers?\nThe publish/subscribe communication model is one of the core concepts of event-driven architecture. In this model, producers are publishers, acting as the first logical layer responsible for distributing messages to the broker, enabling others to subscribe and receive these messages.\n#mermaid-0{font-family:Inter,sans-serif;font-size:18px;fill:#242929;}#mermaid-0 .error-icon{fill:#F7F9FA;}#mermaid-0 .error-text{fill:#080605;stroke:#080605;}#mermaid-0 .edge-thickness-normal{stroke-width:2px;}#mermaid-0 .edge-thickness-thick{stroke-width:3.5px;}#mermaid-0 .edge-pattern-solid{stroke-dasharray:0;}#mermaid-0 .edge-pattern-dashed{stroke-dasharray:3;}#mermaid-0 .edge-pattern-dotted{stroke-dasharray:2;}#mermaid-0 .marker{fill:#0b0b0b;stroke:#0b0b0b;}#mermaid-0 .marker.cross{stroke:#0b0b0b;}#mermaid-0 svg{font-family:Inter,sans-serif;font-size:18px;}#mermaid-0 .label{font-family:Inter,sans-serif;color:#242929;}#mermaid-0 .cluster-label text{fill:#080605;}#mermaid-0 .cluster-label span{color:#080605;}#mermaid-0 .label text,#mermaid-0 span{fill:#242929;color:#242929;}#mermaid-0 .node rect,#mermaid-0 .node circle,#mermaid-0 .node ellipse,#mermaid-0 .node polygon,#mermaid-0 .node path{fill:#EDFAFF;stroke:#47BCEE;stroke-width:1px;}#mermaid-0 .node .label{text-align:center;}#mermaid-0 .node.clickable{cursor:pointer;}#mermaid-0 .arrowheadPath{fill:undefined;}#mermaid-0 .edgePath .path{stroke:#0b0b0b;stroke-width:2.0px;}#mermaid-0 .flowchart-link{stroke:#0b0b0b;fill:none;}#mermaid-0 .edgeLabel{background-color:#F4EFFC;text-align:center;}#mermaid-0 .edgeLabel rect{opacity:0.5;background-color:#F4EFFC;fill:#F4EFFC;}#mermaid-0 .cluster rect{fill:#F7F9FA;stroke:#BFC6C7;stroke-width:1px;}#mermaid-0 .cluster text{fill:#080605;}#mermaid-0 .cluster span{color:#080605;}#mermaid-0 div.mermaidTooltip{position:absolute;text-align:center;max-width:200px;padding:2px;font-family:Inter,sans-serif;font-size:12px;background:#F7F9FA;border:1px solid undefined;border-radius:2px;pointer-events:none;z-index:100;}#mermaid-0 .flowchartTitleText{text-anchor:middle;font-size:18px;fill:#242929;}#mermaid-0 :root{--mermaid-font-family:\"trebuchet ms\",verdana,arial,sans-serif;}Message 1Message 1ProducerBrokerConsumer\nThe diagram above illustrates the communication flow between a producer who publishes events to a specific channel in a broker and a consumer who subscribes to the same channel.\nIn some cases, an entity can simultaneously function as both a producer, publishing messages to a specific channel in the broker, and a consumer, subscribing to messages from a different channel in the broker.\n#mermaid-1{font-family:Inter,sans-serif;font-size:18px;fill:#242929;}#mermaid-1 .error-icon{fill:#F7F9FA;}#mermaid-1 .error-text{fill:#080605;stroke:#080605;}#mermaid-1 .edge-thickness-normal{stroke-width:2px;}#mermaid-1 .edge-thickness-thick{stroke-width:3.5px;}#mermaid-1 .edge-pattern-solid{stroke-dasharray:0;}#mermaid-1 .edge-pattern-dashed{stroke-dasharray:3;}#mermaid-1 .edge-pattern-dotted{stroke-dasharray:2;}#mermaid-1 .marker{fill:#0b0b0b;stroke:#0b0b0b;}#mermaid-1 .marker.cross{stroke:#0b0b0b;}#mermaid-1 svg{font-family:Inter,sans-serif;font-size:18px;}#mermaid-1 .label{font-family:Inter,sans-serif;color:#242929;}#mermaid-1 .cluster-label text{fill:#080605;}#mermaid-1 .cluster-label span{color:#080605;}#mermaid-1 .label text,#mermaid-1 span{fill:#242929;color:#242929;}#mermaid-1 .node rect,#mermaid-1 .node circle,#mermaid-1 .node ellipse,#mermaid-1 .node polygon,#mermaid-1 .node path{fill:#EDFAFF;stroke:#47BCEE;stroke-width:1px;}#mermaid-1 .node .label{text-align:center;}#mermaid-1 .node.clickable{cursor:pointer;}#mermaid-1 .arrowheadPath{fill:undefined;}#mermaid-1 .edgePath .path{stroke:#0b0b0b;stroke-width:2.0px;}#mermaid-1 .flowchart-link{stroke:#0b0b0b;fill:none;}#mermaid-1 .edgeLabel{background-color:#F4EFFC;text-align:center;}#mermaid-1 .edgeLabel rect{opacity:0.5;background-color:#F4EFFC;fill:#F4EFFC;}#mermaid-1 .cluster rect{fill:#F7F9FA;stroke:#BFC6C7;stroke-width:1px;}#mermaid-1 .cluster text{fill:#080605;}#mermaid-1 .cluster span{color:#080605;}#mermaid-1 div.mermaidTooltip{position:absolute;text-align:center;max-width:200px;padding:2px;font-family:Inter,sans-serif;font-size:12px;background:#F7F9FA;border:1px solid undefined;border-radius:2px;pointer-events:none;z-index:100;}#mermaid-1 .flowchartTitleText{text-anchor:middle;font-size:18px;fill:#242929;}#mermaid-1 :root{--mermaid-font-family:\"trebuchet ms\",verdana,arial,sans-serif;}Message 1Message 2Message 1Message 2ProducerBrokerProducerConsumer\nIn the diagram above, there is a producer publishing messages to a specific channel and a consumer subscribing to messages from that channel. Also, there is a second producer publishing to one channel and subscribing to messages from another channel.",
    "sections": [
      {
        "title": "What is a Producer?",
        "level": 2,
        "text": "A producer is an application that detects state changes (events) and publishes these events as messages. An event signifies a state change or update triggered by a user’s or device’s action.The following are sample events:\nAdding an item to a shopping cart on an e-commerce website.\nClicking the subscribe button on a YouTube channel.\nDetecting a temperature change using a sensor."
      },
      {
        "title": "Why do we need Producers?",
        "level": 2,
        "text": "The publish/subscribe communication model is one of the core concepts of event-driven architecture. In this model, producers are publishers, acting as the first logical layer responsible for distributing messages to the broker, enabling others to subscribe and receive these messages."
      }
    ],
    "svgs": [
      {
        "id": "svg_0",
        "content": "<svg id=\"mermaid-0\" width=\"100%\" xmlns=\"http://www.w3.org/2000/svg\" style=\"max-width: 118.765625px;\" viewBox=\"-8 -8 118.765625 423.1187438964844\" aria-roledescription=\"flowchart-v2\"><style>#mermaid-0{font-family:Inter,sans-serif;font-size:18px;fill:#242929;}#mermaid-0 .error-icon{fill:#F7F9FA;}#mermaid-0 .error-text{fill:#080605;stroke:#080605;}#mermaid-0 .edge-thickness-normal{stroke-width:2px;}#mermaid-0 .edge-thickness-thick{stroke-width:3.5px;}#mermaid-0 .edge-pattern-solid{stroke-dasharray:0;}#mermaid-0 .edge-pattern-dashed{stroke-dasharray:3;}#mermaid-0 .edge-pattern-dotted{stroke-dasharray:2;}#mermaid-0 .marker{fill:#0b0b0b;stroke:#0b0b0b;}#mermaid-0 .marker.cross{stroke:#0b0b0b;}#mermaid-0 svg{font-family:Inter,sans-serif;font-size:18px;}#mermaid-0 .label{font-family:Inter,sans-serif;color:#242929;}#mermaid-0 .cluster-label text{fill:#080605;}#mermaid-0 .cluster-label span{color:#080605;}#mermaid-0 .label text,#mermaid-0 span{fill:#242929;color:#242929;}#mermaid-0 .node rect,#mermaid-0 .node circle,#mermaid-0 .node ellipse,#mermaid-0 .node polygon,#mermaid-0 .node path{fill:#EDFAFF;stroke:#47BCEE;stroke-width:1px;}#mermaid-0 .node .label{text-align:center;}#mermaid-0 .node.clickable{cursor:pointer;}#mermaid-0 .arrowheadPath{fill:undefined;}#mermaid-0 .edgePath .path{stroke:#0b0b0b;stroke-width:2.0px;}#mermaid-0 .flowchart-link{stroke:#0b0b0b;fill:none;}#mermaid-0 .edgeLabel{background-color:#F4EFFC;text-align:center;}#mermaid-0 .edgeLabel rect{opacity:0.5;background-color:#F4EFFC;fill:#F4EFFC;}#mermaid-0 .cluster rect{fill:#F7F9FA;stroke:#BFC6C7;stroke-width:1px;}#mermaid-0 .cluster text{fill:#080605;}#mermaid-0 .cluster span{color:#080605;}#mermaid-0 div.mermaidTooltip{position:absolute;text-align:center;max-width:200px;padding:2px;font-family:Inter,sans-serif;font-size:12px;background:#F7F9FA;border:1px solid undefined;border-radius:2px;pointer-events:none;z-index:100;}#mermaid-0 .flowchartTitleText{text-anchor:middle;font-size:18px;fill:#242929;}#mermaid-0 :root{--mermaid-font-family:\"trebuchet ms\",verdana,arial,sans-serif;}</style><g><marker id=\"flowchart-pointEnd\" class=\"marker flowchart\" viewBox=\"0 0 10 10\" refX=\"10\" refY=\"5\" markerUnits=\"userSpaceOnUse\" markerWidth=\"12\" markerHeight=\"12\" orient=\"auto\"><path d=\"M 0 0 L 10 5 L 0 10 z\" class=\"arrowMarkerPath\" style=\"stroke-width: 1; stroke-dasharray: 1, 0;\"></path></marker><marker id=\"flowchart-pointStart\" class=\"marker flowchart\" viewBox=\"0 0 10 10\" refX=\"0\" refY=\"5\" markerUnits=\"userSpaceOnUse\" markerWidth=\"12\" markerHeight=\"12\" orient=\"auto\"><path d=\"M 0 5 L 10 10 L 10 0 z\" class=\"arrowMarkerPath\" style=\"stroke-width: 1; stroke-dasharray: 1, 0;\"></path></marker><marker id=\"flowchart-circleEnd\" class=\"marker flowchart\" viewBox=\"0 0 10 10\" refX=\"11\" refY=\"5\" markerUnits=\"userSpaceOnUse\" markerWidth=\"11\" markerHeight=\"11\" orient=\"auto\"><circle cx=\"5\" cy=\"5\" r=\"5\" class=\"arrowMarkerPath\" style=\"stroke-width: 1; stroke-dasharray: 1, 0;\"></circle></marker><marker id=\"flowchart-circleStart\" class=\"marker flowchart\" viewBox=\"0 0 10 10\" refX=\"-1\" refY=\"5\" markerUnits=\"userSpaceOnUse\" markerWidth=\"11\" markerHeight=\"11\" orient=\"auto\"><circle cx=\"5\" cy=\"5\" r=\"5\" class=\"arrowMarkerPath\" style=\"stroke-width: 1; stroke-dasharray: 1, 0;\"></circle></marker><marker id=\"flowchart-crossEnd\" class=\"marker cross flowchart\" viewBox=\"0 0 11 11\" refX=\"12\" refY=\"5.2\" markerUnits=\"userSpaceOnUse\" markerWidth=\"11\" markerHeight=\"11\" orient=\"auto\"><path d=\"M 1,1 l 9,9 M 10,1 l -9,9\" class=\"arrowMarkerPath\" style=\"stroke-width: 2; stroke-dasharray: 1, 0;\"></path></marker><marker id=\"flowchart-crossStart\" class=\"marker cross flowchart\" viewBox=\"0 0 11 11\" refX=\"-1\" refY=\"5.2\" markerUnits=\"userSpaceOnUse\" markerWidth=\"11\" markerHeight=\"11\" orient=\"auto\"><path d=\"M 1,1 l 9,9 M 10,1 l -9,9\" class=\"arrowMarkerPath\" style=\"stroke-width: 2; stroke-dasharray: 1, 0;\"></path></marker><g class=\"root\"><g class=\"clusters\"></g><g class=\"edgePaths\"><path d=\"M51.383,42L51.383,46.167C51.383,50.333,51.383,58.667,51.383,69.25C51.383,79.833,51.383,92.667,51.383,105.5C51.383,118.333,51.383,131.167,51.383,141.75C51.383,152.333,51.383,160.667,51.383,164.833L51.383,169\" id=\"L-a-d-0\" class=\" edge-thickness-normal edge-pattern-solid flowchart-link LS-a LE-d\" style=\"fill:none;\" marker-end=\"url(#flowchart-pointEnd)\"></path><path d=\"M51.383,238.119L51.383,242.285C51.383,246.452,51.383,254.785,51.383,265.369C51.383,275.952,51.383,288.785,51.383,301.619C51.383,314.452,51.383,327.285,51.383,337.869C51.383,348.452,51.383,356.785,51.383,360.952L51.383,365.119\" id=\"L-d-g-0\" class=\" edge-thickness-normal edge-pattern-solid flowchart-link LS-d LE-g\" style=\"fill:none;\" marker-end=\"url(#flowchart-pointEnd)\"></path></g><g class=\"edgeLabels\"><g class=\"edgeLabel\" transform=\"translate(51.3828125, 105.5)\"><g class=\"label\" transform=\"translate(-44.890625, -13.5)\"><foreignObject width=\"89.78125\" height=\"27\"><div xmlns=\"http://www.w3.org/1999/xhtml\" style=\"display: inline-block; white-space: nowrap;\"><span class=\"edgeLabel\">Message 1</span></div></foreignObject></g></g><g class=\"edgeLabel\" transform=\"translate(51.3828125, 301.6187438964844)\"><g class=\"label\" transform=\"translate(-44.890625, -13.5)\"><foreignObject width=\"89.78125\" height=\"27\"><div xmlns=\"http://www.w3.org/1999/xhtml\" style=\"display: inline-block; white-space: nowrap;\"><span class=\"edgeLabel\">Message 1</span></div></foreignObject></g></g></g><g class=\"nodes\"><g class=\"node default default\" id=\"flowchart-a-8\" transform=\"translate(51.3828125, 21)\"><rect class=\"basic label-container\" style=\"\" rx=\"0\" ry=\"0\" x=\"-46.49609375\" y=\"-21\" width=\"92.9921875\" height=\"42\"></rect><g class=\"label\" style=\"\" transform=\"translate(-38.99609375, -13.5)\"><foreignObject width=\"77.9921875\" height=\"27\"><div xmlns=\"http://www.w3.org/1999/xhtml\" style=\"display: inline-block; white-space: nowrap;\"><span class=\"nodeLabel\">Producer</span></div></foreignObject></g></g><g class=\"node default default\" id=\"flowchart-d-9\" label-offset-y=\"9.03958183704413\" transform=\"translate(51.3828125, 203.5593719482422)\"><path style=\"\" d=\"M 0,9.03958183704413 a 35.3984375,9.03958183704413 0,0,0 70.796875 0 a 35.3984375,9.03958183704413 0,0,0 -70.796875 0 l 0,51.03958183704413 a 35.3984375,9.03958183704413 0,0,0 70.796875 0 l 0,-51.03958183704413\" transform=\"translate(-35.3984375,-34.559372755566194)\"></path><g class=\"label\" style=\"\" transform=\"translate(-27.8984375, -13.5)\"><foreignObject width=\"55.796875\" height=\"27\"><div xmlns=\"http://www.w3.org/1999/xhtml\" style=\"display: inline-block; white-space: nowrap;\"><span class=\"nodeLabel\">Broker</span></div></foreignObject></g></g><g class=\"node default default\" id=\"flowchart-g-11\" transform=\"translate(51.3828125, 386.1187438964844)\"><rect class=\"basic label-container\" style=\"\" rx=\"0\" ry=\"0\" x=\"-51.3828125\" y=\"-21\" width=\"102.765625\" height=\"42\"></rect><g class=\"label\" style=\"\" transform=\"translate(-43.8828125, -13.5)\"><foreignObject width=\"87.765625\" height=\"27\"><div xmlns=\"http://www.w3.org/1999/xhtml\" style=\"display: inline-block; white-space: nowrap;\"><span class=\"nodeLabel\">Consumer</span></div></foreignObject></g></g></g></g></g></svg>",
        "context": "#mermaid-0{font-family:Inter,sans-serif;font-size:18px;fill:#242929;}#mermaid-0 .error-icon{fill:#F7F9FA;}#mermaid-0 .error-text{fill:#080605;stroke:#080605;}#mermaid-0 .edge-thickness-normal{stroke-width:2px;}#mermaid-0 .edge-thickness-thick{stroke-width:3.5px;}#mermaid-0 .edge-pattern-solid{stroke-dasharray:0;}#mermaid-0 .edge-pattern-dashed{stroke-dasharray:3;}#mermaid-0 .edge-pattern-dotted{stroke-dasharray:2;}#mermaid-0 .marker{fill:#0b0b0b;stroke:#0b0b0b;}#mermaid-0 .marker.cross{stroke:#0b0b0b;}#mermaid-0 svg{font-family:Inter,sans-serif;font-size:18px;}#mermaid-0 .label{font-family:Inter,sans-serif;color:#242929;}#mermaid-0 .cluster-label text{fill:#080605;}#mermaid-0 .cluster-label span{color:#080605;}#mermaid-0 .label text,#mermaid-0 span{fill:#242929;color:#242929;}#mermaid-0 .node rect,#mermaid-0 .node circle,#mermaid-0 .node ellipse,#mermaid-0 .node polygon,#mermaid-0 .node path{fill:#EDFAFF;stroke:#47BCEE;stroke-width:1px;}#mermaid-0 .node .label{text-align:center;}#mermaid-0 .node.clickable{cursor:pointer;}#mermaid-0 .arrowheadPath{fill:undefined;}#mermaid-0 .edgePath .path{stroke:#0b0b0b;stroke-width:2.0px;}#mermaid-0 .flowchart-link{stroke:#0b0b0b;fill:none;}#mermaid-0 .edgeLabel{background-color:#F4EFFC;text-align:center;}#mermaid-0 .edgeLabel rect{opacity:0.5;background-color:#F4EFFC;fill:#F4EFFC;}#mermaid-0 .cluster rect{fill:#F7F9FA;stroke:#BFC6C7;stroke-width:1px;}#mermaid-0 .cluster text{fill:#080605;}#mermaid-0 .cluster span{color:#080605;}#mermaid-0 div.mermaidTooltip{position:absolute;text-align:center;max-width:200px;padding:2px;font-family:Inter,sans-serif;font-size:12px;background:#F7F9FA;border:1px solid undefined;border-radius:2px;pointer-events:none;z-index:100;}#mermaid-0 .flowchartTitleText{text-anchor:middle;font-size:18px;fill:#242929;}#mermaid-0 :root{--mermaid-font-family:\"trebuchet ms\",verdana,arial,sans-serif;}Message 1Message 1ProducerBrokerConsumer",
        "description": "SVG containing 7 paths, 2 circles, and 2 rectangles."
      },
      {
        "id": "svg_1",
        "content": "<svg id=\"mermaid-1\" width=\"100%\" xmlns=\"http://www.w3.org/2000/svg\" style=\"max-width: 665.7734375px;\" viewBox=\"-8 -8 665.7734375 167\" aria-roledescription=\"flowchart-v2\"><style>#mermaid-1{font-family:Inter,sans-serif;font-size:18px;fill:#242929;}#mermaid-1 .error-icon{fill:#F7F9FA;}#mermaid-1 .error-text{fill:#080605;stroke:#080605;}#mermaid-1 .edge-thickness-normal{stroke-width:2px;}#mermaid-1 .edge-thickness-thick{stroke-width:3.5px;}#mermaid-1 .edge-pattern-solid{stroke-dasharray:0;}#mermaid-1 .edge-pattern-dashed{stroke-dasharray:3;}#mermaid-1 .edge-pattern-dotted{stroke-dasharray:2;}#mermaid-1 .marker{fill:#0b0b0b;stroke:#0b0b0b;}#mermaid-1 .marker.cross{stroke:#0b0b0b;}#mermaid-1 svg{font-family:Inter,sans-serif;font-size:18px;}#mermaid-1 .label{font-family:Inter,sans-serif;color:#242929;}#mermaid-1 .cluster-label text{fill:#080605;}#mermaid-1 .cluster-label span{color:#080605;}#mermaid-1 .label text,#mermaid-1 span{fill:#242929;color:#242929;}#mermaid-1 .node rect,#mermaid-1 .node circle,#mermaid-1 .node ellipse,#mermaid-1 .node polygon,#mermaid-1 .node path{fill:#EDFAFF;stroke:#47BCEE;stroke-width:1px;}#mermaid-1 .node .label{text-align:center;}#mermaid-1 .node.clickable{cursor:pointer;}#mermaid-1 .arrowheadPath{fill:undefined;}#mermaid-1 .edgePath .path{stroke:#0b0b0b;stroke-width:2.0px;}#mermaid-1 .flowchart-link{stroke:#0b0b0b;fill:none;}#mermaid-1 .edgeLabel{background-color:#F4EFFC;text-align:center;}#mermaid-1 .edgeLabel rect{opacity:0.5;background-color:#F4EFFC;fill:#F4EFFC;}#mermaid-1 .cluster rect{fill:#F7F9FA;stroke:#BFC6C7;stroke-width:1px;}#mermaid-1 .cluster text{fill:#080605;}#mermaid-1 .cluster span{color:#080605;}#mermaid-1 div.mermaidTooltip{position:absolute;text-align:center;max-width:200px;padding:2px;font-family:Inter,sans-serif;font-size:12px;background:#F7F9FA;border:1px solid undefined;border-radius:2px;pointer-events:none;z-index:100;}#mermaid-1 .flowchartTitleText{text-anchor:middle;font-size:18px;fill:#242929;}#mermaid-1 :root{--mermaid-font-family:\"trebuchet ms\",verdana,arial,sans-serif;}</style><g><marker id=\"flowchart-pointEnd\" class=\"marker flowchart\" viewBox=\"0 0 10 10\" refX=\"10\" refY=\"5\" markerUnits=\"userSpaceOnUse\" markerWidth=\"12\" markerHeight=\"12\" orient=\"auto\"><path d=\"M 0 0 L 10 5 L 0 10 z\" class=\"arrowMarkerPath\" style=\"stroke-width: 1; stroke-dasharray: 1, 0;\"></path></marker><marker id=\"flowchart-pointStart\" class=\"marker flowchart\" viewBox=\"0 0 10 10\" refX=\"0\" refY=\"5\" markerUnits=\"userSpaceOnUse\" markerWidth=\"12\" markerHeight=\"12\" orient=\"auto\"><path d=\"M 0 5 L 10 10 L 10 0 z\" class=\"arrowMarkerPath\" style=\"stroke-width: 1; stroke-dasharray: 1, 0;\"></path></marker><marker id=\"flowchart-circleEnd\" class=\"marker flowchart\" viewBox=\"0 0 10 10\" refX=\"11\" refY=\"5\" markerUnits=\"userSpaceOnUse\" markerWidth=\"11\" markerHeight=\"11\" orient=\"auto\"><circle cx=\"5\" cy=\"5\" r=\"5\" class=\"arrowMarkerPath\" style=\"stroke-width: 1; stroke-dasharray: 1, 0;\"></circle></marker><marker id=\"flowchart-circleStart\" class=\"marker flowchart\" viewBox=\"0 0 10 10\" refX=\"-1\" refY=\"5\" markerUnits=\"userSpaceOnUse\" markerWidth=\"11\" markerHeight=\"11\" orient=\"auto\"><circle cx=\"5\" cy=\"5\" r=\"5\" class=\"arrowMarkerPath\" style=\"stroke-width: 1; stroke-dasharray: 1, 0;\"></circle></marker><marker id=\"flowchart-crossEnd\" class=\"marker cross flowchart\" viewBox=\"0 0 11 11\" refX=\"12\" refY=\"5.2\" markerUnits=\"userSpaceOnUse\" markerWidth=\"11\" markerHeight=\"11\" orient=\"auto\"><path d=\"M 1,1 l 9,9 M 10,1 l -9,9\" class=\"arrowMarkerPath\" style=\"stroke-width: 2; stroke-dasharray: 1, 0;\"></path></marker><marker id=\"flowchart-crossStart\" class=\"marker cross flowchart\" viewBox=\"0 0 11 11\" refX=\"-1\" refY=\"5.2\" markerUnits=\"userSpaceOnUse\" markerWidth=\"11\" markerHeight=\"11\" orient=\"auto\"><path d=\"M 1,1 l 9,9 M 10,1 l -9,9\" class=\"arrowMarkerPath\" style=\"stroke-width: 2; stroke-dasharray: 1, 0;\"></path></marker><g class=\"root\"><g class=\"clusters\"></g><g class=\"edgePaths\"><path d=\"M92.992,60.5L97.159,60.5C101.326,60.5,109.659,60.5,125.474,60.5C141.289,60.5,164.586,60.5,187.883,60.5C211.18,60.5,234.477,60.5,250.292,60.5C266.107,60.5,274.44,60.5,278.607,60.5L282.773,60.5\" id=\"L-a-c-0\" class=\" edge-thickness-normal edge-pattern-solid flowchart-link LS-a LE-c\" style=\"fill:none;\" marker-end=\"url(#flowchart-pointEnd)\"></path><path d=\"M551.895,51.305L546.913,52.838C541.932,54.37,531.97,57.435,515.036,58.968C498.102,60.5,474.195,60.5,450.289,60.5C426.383,60.5,402.477,60.5,386.357,60.5C370.237,60.5,361.904,60.5,357.737,60.5L353.57,60.5\" id=\"L-b-c-0\" class=\" edge-thickness-normal edge-pattern-solid flowchart-link LS-b LE-c\" style=\"fill:none;\" marker-end=\"url(#flowchart-pointEnd)\"></path><path d=\"M353.57,41.994L357.737,37.245C361.904,32.496,370.237,22.998,386.357,18.249C402.477,13.5,426.383,13.5,450.289,13.5C474.195,13.5,498.102,13.5,515.036,15.032C531.97,16.565,541.932,19.63,546.913,21.162L551.895,22.695\" id=\"L-c-b-0\" class=\" edge-thickness-normal edge-pattern-solid flowchart-link LS-c LE-b\" style=\"fill:none;\" marker-end=\"url(#flowchart-pointEnd)\"></path><path d=\"M348.205,90.804L353.266,97.337C358.327,103.87,368.449,116.935,385.463,123.467C402.477,130,426.383,130,450.289,130C474.195,130,498.102,130,514.221,130C530.341,130,538.674,130,542.841,130L547.008,130\" id=\"L-c-d-0\" class=\" edge-thickness-normal edge-pattern-solid flowchart-link LS-c LE-d\" style=\"fill:none;\" marker-end=\"url(#flowchart-pointEnd)\"></path></g><g class=\"edgeLabels\"><g class=\"edgeLabel\" transform=\"translate(187.8828125, 60.5)\"><g class=\"label\" transform=\"translate(-44.890625, -13.5)\"><foreignObject width=\"89.78125\" height=\"27\"><div xmlns=\"http://www.w3.org/1999/xhtml\" style=\"display: inline-block; white-space: nowrap;\"><span class=\"edgeLabel\">Message 1</span></div></foreignObject></g></g><g class=\"edgeLabel\" transform=\"translate(450.2890625, 60.5)\"><g class=\"label\" transform=\"translate(-46.71875, -13.5)\"><foreignObject width=\"93.4375\" height=\"27\"><div xmlns=\"http://www.w3.org/1999/xhtml\" style=\"display: inline-block; white-space: nowrap;\"><span class=\"edgeLabel\">Message 2</span></div></foreignObject></g></g><g class=\"edgeLabel\" transform=\"translate(450.2890625, 13.5)\"><g class=\"label\" transform=\"translate(-44.890625, -13.5)\"><foreignObject width=\"89.78125\" height=\"27\"><div xmlns=\"http://www.w3.org/1999/xhtml\" style=\"display: inline-block; white-space: nowrap;\"><span class=\"edgeLabel\">Message 1</span></div></foreignObject></g></g><g class=\"edgeLabel\" transform=\"translate(450.2890625, 130)\"><g class=\"label\" transform=\"translate(-46.71875, -13.5)\"><foreignObject width=\"93.4375\" height=\"27\"><div xmlns=\"http://www.w3.org/1999/xhtml\" style=\"display: inline-block; white-space: nowrap;\"><span class=\"edgeLabel\">Message 2</span></div></foreignObject></g></g></g><g class=\"nodes\"><g class=\"node default default\" id=\"flowchart-a-28\" transform=\"translate(46.49609375, 60.5)\"><rect class=\"basic label-container\" style=\"\" rx=\"0\" ry=\"0\" x=\"-46.49609375\" y=\"-21\" width=\"92.9921875\" height=\"42\"></rect><g class=\"label\" style=\"\" transform=\"translate(-38.99609375, -13.5)\"><foreignObject width=\"77.9921875\" height=\"27\"><div xmlns=\"http://www.w3.org/1999/xhtml\" style=\"display: inline-block; white-space: nowrap;\"><span class=\"nodeLabel\">Producer</span></div></foreignObject></g></g><g class=\"node default default\" id=\"flowchart-c-29\" label-offset-y=\"9.03958183704413\" transform=\"translate(318.171875, 60.5)\"><path style=\"\" d=\"M 0,9.03958183704413 a 35.3984375,9.03958183704413 0,0,0 70.796875 0 a 35.3984375,9.03958183704413 0,0,0 -70.796875 0 l 0,51.03958183704413 a 35.3984375,9.03958183704413 0,0,0 70.796875 0 l 0,-51.03958183704413\" transform=\"translate(-35.3984375,-34.559372755566194)\"></path><g class=\"label\" style=\"\" transform=\"translate(-27.8984375, -13.5)\"><foreignObject width=\"55.796875\" height=\"27\"><div xmlns=\"http://www.w3.org/1999/xhtml\" style=\"display: inline-block; white-space: nowrap;\"><span class=\"nodeLabel\">Broker</span></div></foreignObject></g></g><g class=\"node default default\" id=\"flowchart-b-30\" transform=\"translate(598.390625, 37)\"><rect class=\"basic label-container\" style=\"\" rx=\"0\" ry=\"0\" x=\"-46.49609375\" y=\"-21\" width=\"92.9921875\" height=\"42\"></rect><g class=\"label\" style=\"\" transform=\"translate(-38.99609375, -13.5)\"><foreignObject width=\"77.9921875\" height=\"27\"><div xmlns=\"http://www.w3.org/1999/xhtml\" style=\"display: inline-block; white-space: nowrap;\"><span class=\"nodeLabel\">Producer</span></div></foreignObject></g></g><g class=\"node default default\" id=\"flowchart-d-35\" transform=\"translate(598.390625, 130)\"><rect class=\"basic label-container\" style=\"\" rx=\"0\" ry=\"0\" x=\"-51.3828125\" y=\"-21\" width=\"102.765625\" height=\"42\"></rect><g class=\"label\" style=\"\" transform=\"translate(-43.8828125, -13.5)\"><foreignObject width=\"87.765625\" height=\"27\"><div xmlns=\"http://www.w3.org/1999/xhtml\" style=\"display: inline-block; white-space: nowrap;\"><span class=\"nodeLabel\">Consumer</span></div></foreignObject></g></g></g></g></g></svg>",
        "context": "#mermaid-1{font-family:Inter,sans-serif;font-size:18px;fill:#242929;}#mermaid-1 .error-icon{fill:#F7F9FA;}#mermaid-1 .error-text{fill:#080605;stroke:#080605;}#mermaid-1 .edge-thickness-normal{stroke-width:2px;}#mermaid-1 .edge-thickness-thick{stroke-width:3.5px;}#mermaid-1 .edge-pattern-solid{stroke-dasharray:0;}#mermaid-1 .edge-pattern-dashed{stroke-dasharray:3;}#mermaid-1 .edge-pattern-dotted{stroke-dasharray:2;}#mermaid-1 .marker{fill:#0b0b0b;stroke:#0b0b0b;}#mermaid-1 .marker.cross{stroke:#0b0b0b;}#mermaid-1 svg{font-family:Inter,sans-serif;font-size:18px;}#mermaid-1 .label{font-family:Inter,sans-serif;color:#242929;}#mermaid-1 .cluster-label text{fill:#080605;}#mermaid-1 .cluster-label span{color:#080605;}#mermaid-1 .label text,#mermaid-1 span{fill:#242929;color:#242929;}#mermaid-1 .node rect,#mermaid-1 .node circle,#mermaid-1 .node ellipse,#mermaid-1 .node polygon,#mermaid-1 .node path{fill:#EDFAFF;stroke:#47BCEE;stroke-width:1px;}#mermaid-1 .node .label{text-align:center;}#mermaid-1 .node.clickable{cursor:pointer;}#mermaid-1 .arrowheadPath{fill:undefined;}#mermaid-1 .edgePath .path{stroke:#0b0b0b;stroke-width:2.0px;}#mermaid-1 .flowchart-link{stroke:#0b0b0b;fill:none;}#mermaid-1 .edgeLabel{background-color:#F4EFFC;text-align:center;}#mermaid-1 .edgeLabel rect{opacity:0.5;background-color:#F4EFFC;fill:#F4EFFC;}#mermaid-1 .cluster rect{fill:#F7F9FA;stroke:#BFC6C7;stroke-width:1px;}#mermaid-1 .cluster text{fill:#080605;}#mermaid-1 .cluster span{color:#080605;}#mermaid-1 div.mermaidTooltip{position:absolute;text-align:center;max-width:200px;padding:2px;font-family:Inter,sans-serif;font-size:12px;background:#F7F9FA;border:1px solid undefined;border-radius:2px;pointer-events:none;z-index:100;}#mermaid-1 .flowchartTitleText{text-anchor:middle;font-size:18px;fill:#242929;}#mermaid-1 :root{--mermaid-font-family:\"trebuchet ms\",verdana,arial,sans-serif;}Message 1Message 2Message 1Message 2ProducerBrokerProducerConsumer",
        "description": "SVG containing 9 paths, 2 circles, and 3 rectangles."
      }
    ],
    "codeBlocks": [],
    "tables": [],
    "highlights": []
  }
}