{
  "metadata": {
    "url": "https://www.asyncapi.com/docs",
    "timestamp": "2025-03-12T17:42:20.812Z",
    "source": "asyncapi_docs"
  },
  "content": {
    "title": "Docs",
    "hierarchy": {
      "sections": {
        "Welcome to AsyncAPI Docs!": {
          "level": 2,
          "content": "AsyncAPI is an open source initiative that seeks to improve the current state of Event-Driven Architectures (EDA). Our long-term goal is to make working with EDAs as easy as working with REST APIs. That goes from documentation to code generation, from discovery to event management, and beyond."
        },
        "Explore the Docs": {
          "level": 2,
          "content": "ConceptsOur Concepts section defines the concepts of AsyncAPI features and capabilities.TutorialsOur Tutorials section teaches beginner processes with AsyncAPI, guiding you from Point A to Point B.GuidesOur Guides section teaches AsyncAPI's capabilities at a high level.ToolsOur Tools section documents the AsyncAPI tools ecosystem.ReferenceOur Reference section documents the AsyncAPI specification.MigrationOur migration guides on how to upgrade to newer AsyncAPI versions.CommunityOur Community section documents the community guidelines and resources.Specification ExplorerSimplifying our Specification JSON Schema like a pro."
        },
        "Concepts": {
          "level": 3,
          "content": "Our Concepts section defines the concepts of AsyncAPI features and capabilities."
        },
        "Tutorials": {
          "level": 3,
          "content": "Our Tutorials section teaches beginner processes with AsyncAPI, guiding you from Point A to Point B."
        },
        "Guides": {
          "level": 3,
          "content": "Our Guides section teaches AsyncAPI's capabilities at a high level."
        },
        "Tools": {
          "level": 3,
          "content": "Our Tools section documents the AsyncAPI tools ecosystem."
        },
        "Reference": {
          "level": 3,
          "content": "Our Reference section documents the AsyncAPI specification."
        },
        "Migration": {
          "level": 3,
          "content": "Our migration guides on how to upgrade to newer AsyncAPI versions."
        },
        "Community": {
          "level": 3,
          "content": "Our Community section documents the community guidelines and resources."
        },
        "Specification Explorer": {
          "level": 3,
          "content": "Simplifying our Specification JSON Schema like a pro."
        }
      },
      "navigation": [
        {
          "text": "Welcome",
          "href": "https://www.asyncapi.com/docs",
          "subItems": []
        },
        {
          "text": "Concepts",
          "href": "https://www.asyncapi.com/docs/concepts",
          "subItems": []
        },
        {
          "text": "Tutorials",
          "href": "https://www.asyncapi.com/docs/tutorials",
          "subItems": []
        },
        {
          "text": "Tools",
          "href": "https://www.asyncapi.com/docs/tools",
          "subItems": []
        },
        {
          "text": "Guides",
          "href": "https://www.asyncapi.com/docs/guides",
          "subItems": []
        },
        {
          "text": "Reference",
          "href": "https://www.asyncapi.com/docs/reference",
          "subItems": []
        },
        {
          "text": "Migrations",
          "href": "https://www.asyncapi.com/docs/migration",
          "subItems": []
        },
        {
          "text": "Community",
          "href": "https://www.asyncapi.com/docs/community",
          "subItems": []
        }
      ]
    },
    "full_text": "Welcome to AsyncAPI Docs!\nAsyncAPI is an open source initiative that seeks to improve the current state of Event-Driven Architectures (EDA). Our long-term goal is to make working with EDAs as easy as working with REST APIs. That goes from documentation to code generation, from discovery to event management, and beyond.\nExplore the Docs\nConceptsOur Concepts section defines the concepts of AsyncAPI features and capabilities.TutorialsOur Tutorials section teaches beginner processes with AsyncAPI, guiding you from Point A to Point B.GuidesOur Guides section teaches AsyncAPI's capabilities at a high level.ToolsOur Tools section documents the AsyncAPI tools ecosystem.ReferenceOur Reference section documents the AsyncAPI specification.MigrationOur migration guides on how to upgrade to newer AsyncAPI versions.CommunityOur Community section documents the community guidelines and resources.Specification ExplorerSimplifying our Specification JSON Schema like a pro.",
    "sections": [
      {
        "title": "Welcome to AsyncAPI Docs!",
        "level": 2,
        "text": "AsyncAPI is an open source initiative that seeks to improve the current state of Event-Driven Architectures (EDA). Our long-term goal is to make working with EDAs as easy as working with REST APIs. That goes from documentation to code generation, from discovery to event management, and beyond."
      },
      {
        "title": "Explore the Docs",
        "level": 2,
        "text": "ConceptsOur Concepts section defines the concepts of AsyncAPI features and capabilities.TutorialsOur Tutorials section teaches beginner processes with AsyncAPI, guiding you from Point A to Point B.GuidesOur Guides section teaches AsyncAPI's capabilities at a high level.ToolsOur Tools section documents the AsyncAPI tools ecosystem.ReferenceOur Reference section documents the AsyncAPI specification.MigrationOur migration guides on how to upgrade to newer AsyncAPI versions.CommunityOur Community section documents the community guidelines and resources.Specification ExplorerSimplifying our Specification JSON Schema like a pro."
      },
      {
        "title": "Concepts",
        "level": 3,
        "text": "Our Concepts section defines the concepts of AsyncAPI features and capabilities."
      },
      {
        "title": "Tutorials",
        "level": 3,
        "text": "Our Tutorials section teaches beginner processes with AsyncAPI, guiding you from Point A to Point B."
      },
      {
        "title": "Guides",
        "level": 3,
        "text": "Our Guides section teaches AsyncAPI's capabilities at a high level."
      },
      {
        "title": "Tools",
        "level": 3,
        "text": "Our Tools section documents the AsyncAPI tools ecosystem."
      },
      {
        "title": "Reference",
        "level": 3,
        "text": "Our Reference section documents the AsyncAPI specification."
      },
      {
        "title": "Migration",
        "level": 3,
        "text": "Our migration guides on how to upgrade to newer AsyncAPI versions."
      },
      {
        "title": "Community",
        "level": 3,
        "text": "Our Community section documents the community guidelines and resources."
      },
      {
        "title": "Specification Explorer",
        "level": 3,
        "text": "Simplifying our Specification JSON Schema like a pro."
      }
    ],
    "svgs": [
      {
        "id": "svg_0",
        "content": "<svg class=\"size-6\" stroke-width=\".5\" fill=\"currentColor\" xmlns=\"http://www.w3.org/2000/svg\" xmlns:xlink=\"http://www.w3.org/1999/xlink\" version=\"1.1\" viewBox=\"0 0 20 20\" xml:space=\"preserve\"><g><g><path d=\"M12.1,4.4c0.9-0.9,2.5-0.9,3.4,0c0.9,0.9,0.9,2.5,0,3.4c-0.9,0.9-2.5,0.9-3.4,0S11.2,5.4,12.1,4.4 L12.1,4.4z M14.8,7.1c0.6-0.6,0.6-1.5,0-2s-1.5-0.6-2,0c-0.6,0.6-0.6,1.5,0,2C13.3,7.7,14.2,7.7,14.8,7.1L14.8,7.1z\"></path></g><g><path d=\"M5.8,15.7c0.2-0.2,0.5-0.2,0.7,0c0.2,0.2,0.2,0.5,0,0.7l-1.1,1.1C4.9,18,4,18,3.5,17.5l-1.1-1.1 c-0.5-0.5-0.5-1.3,0-1.9l1.1-1.1c0.2-0.2,0.5-0.2,0.7,0c0.2,0.2,0.2,0.5,0,0.7l-1.2,1.2c-0.2,0.2-0.2,0.4,0,0.5L4,16.9 c0.2,0.2,0.4,0.2,0.5,0L5.8,15.7L5.8,15.7z\"></path></g><g><path d=\"M9.8,5.3l-5.6,7C4,12.5,4,12.8,4.2,13l2.6,2.6c0.2,0.2,0.4,0.2,0.7,0l7-5.6c2.5-2,3.8-5.2,3.4-8.2 C14.9,1.5,11.7,2.8,9.8,5.3L9.8,5.3z M8.6,16l-0.6,0.5c-0.6,0.4-1.4,0.3-1.9-0.2l-2.6-2.6c-0.5-0.5-0.6-1.3-0.1-1.9L4,11.2 L1.2,9.4c-0.2-0.2-0.2-0.6,0-0.7l3.4-2.6c1-0.8,2.4-1,3.5-0.4l0.2,0.2l0,0l0.7-1c2.3-2.9,6-4.3,9.4-3.7c0.2,0,0.3,0.2,0.4,0.4 C19.5,5,18,8.7,15.2,11l-1,0.7l0,0l0.2,0.2c0.6,1.1,0.4,2.5-0.4,3.5l-2.6,3.4c-0.2,0.2-0.6,0.2-0.7,0L8.6,16L8.6,16z M9.4,15.3 l1.6,2.3l2.2-2.8c0.6-0.7,0.7-1.7,0.2-2.5l-0.1-0.1L9.4,15.3L9.4,15.3z M4.5,10.5l3.2-4L7.6,6.4C6.8,6,5.8,6.1,5.1,6.6L2.3,8.8 L4.5,10.5L4.5,10.5z\"></path></g><g><defs><path d=\"M12.1,4.4c0.9-0.9,2.5-0.9,3.4,0c0.9,0.9,0.9,2.5,0,3.4c-0.9,0.9-2.5,0.9-3.4,0S11.2,5.4,12.1,4.4 L12.1,4.4z M14.8,7.1c0.6-0.6,0.6-1.5,0-2s-1.5-0.6-2,0c-0.6,0.6-0.6,1.5,0,2C13.3,7.7,14.2,7.7,14.8,7.1L14.8,7.1z\"></path></defs><clipPath><use xlink:href=\"#SVGID_27_\" style=\"overflow:visible\"></use></clipPath></g><g><defs><path d=\"M12.1,4.4c0.9-0.9,2.5-0.9,3.4,0c0.9,0.9,0.9,2.5,0,3.4c-0.9,0.9-2.5,0.9-3.4,0S11.2,5.4,12.1,4.4 L12.1,4.4z M14.8,7.1c0.6-0.6,0.6-1.5,0-2s-1.5-0.6-2,0c-0.6,0.6-0.6,1.5,0,2C13.3,7.7,14.2,7.7,14.8,7.1L14.8,7.1z\"></path></defs><defs><path d=\"M5.8,15.7c0.2-0.2,0.5-0.2,0.7,0c0.2,0.2,0.2,0.5,0,0.7l-1.1,1.1C4.9,18,4,18,3.5,17.5l-1.1-1.1 c-0.5-0.5-0.5-1.3,0-1.9l1.1-1.1c0.2-0.2,0.5-0.2,0.7,0c0.2,0.2,0.2,0.5,0,0.7l-1.2,1.2c-0.2,0.2-0.2,0.4,0,0.5L4,16.9 c0.2,0.2,0.4,0.2,0.5,0L5.8,15.7L5.8,15.7z\"></path></defs><clipPath><use xlink:href=\"#SVGID_29_\" style=\"overflow:visible\"></use></clipPath><clipPath class=\"st3\"><use xlink:href=\"#SVGID_30_\" style=\"overflow:visible\"></use></clipPath></g></g></svg>",
        "context": "",
        "description": "SVG containing 6 paths, 0 circles, and 0 rectangles."
      },
      {
        "id": "svg_1",
        "content": "<svg class=\"size-6\" stroke-width=\".5\" fill=\"currentColor\" xmlns=\"http://www.w3.org/2000/svg\" xmlns:xlink=\"http://www.w3.org/1999/xlink\" version=\"1.1\" viewBox=\"0 0 20 20\" xml:space=\"preserve\"><path d=\"M17.1,19c-1.2,0-2.2-1-2.2-2.2c0-0.8,0.7-1.8,1.9-3l0.3-0.3l0.3,0.3c1.3,1.2,1.9,2.2,1.9,3 C19.3,18,18.4,19,17.1,19L17.1,19z M15.8,16.8c0,0.7,0.6,1.3,1.3,1.3s1.3-0.6,1.3-1.3c0-0.4-0.4-1.1-1.3-2 C16.2,15.6,15.8,16.3,15.8,16.8L15.8,16.8z\"></path><path d=\"M16.7,6.7l-1.8,1l0,0v5.5c0,0.1-0.1,0.2-0.1,0.3c-1.1,1.3-3,1.9-5.7,1.9s-4.6-0.6-5.7-1.9 c-0.1-0.1-0.1-0.1-0.1-0.3V7.7l0,0L0.9,6.3c-0.3-0.1-0.3-0.6,0-0.7l8-4.5C9,1,9.2,1,9.3,1.1l8,4.4c0.1,0.1,0.2,0.2,0.2,0.4v8.4 h-0.9L16.7,6.7L16.7,6.7z M14,8.2l-4.7,2.6c-0.1,0.1-0.3,0.1-0.4,0L4.2,8.2v4.8c0.9,0.9,2.5,1.4,4.9,1.4c2.4,0,4-0.4,4.9-1.4V8.2 H14z M2,5.9l7.1,4l7.1-4L9.1,2L2,5.9L2,5.9z\"></path><path d=\"M17.1,19c-1.2,0-2.2-1-2.2-2.2c0-0.8,0.7-1.8,1.9-3l0.3-0.3l0.3,0.3c1.3,1.2,1.9,2.2,1.9,3 C19.3,18,18.4,19,17.1,19L17.1,19z M15.8,16.8c0,0.7,0.6,1.3,1.3,1.3s1.3-0.6,1.3-1.3c0-0.4-0.4-1.1-1.3-2 C16.2,15.6,15.8,16.3,15.8,16.8L15.8,16.8z\"></path></svg>",
        "context": "",
        "description": "SVG containing 3 paths, 0 circles, and 0 rectangles."
      },
      {
        "id": "svg_2",
        "content": "<svg xmlns=\"http://www.w3.org/2000/svg\" fill=\"none\" viewBox=\"0 0 24 24\" stroke-width=\"1.5\" stroke=\"currentColor\" class=\"size-5 size-6\"><path stroke-linecap=\"round\" stroke-linejoin=\"round\" d=\"M12 6.042A8.967 8.967 0 006 3.75c-1.052 0-2.062.18-3 .512v14.25A8.987 8.987 0 016 18c2.305 0 4.408.867 6 2.292m0-14.25a8.966 8.966 0 016-2.292c1.052 0 2.062.18 3 .512v14.25A8.987 8.987 0 0018 18a8.967 8.967 0 00-6 2.292m0-14.25v14.25\"></path></svg>",
        "context": "",
        "description": "SVG containing 1 paths, 0 circles, and 0 rectangles."
      },
      {
        "id": "svg_3",
        "content": "<svg class=\"size-6\" stroke-width=\".5\" fill=\"currentColor\" xmlns=\"http://www.w3.org/2000/svg\" xmlns:xlink=\"http://www.w3.org/1999/xlink\" version=\"1.1\" viewBox=\"0 0 20 20\" xml:space=\"preserve\"><path d=\"M16.7,4.6h0.5v0.5c0,1.8-0.7,3.6-2,4.8s-3,2-4.8,2H9.9v-0.5c0-1.8,0.7-3.6,2-4.8 C13.3,5.2,15,4.5,16.7,4.6z M14.6,9.2c1-1,1.6-2.3,1.7-3.7c-1.4,0.1-2.7,0.7-3.7,1.7s-1.6,2.3-1.7,3.7 C12.3,10.8,13.6,10.2,14.6,9.2z M3.3,1c1.8,0,3.6,0.7,4.8,2s2,3,2,4.8v0.5H9.6c-1.8,0-3.6-0.7-4.8-2s-2-3-2-4.8V1L3.3,1z M5.4,5.6 c1,1,2.3,1.6,3.7,1.7C9,5.9,8.4,4.5,7.4,3.6S5.1,2,3.7,1.9C3.8,3.3,4.4,4.6,5.4,5.6z\"></path><path d=\"M9.5,15.4c-1.6,0-2.9,1.1-3.1,2.7h6.2C12.4,16.6,11.1,15.4,9.5,15.4z M9.1,14.5V8.3H10v6.3 c2,0.2,3.6,2,3.6,4V19h-8v-0.5C5.5,16.4,7.1,14.8,9.1,14.5z\"></path><path d=\"M16.7,4.6h0.5v0.5c0,1.8-0.7,3.6-2,4.8s-3,2-4.8,2H9.9v-0.5c0-1.8,0.7-3.6,2-4.8 C13.3,5.2,15,4.5,16.7,4.6z M14.6,9.2c1-1,1.6-2.3,1.7-3.7c-1.4,0.1-2.7,0.7-3.7,1.7s-1.6,2.3-1.7,3.7 C12.3,10.8,13.6,10.2,14.6,9.2z M3.3,1c1.8,0,3.6,0.7,4.8,2s2,3,2,4.8v0.5H9.6c-1.8,0-3.6-0.7-4.8-2s-2-3-2-4.8V1L3.3,1z M5.4,5.6c1,1,2.3,1.6,3.7,1.7C9,5.9,8.4,4.5,7.4,3.6S5.1,2,3.7,1.9C3.8,3.3,4.4,4.6,5.4,5.6z\"></path></svg>",
        "context": "",
        "description": "SVG containing 3 paths, 0 circles, and 0 rectangles."
      },
      {
        "id": "svg_4",
        "content": "<svg class=\"size-6\" stroke-width=\".5\" fill=\"currentColor\" xmlns=\"http://www.w3.org/2000/svg\" xmlns:xlink=\"http://www.w3.org/1999/xlink\" version=\"1.1\" viewBox=\"0 0 20 20\" xml:space=\"preserve\"><path d=\"M6.3,12.5c-0.2,0-0.5-0.2-0.5-0.5c0-0.2,0.2-0.5,0.5-0.5h6.8c0.2,0,0.5,0.2,0.5,0.5c0,0.2-0.2,0.5-0.5,0.5 H6.3L6.3,12.5z M6.3,15.1c-0.2,0-0.5-0.2-0.5-0.5c0-0.2,0.2-0.5,0.5-0.5h5.1c0.2,0,0.5,0.2,0.5,0.5c0,0.2-0.2,0.5-0.5,0.5H6.3 L6.3,15.1z M6.3,9.9c-0.2,0-0.5-0.2-0.5-0.5C5.9,9.2,6,9,6.3,9h2.6c0.2,0,0.5,0.2,0.5,0.5c0,0.2-0.2,0.5-0.5,0.5H6.3L6.3,9.9z\"></path><path d=\"M17.9,16.3c0,1.6-1.3,3-3,3H4.6c-1.6,0-3-1.3-3-3V2.7c0-0.7,0.5-1.3,1.3-1.3h9.9c0.4,0,0.8,0.2,1,0.5 l3.8,4.6c0.2,0.2,0.3,0.5,0.3,0.9L17.9,16.3L17.9,16.3z M16.6,6.5L13.6,3v3.1c0,0.2,0.2,0.5,0.5,0.5L16.6,6.5L16.6,6.5z M2.9,2.2 c-0.2,0-0.5,0.2-0.5,0.5v13.7c0,1.2,0.9,2.2,2.2,2.2H15c1.2,0,2.2-0.9,2.2-2.2V7.8c0-0.2-0.2-0.5-0.5-0.5H14 c-0.7,0-1.3-0.5-1.3-1.3V2.7c0-0.2-0.2-0.5-0.5-0.5H2.9L2.9,2.2z\"></path><path d=\"M6.3,12.5c-0.2,0-0.5-0.2-0.5-0.5c0-0.2,0.2-0.5,0.5-0.5h6.8c0.2,0,0.5,0.2,0.5,0.5 c0,0.2-0.2,0.5-0.5,0.5H6.3L6.3,12.5z M6.3,15.1c-0.2,0-0.5-0.2-0.5-0.5c0-0.2,0.2-0.5,0.5-0.5h5.1c0.2,0,0.5,0.2,0.5,0.5 c0,0.2-0.2,0.5-0.5,0.5H6.3L6.3,15.1z M6.3,9.9c-0.2,0-0.5-0.2-0.5-0.5C5.9,9.2,6,9,6.3,9h2.6c0.2,0,0.5,0.2,0.5,0.5 c0,0.2-0.2,0.5-0.5,0.5H6.3L6.3,9.9z\"></path></svg>",
        "context": "",
        "description": "SVG containing 3 paths, 0 circles, and 0 rectangles."
      },
      {
        "id": "svg_5",
        "content": "<svg width=\"800px\" height=\"800px\" viewBox=\"0 0 1024 1024\" version=\"1.1\" xmlns=\"http://www.w3.org/2000/svg\" class=\"size-6\"><path d=\"M550.208 960H209.28A81.792 81.792 0 0 1 128 877.76V146.24A81.92 81.92 0 0 1 209.344 64h613.632a81.92 81.92 0 0 1 81.28 82.432v405.76a29.824 29.824 0 1 1-59.584 0V146.56a22.272 22.272 0 0 0-21.76-22.656H209.408a22.08 22.08 0 0 0-21.696 22.528v731.52a21.76 21.76 0 0 0 21.44 22.464h341.056a29.824 29.824 0 0 1 0.064 59.584z m196.352-600.96H285.824a29.824 29.824 0 1 1 0-59.712h460.8a29.824 29.824 0 1 1 0 59.712z m-204.8 156.8H285.824a29.824 29.824 0 1 1 0-59.712h255.936a29.824 29.824 0 1 1 0 59.648z m179.2 391.936c-101.12 0-183.424-83.84-183.424-186.624a29.824 29.824 0 1 1 59.712 0c0 70.016 55.552 126.976 123.584 126.976 17.408 0 34.24-3.712 50.048-10.88a29.888 29.888 0 0 1 24.768 54.336c-23.552 10.688-48.64 16.192-74.688 16.192z m153.6-156.8a29.824 29.824 0 0 1-29.824-29.824c0-70.016-55.552-126.976-123.648-126.976-16.32 0-32.384 3.2-47.36 9.6a29.888 29.888 0 0 1-23.424-54.912 180.224 180.224 0 0 1 70.784-14.336c101.12 0 183.424 83.84 183.424 186.624a30.016 30.016 0 0 1-29.952 29.824z m-204.8-104.576h-51.264a29.76 29.76 0 0 1-25.28-14.08 30.144 30.144 0 0 1-1.536-28.928l25.6-52.352a29.696 29.696 0 0 1 53.632 0l25.6 52.352a29.696 29.696 0 0 1-1.472 28.928 29.504 29.504 0 0 1-25.28 14.08z m127.552 269.568h-1.024a29.696 29.696 0 0 1-24.896-14.848l-25.6-44.288a29.888 29.888 0 0 1 23.808-44.672l58.048-4.032c11.392-0.704 22.144 5.12 27.904 14.848a30.016 30.016 0 0 1-1.024 31.616l-32.448 48.256a29.824 29.824 0 0 1-24.768 13.12z\" fill=\"#000000\"></path></svg>",
        "context": "",
        "description": "SVG containing 1 paths, 0 circles, and 0 rectangles."
      },
      {
        "id": "svg_6",
        "content": "<svg xmlns=\"http://www.w3.org/2000/svg\" width=\"24\" height=\"24\" viewBox=\"0 0 24 24\" fill=\"none\" stroke=\"currentColor\" stroke-width=\"1.3\" stroke-linecap=\"round\" stroke-linejoin=\"round\" class=\"size-6\"><path d=\"M17 21v-2a4 4 0 0 0-4-4H5a4 4 0 0 0-4 4v2\"></path><circle cx=\"9\" cy=\"7\" r=\"4\"></circle><path d=\"M23 21v-2a4 4 0 0 0-3-3.87\"></path><path d=\"M16 3.13a4 4 0 0 1 0 7.75\"></path></svg>",
        "context": "",
        "description": "SVG containing 3 paths, 1 circles, and 0 rectangles."
      },
      {
        "id": "svg_7",
        "content": "<svg fill=\"#000000\" class=\"size-6\" width=\"35px\" height=\"35px\" viewBox=\"-2.4 -2.4 28.80 28.80\" stroke=\"#000000\" stroke-width=\"0.1\" transform=\"matrix(1, 0, 0, 1, 0, 0)rotate(0)\"><g id=\"SVGRepo_bgCarrier\" stroke-width=\"0\"></g><g id=\"SVGRepo_tracerCarrier\" stroke-linecap=\"round\" stroke-linejoin=\"round\" stroke=\"#CCCCCC\" stroke-width=\"0.384\"></g><path d=\"M6,6H4A1,1,0,0,1,4,4H6V2A1,1,0,0,1,8,2V4h2a1,1,0,0,1,0,2H8V8A1,1,0,0,1,6,8Zm15,4v4a1,1,0,0,1-1,1H16a1,1,0,0,1-1-1V13H8v6h7V18a1,1,0,0,1,1-1h4a1,1,0,0,1,1,1v4a1,1,0,0,1-1,1H16a1,1,0,0,1-1-1V21H7a1,1,0,0,1-1-1V12a1,1,0,0,1,1-1h8V10a1,1,0,0,1,1-1h4A1,1,0,0,1,21,10ZM17,21h2V19H17Zm2-10H17v2h2Z\"></path></svg>",
        "context": "",
        "description": "SVG containing 1 paths, 0 circles, and 0 rectangles."
      }
    ],
    "codeBlocks": [],
    "tables": [],
    "highlights": []
  }
}