{
  "metadata": {
    "url": "https://www.asyncapi.com/docs/migration",
    "timestamp": "2025-03-12T17:43:07.524Z",
    "source": "asyncapi_docs"
  },
  "content": {
    "title": "Migration",
    "hierarchy": {
      "sections": {},
      "navigation": [
        {
          "text": "Welcome",
          "href": "https://www.asyncapi.com/docs",
          "subItems": []
        },
        {
          "text": "Concepts",
          "href": "https://www.asyncapi.com/docs/concepts",
          "subItems": []
        },
        {
          "text": "Tutorials",
          "href": "https://www.asyncapi.com/docs/tutorials",
          "subItems": []
        },
        {
          "text": "Tools",
          "href": "https://www.asyncapi.com/docs/tools",
          "subItems": []
        },
        {
          "text": "Guides",
          "href": "https://www.asyncapi.com/docs/guides",
          "subItems": []
        },
        {
          "text": "Reference",
          "href": "https://www.asyncapi.com/docs/reference",
          "subItems": []
        },
        {
          "text": "Migrations",
          "href": "https://www.asyncapi.com/docs/migration",
          "subItems": [
            {
              "text": "Overview",
              "href": "https://www.asyncapi.com/docs/migration"
            },
            {
              "text": "Migrating to v3",
              "href": "https://www.asyncapi.com/docs/migration/migrating-to-v3"
            }
          ]
        },
        {
          "text": "Community",
          "href": "https://www.asyncapi.com/docs/community",
          "subItems": []
        }
      ]
    },
    "full_text": "",
    "sections": [],
    "svgs": [],
    "codeBlocks": [],
    "tables": [],
    "highlights": []
  }
}