{
  "metadata": {
    "url": "https://www.asyncapi.com/docs/reference",
    "timestamp": "2025-03-12T17:42:58.551Z",
    "source": "asyncapi_docs"
  },
  "content": {
    "title": "Reference",
    "hierarchy": {
      "sections": {
        "Reference: AsyncAPI Specification": {
          "level": 2,
          "content": "Welcome to AsyncAPI Reference! Our Reference section documents the AsyncAPI specification.RememberContribute to the AsyncAPI Reference sectionCode isn't the only way to contribute to OSS; Dev Docs are a huge help that benefit the entire OSS ecosystem. At AsyncAPI, we value Doc contributions as much as every other type of contribution. ❤️\nTo get started as a Docs contributor:\n\nFamiliarize yourself with our project's Contribution Guide and our Code of Conduct.\nHead over to our AsyncAPI Docs Board.\nPick an issue you would like to contribute to and leave a comment introducing yourself. This is also the perfect place to leave any questions you may have on how to get started.\nIf there is no work done in that Docs issue yet, feel free to open a PR and get started!\n\nDocs contributor questions\nDo you have a documentation contributor question and you're wondering how to tag me into a GitHub discussion or PR? Never fear!\nTag me in your AsyncAPI Doc PRs or GitHub Discussions via my GitHub handle, quetzalliwrites 🐙."
        },
        "Remember": {
          "level": 5,
          "content": "Contribute to the AsyncAPI Reference sectionCode isn't the only way to contribute to OSS; Dev Docs are a huge help that benefit the entire OSS ecosystem. At AsyncAPI, we value Doc contributions as much as every other type of contribution. ❤️\nTo get started as a Docs contributor:\n\nFamiliarize yourself with our project's Contribution Guide and our Code of Conduct.\nHead over to our AsyncAPI Docs Board.\nPick an issue you would like to contribute to and leave a comment introducing yourself. This is also the perfect place to leave any questions you may have on how to get started.\nIf there is no work done in that Docs issue yet, feel free to open a PR and get started!\n\nDocs contributor questions\nDo you have a documentation contributor question and you're wondering how to tag me into a GitHub discussion or PR? Never fear!\nTag me in your AsyncAPI Doc PRs or GitHub Discussions via my GitHub handle, quetzalliwrites 🐙."
        },
        "Contribute to the AsyncAPI Reference section": {
          "level": 2,
          "content": "Code isn't the only way to contribute to OSS; Dev Docs are a huge help that benefit the entire OSS ecosystem. At AsyncAPI, we value Doc contributions as much as every other type of contribution. ❤️To get started as a Docs contributor:\nFamiliarize yourself with our project's Contribution Guide and our Code of Conduct.\nHead over to our AsyncAPI Docs Board.\nPick an issue you would like to contribute to and leave a comment introducing yourself. This is also the perfect place to leave any questions you may have on how to get started.\nIf there is no work done in that Docs issue yet, feel free to open a PR and get started!\nDocs contributor questionsDo you have a documentation contributor question and you're wondering how to tag me into a GitHub discussion or PR? Never fear!Tag me in your AsyncAPI Doc PRs or GitHub Discussions via my GitHub handle, quetzalliwrites 🐙."
        },
        "Docs contributor questions": {
          "level": 3,
          "content": "Do you have a documentation contributor question and you're wondering how to tag me into a GitHub discussion or PR? Never fear!Tag me in your AsyncAPI Doc PRs or GitHub Discussions via my GitHub handle, quetzalliwrites 🐙."
        }
      },
      "navigation": [
        {
          "text": "Welcome",
          "href": "https://www.asyncapi.com/docs",
          "subItems": []
        },
        {
          "text": "Concepts",
          "href": "https://www.asyncapi.com/docs/concepts",
          "subItems": []
        },
        {
          "text": "Tutorials",
          "href": "https://www.asyncapi.com/docs/tutorials",
          "subItems": []
        },
        {
          "text": "Tools",
          "href": "https://www.asyncapi.com/docs/tools",
          "subItems": []
        },
        {
          "text": "Guides",
          "href": "https://www.asyncapi.com/docs/guides",
          "subItems": []
        },
        {
          "text": "Reference",
          "href": "https://www.asyncapi.com/docs/reference",
          "subItems": [
            {
              "text": "Overview",
              "href": "https://www.asyncapi.com/docs/reference"
            },
            {
              "text": "Specification",
              "href": "https://www.asyncapi.com/docs/reference/specification/v3.0.0"
            },
            {
              "text": "Extensions",
              "href": "https://www.asyncapi.com/docs/reference/extensions"
            },
            {
              "text": "Bindings",
              "href": "https://www.asyncapi.com/docs/reference/bindings"
            }
          ]
        },
        {
          "text": "Migrations",
          "href": "https://www.asyncapi.com/docs/migration",
          "subItems": []
        },
        {
          "text": "Community",
          "href": "https://www.asyncapi.com/docs/community",
          "subItems": []
        }
      ]
    },
    "full_text": "Reference: AsyncAPI Specification\nWelcome to AsyncAPI Reference! Our Reference section documents the AsyncAPI specification.\nRememberContribute to the AsyncAPI Reference sectionCode isn't the only way to contribute to OSS; Dev Docs are a huge help that benefit the entire OSS ecosystem. At AsyncAPI, we value Doc contributions as much as every other type of contribution. ❤️\nTo get started as a Docs contributor:\n\nFamiliarize yourself with our project's Contribution Guide and our Code of Conduct.\nHead over to our AsyncAPI Docs Board.\nPick an issue you would like to contribute to and leave a comment introducing yourself. This is also the perfect place to leave any questions you may have on how to get started.\nIf there is no work done in that Docs issue yet, feel free to open a PR and get started!\n\nDocs contributor questions\nDo you have a documentation contributor question and you're wondering how to tag me into a GitHub discussion or PR? Never fear!\nTag me in your AsyncAPI Doc PRs or GitHub Discussions via my GitHub handle, quetzalliwrites 🐙.",
    "sections": [
      {
        "title": "Reference: AsyncAPI Specification",
        "level": 2,
        "text": "Welcome to AsyncAPI Reference! Our Reference section documents the AsyncAPI specification.RememberContribute to the AsyncAPI Reference sectionCode isn't the only way to contribute to OSS; Dev Docs are a huge help that benefit the entire OSS ecosystem. At AsyncAPI, we value Doc contributions as much as every other type of contribution. ❤️\nTo get started as a Docs contributor:\n\nFamiliarize yourself with our project's Contribution Guide and our Code of Conduct.\nHead over to our AsyncAPI Docs Board.\nPick an issue you would like to contribute to and leave a comment introducing yourself. This is also the perfect place to leave any questions you may have on how to get started.\nIf there is no work done in that Docs issue yet, feel free to open a PR and get started!\n\nDocs contributor questions\nDo you have a documentation contributor question and you're wondering how to tag me into a GitHub discussion or PR? Never fear!\nTag me in your AsyncAPI Doc PRs or GitHub Discussions via my GitHub handle, quetzalliwrites 🐙."
      },
      {
        "title": "Remember",
        "level": 5,
        "text": "Contribute to the AsyncAPI Reference sectionCode isn't the only way to contribute to OSS; Dev Docs are a huge help that benefit the entire OSS ecosystem. At AsyncAPI, we value Doc contributions as much as every other type of contribution. ❤️\nTo get started as a Docs contributor:\n\nFamiliarize yourself with our project's Contribution Guide and our Code of Conduct.\nHead over to our AsyncAPI Docs Board.\nPick an issue you would like to contribute to and leave a comment introducing yourself. This is also the perfect place to leave any questions you may have on how to get started.\nIf there is no work done in that Docs issue yet, feel free to open a PR and get started!\n\nDocs contributor questions\nDo you have a documentation contributor question and you're wondering how to tag me into a GitHub discussion or PR? Never fear!\nTag me in your AsyncAPI Doc PRs or GitHub Discussions via my GitHub handle, quetzalliwrites 🐙."
      },
      {
        "title": "Contribute to the AsyncAPI Reference section",
        "level": 2,
        "text": "Code isn't the only way to contribute to OSS; Dev Docs are a huge help that benefit the entire OSS ecosystem. At AsyncAPI, we value Doc contributions as much as every other type of contribution. ❤️To get started as a Docs contributor:\nFamiliarize yourself with our project's Contribution Guide and our Code of Conduct.\nHead over to our AsyncAPI Docs Board.\nPick an issue you would like to contribute to and leave a comment introducing yourself. This is also the perfect place to leave any questions you may have on how to get started.\nIf there is no work done in that Docs issue yet, feel free to open a PR and get started!\nDocs contributor questionsDo you have a documentation contributor question and you're wondering how to tag me into a GitHub discussion or PR? Never fear!Tag me in your AsyncAPI Doc PRs or GitHub Discussions via my GitHub handle, quetzalliwrites 🐙."
      },
      {
        "title": "Docs contributor questions",
        "level": 3,
        "text": "Do you have a documentation contributor question and you're wondering how to tag me into a GitHub discussion or PR? Never fear!Tag me in your AsyncAPI Doc PRs or GitHub Discussions via my GitHub handle, quetzalliwrites 🐙."
      }
    ],
    "svgs": [
      {
        "id": "svg_0",
        "content": "<svg class=\"-mt-0.5 mr-2 inline-block h-8\" xmlns=\"http://www.w3.org/2000/svg\" fill-rule=\"evenodd\" fill=\"currentColor\" clip-rule=\"evenodd\" viewBox=\"0 0 22 25\"><path d=\"M13 24h-2c-.288 0-.563-.125-.753-.341l-.576-.659h4.658l-.576.659c-.19.216-.465.341-.753.341zm1.867-3c.287 0 .52.224.52.5s-.233.5-.52.5h-5.734c-.287 0-.52-.224-.52-.5s.233-.5.52-.5h5.734zm-2.871-17c2.983 0 6.004 1.97 6.004 5.734 0 1.937-.97 3.622-1.907 5.252-.907 1.574-1.843 3.201-1.844 5.014h1.001c0-3.286 3.75-6.103 3.75-10.266 0-4.34-3.502-6.734-7.004-6.734-3.498 0-6.996 2.391-6.996 6.734 0 4.163 3.75 6.98 3.75 10.266h.999c.001-1.813-.936-3.44-1.841-5.014-.938-1.63-1.908-3.315-1.908-5.252 0-3.764 3.017-5.734 5.996-5.734zm9.428 7.958c.251.114.362.411.248.662-.114.251-.41.363-.662.249l-.91-.414c-.252-.114-.363-.41-.249-.662.114-.251.411-.362.662-.248l.911.413zm-18.848 0c-.251.114-.362.411-.248.662.114.251.41.363.662.249l.91-.414c.252-.114.363-.41.249-.662-.114-.251-.411-.362-.662-.248l-.911.413zm18.924-2.958h-1c-.276 0-.5-.224-.5-.5s.224-.5.5-.5h1c.276 0 .5.224.5.5s-.224.5-.5.5zm-18-1c.276 0 .5.224.5.5s-.224.5-.5.5h-1c-.276 0-.5-.224-.5-.5s.224-.5.5-.5h1zm16.818-3.089c.227-.158.284-.469.126-.696-.157-.227-.469-.283-.696-.126l-.821.57c-.227.158-.283.469-.126.696.157.227.469.283.696.126l.821-.57zm-16.636 0c-.227-.158-.284-.469-.126-.696.157-.227.469-.283.696-.126l.821.57c.227.158.283.469.126.696-.157.227-.469.283-.696.126l-.821-.57zm13.333-3.033c.134-.241.048-.546-.193-.68-.241-.135-.546-.048-.68.192l-.488.873c-.135.241-.048.546.192.681.241.134.546.048.681-.193l.488-.873zm-10.03 0c-.134-.241-.048-.546.193-.68.241-.135.546-.048.68.192l.488.873c.135.241.048.546-.192.681-.241.134-.546.048-.681-.193l-.488-.873zm5.515-1.378c0-.276-.224-.5-.5-.5s-.5.224-.5.5v1c0 .276.224.5.5.5s.5-.224.5-.5v-1z\"></path></svg>",
        "context": "Remember",
        "description": "SVG containing 1 paths, 0 circles, and 0 rectangles."
      }
    ],
    "codeBlocks": [],
    "tables": [],
    "highlights": [
      {
        "id": "highlight_0",
        "content": "quetzalliwrites",
        "context": "quetzalliwrites"
      }
    ]
  }
}