{
  "metadata": {
    "url": "https://www.asyncapi.com/docs/tools/glee/glee-auth-intro",
    "timestamp": "2025-03-12T17:55:21.387Z",
    "source": "asyncapi_docs"
  },
  "content": {
    "title": "Glee Auth Intro",
    "hierarchy": {
      "sections": {
        "Authentication Using Authentication Functions:": {
          "level": 3,
          "content": "Glee allows you to implement custom authentication logic by utilizing authentication functions. This flexible approach enables developers to craft tailored authentication mechanisms, ensuring that access to resources is controlled precisely as required."
        },
        "HTTP Bearer Token Authentication:": {
          "level": 3,
          "content": "In today's API-driven world, bearer token authentication is a widely adopted method. Glee supports this approach, allowing clients to present a token as proof of their identity, thus ensuring secure and efficient access to resources."
        },
        "HTTP API Key Authentication:": {
          "level": 3,
          "content": "Glee's authentication suite includes support for API key authentication, which is vital for protecting web APIs. By using API keys, you can regulate access to your services, making it an essential component of your application's security strategy."
        },
        "Username and Password Authentication:": {
          "level": 3,
          "content": "Traditional yet still crucial, username and password authentication remains a reliable option within Glee's toolkit. This method allows users to access systems or applications by providing their unique credentials, ensuring a familiar and straightforward login experience.SummaryGlee's authentication features not only provide layers of security but also offer the flexibility needed to meet your unique requirements. Whether you're developing a web application, a mobile app, or any other type of application, Glee's authentication methods empower you to tailor your security measures to suit the demands of your project. With Glee, you can build and maintain a secure digital environment, ensuring that only authorized users and systems gain access, protecting your valuable data and resources."
        },
        "Summary": {
          "level": 4,
          "content": "Glee's authentication features not only provide layers of security but also offer the flexibility needed to meet your unique requirements. Whether you're developing a web application, a mobile app, or any other type of application, Glee's authentication methods empower you to tailor your security measures to suit the demands of your project. With Glee, you can build and maintain a secure digital environment, ensuring that only authorized users and systems gain access, protecting your valuable data and resources."
        }
      },
      "navigation": [
        {
          "text": "Welcome",
          "href": "https://www.asyncapi.com/docs",
          "subItems": []
        },
        {
          "text": "Concepts",
          "href": "https://www.asyncapi.com/docs/concepts",
          "subItems": []
        },
        {
          "text": "Tutorials",
          "href": "https://www.asyncapi.com/docs/tutorials",
          "subItems": []
        },
        {
          "text": "Tools",
          "href": "https://www.asyncapi.com/docs/tools",
          "subItems": [
            {
              "text": "Overview",
              "href": "https://www.asyncapi.com/docs/tools"
            },
            {
              "text": "Generator",
              "href": "https://www.asyncapi.com/docs/tools/generator"
            },
            {
              "text": "CLI",
              "href": "https://www.asyncapi.com/docs/tools/cli"
            },
            {
              "text": "Glee",
              "href": "https://www.asyncapi.com/docs/tools/glee"
            },
            {
              "text": "Kickstarting Your Journey with Glee",
              "href": "https://www.asyncapi.com/docs/tools/glee"
            },
            {
              "text": "Building Your First Glee Application",
              "href": "https://www.asyncapi.com/docs/tools/glee/your-first-glee-app"
            },
            {
              "text": "Glee Installation Guide",
              "href": "https://www.asyncapi.com/docs/tools/glee/installation"
            },
            {
              "text": "Functions and Lifecycle Events",
              "href": "https://www.asyncapi.com/docs/tools/glee/function-lifecycle-events"
            },
            {
              "text": "Configuring Environment Variables and Configuration File",
              "href": "https://www.asyncapi.com/docs/tools/glee/env-vars-config"
            },
            {
              "text": "Introduction to Glee Authentication",
              "href": "https://www.asyncapi.com/docs/tools/glee/glee-auth-intro"
            },
            {
              "text": "Authentication Functions",
              "href": "https://www.asyncapi.com/docs/tools/glee/authentication"
            },
            {
              "text": "HTTP Authentication (Bearer Token)",
              "href": "https://www.asyncapi.com/docs/tools/glee/bearerToken"
            },
            {
              "text": "HttpApiKey Authentication",
              "href": "https://www.asyncapi.com/docs/tools/glee/httpApiKey"
            },
            {
              "text": "Username and Password Authentication",
              "href": "https://www.asyncapi.com/docs/tools/glee/userPassword"
            },
            {
              "text": "Crypto Websockets - Interactive (Alpha)",
              "href": "https://www.asyncapi.com/docs/tools/glee/crypto-websockets-interactive"
            }
          ]
        },
        {
          "text": "Guides",
          "href": "https://www.asyncapi.com/docs/guides",
          "subItems": []
        },
        {
          "text": "Reference",
          "href": "https://www.asyncapi.com/docs/reference",
          "subItems": []
        },
        {
          "text": "Migrations",
          "href": "https://www.asyncapi.com/docs/migration",
          "subItems": []
        },
        {
          "text": "Community",
          "href": "https://www.asyncapi.com/docs/community",
          "subItems": []
        }
      ]
    },
    "full_text": "Glee comes with authentication features that help you in verifying the identity of users or entities attempting to access a system or application. It ensures that only authorized individuals or systems are granted access, protecting against unauthorized intrusions and data breaches. Glee simplifies this vital process by offering multiple authentication methods, each tailored to different use cases. The following methods are different ways to shield your application access.\nAuthentication Using Authentication Functions:\nGlee allows you to implement custom authentication logic by utilizing authentication functions. This flexible approach enables developers to craft tailored authentication mechanisms, ensuring that access to resources is controlled precisely as required.\nHTTP Bearer Token Authentication:\nIn today's API-driven world, bearer token authentication is a widely adopted method. Glee supports this approach, allowing clients to present a token as proof of their identity, thus ensuring secure and efficient access to resources.\nHTTP API Key Authentication:\nGlee's authentication suite includes support for API key authentication, which is vital for protecting web APIs. By using API keys, you can regulate access to your services, making it an essential component of your application's security strategy.\nUsername and Password Authentication:\nTraditional yet still crucial, username and password authentication remains a reliable option within Glee's toolkit. This method allows users to access systems or applications by providing their unique credentials, ensuring a familiar and straightforward login experience.\nSummary\nGlee's authentication features not only provide layers of security but also offer the flexibility needed to meet your unique requirements. Whether you're developing a web application, a mobile app, or any other type of application, Glee's authentication methods empower you to tailor your security measures to suit the demands of your project. With Glee, you can build and maintain a secure digital environment, ensuring that only authorized users and systems gain access, protecting your valuable data and resources.",
    "sections": [
      {
        "title": "Authentication Using Authentication Functions:",
        "level": 3,
        "text": "Glee allows you to implement custom authentication logic by utilizing authentication functions. This flexible approach enables developers to craft tailored authentication mechanisms, ensuring that access to resources is controlled precisely as required."
      },
      {
        "title": "HTTP Bearer Token Authentication:",
        "level": 3,
        "text": "In today's API-driven world, bearer token authentication is a widely adopted method. Glee supports this approach, allowing clients to present a token as proof of their identity, thus ensuring secure and efficient access to resources."
      },
      {
        "title": "HTTP API Key Authentication:",
        "level": 3,
        "text": "Glee's authentication suite includes support for API key authentication, which is vital for protecting web APIs. By using API keys, you can regulate access to your services, making it an essential component of your application's security strategy."
      },
      {
        "title": "Username and Password Authentication:",
        "level": 3,
        "text": "Traditional yet still crucial, username and password authentication remains a reliable option within Glee's toolkit. This method allows users to access systems or applications by providing their unique credentials, ensuring a familiar and straightforward login experience.SummaryGlee's authentication features not only provide layers of security but also offer the flexibility needed to meet your unique requirements. Whether you're developing a web application, a mobile app, or any other type of application, Glee's authentication methods empower you to tailor your security measures to suit the demands of your project. With Glee, you can build and maintain a secure digital environment, ensuring that only authorized users and systems gain access, protecting your valuable data and resources."
      },
      {
        "title": "Summary",
        "level": 4,
        "text": "Glee's authentication features not only provide layers of security but also offer the flexibility needed to meet your unique requirements. Whether you're developing a web application, a mobile app, or any other type of application, Glee's authentication methods empower you to tailor your security measures to suit the demands of your project. With Glee, you can build and maintain a secure digital environment, ensuring that only authorized users and systems gain access, protecting your valuable data and resources."
      }
    ],
    "svgs": [],
    "codeBlocks": [],
    "tables": [],
    "highlights": []
  }
}