{
  "metadata": {
    "url": "https://www.asyncapi.com/docs/tools/generator/parser",
    "timestamp": "2025-03-12T17:51:27.350Z",
    "source": "asyncapi_docs"
  },
  "content": {
    "title": "Parser",
    "hierarchy": {
      "sections": {
        "Parser": {
          "level": 2,
          "content": "The AsyncAPI Parser is a package used to parse and validate the AsyncAPI documents in your Node.js or browser application. These documents can be either in YAML or JSON format.The Parser validates these documents using dedicated schema-supported plugins.Supported schemas:\nAsyncAPI schema (no plugin needed)\nOpenAPI schema\nJSON schema\nAvro schema\nRAML data-type schema\nThe Parser allows the template developer to easily access schemas provided in the above supported formats. This is because the JavaScript parser converts all of them into JSON schema.If the document is valid, the Parser returns an AsyncAPIDocument instance with a set of helper functions that enable easier access to the contents of the AsyncAPI document. The parser provides dereferenced output. During the dereference process, the AsyncAPI parser substitutes a reference with a full definition. The dereferenced output is always in JSON format. The parser provides a message listing all errors if a document is invalid. The original AsyncAPI document is part of the Template Context as the generator also passes the original AsyncAPI document to the template context.The following AsyncAPI document example has two channels: channelOne and channelTwo. Each channel has one operation and a single message:1asyncapi: \"2.5.0\"\n2info:\n3  title: Demo API\n4  version: \"1.0.0\"\n5channels:\n6  channelOne:\n7    publish:\n8      summary: This is the first sample channel\n9      operationId: onMessage\n10      message:\n11        name: FirstMessage\n12        payload:\n13          id:\n14            type: integer\n15            minimum: 0\n16            description: Id of the channel\n17          sentAt:\n18            type: string\n19            format: date-time\n20            description: Date and time when the message was sent.\n21  channelTwo:\n22    publish:\n23      summary: This is the second sample channel\n24      operationId: messageRead\n25      message:\n26        name: SecondMessage\n27        payload:\n28          id:\n29            type: integer\n30            minimum: 0\n31            description: Id of the channel\n32          sentAt:\n33            type: string\n34            format: date-time\n35            description: Date and time when the message was sent.We can use helper functions provided by the Parser to operate on the above JSON file. For example, we can use the helper method asyncAPIDocument.channelNames(), which returns an array of all channel names currently present in the AsyncAPI document. Another example where you can use a helper function is to list out messages present in your JSON file. Instead of fetching a single message one at a time, you can use the function asyncAPIDocument.allMessages() that returns the map of all messages in your AsyncAPI document.1const channelNames = asyncAPIDocument.channelNames();\n2const messages = asyncAPIDocument.allMessages();\nThe Parser gives you access to a number of these helper functions that you can implement to access the contents of your AsyncAPI document."
        },
        "AsyncAPI document validation process": {
          "level": 2,
          "content": "AsyncAPI document is fed as an input to the Generator.\nGenerator sends the AsyncAPI document to the Parser as asyncapiString; the stringified version of the original AsyncAPI document.\nThe Parser uses additional plugins such as the OpenAPI, RAML, or Avro schemas to validate custom schemas of message payloads defined in the AsyncAPI document.\nIf the AsyncAPI document is invalid, it throws an error based on the encountered failure type. For example, if the AsyncAPI document is not a string nor a JavaScript object, the Parser throws an invalid-document-type error.\nSimilarly, you may encounter errors such as:\n\ninvalid-json\ninvalid-yaml\nimpossible-to-convert-to-json\n\n\nIf the document is valid, the Parser modifies the AsyncAPI document, returns a set of helper functions, and bundles them together into the asyncapi variable. These helper functions in the form of an asyncapi variable are passed to the Template Context.\nThe Template Context passes all of these values to the Render Engine of your choice. Finally, the Render Engine generates whatever output you may have specified in your template. (i.e. code, documentation, diagrams, pdfs, applications, etc.)\n#mermaid-0{font-family:Inter,sans-serif;font-size:18px;fill:#242929;}#mermaid-0 .error-icon{fill:#F7F9FA;}#mermaid-0 .error-text{fill:#080605;stroke:#080605;}#mermaid-0 .edge-thickness-normal{stroke-width:2px;}#mermaid-0 .edge-thickness-thick{stroke-width:3.5px;}#mermaid-0 .edge-pattern-solid{stroke-dasharray:0;}#mermaid-0 .edge-pattern-dashed{stroke-dasharray:3;}#mermaid-0 .edge-pattern-dotted{stroke-dasharray:2;}#mermaid-0 .marker{fill:#0b0b0b;stroke:#0b0b0b;}#mermaid-0 .marker.cross{stroke:#0b0b0b;}#mermaid-0 svg{font-family:Inter,sans-serif;font-size:18px;}#mermaid-0 .label{font-family:Inter,sans-serif;color:#242929;}#mermaid-0 .cluster-label text{fill:#080605;}#mermaid-0 .cluster-label span{color:#080605;}#mermaid-0 .label text,#mermaid-0 span{fill:#242929;color:#242929;}#mermaid-0 .node rect,#mermaid-0 .node circle,#mermaid-0 .node ellipse,#mermaid-0 .node polygon,#mermaid-0 .node path{fill:#EDFAFF;stroke:#47BCEE;stroke-width:1px;}#mermaid-0 .node .label{text-align:center;}#mermaid-0 .node.clickable{cursor:pointer;}#mermaid-0 .arrowheadPath{fill:undefined;}#mermaid-0 .edgePath .path{stroke:#0b0b0b;stroke-width:2.0px;}#mermaid-0 .flowchart-link{stroke:#0b0b0b;fill:none;}#mermaid-0 .edgeLabel{background-color:#F4EFFC;text-align:center;}#mermaid-0 .edgeLabel rect{opacity:0.5;background-color:#F4EFFC;fill:#F4EFFC;}#mermaid-0 .cluster rect{fill:#F7F9FA;stroke:#BFC6C7;stroke-width:1px;}#mermaid-0 .cluster text{fill:#080605;}#mermaid-0 .cluster span{color:#080605;}#mermaid-0 div.mermaidTooltip{position:absolute;text-align:center;max-width:200px;padding:2px;font-family:Inter,sans-serif;font-size:12px;background:#F7F9FA;border:1px solid undefined;border-radius:2px;pointer-events:none;z-index:100;}#mermaid-0 .flowchartTitleText{text-anchor:middle;font-size:18px;fill:#242929;}#mermaid-0 :root{--mermaid-font-family:\"trebuchet ms\",verdana,arial,sans-serif;}asyncapiStringinvalidasyncapi -> helper functionsAsyncAPI documentGeneratorParserValidationTemplate ContextRender Engine\nTo learn more about the Parser and access all of its features, check out the AsyncAPI Parser’s GitHub repository."
        }
      },
      "navigation": [
        {
          "text": "Welcome",
          "href": "https://www.asyncapi.com/docs",
          "subItems": []
        },
        {
          "text": "Concepts",
          "href": "https://www.asyncapi.com/docs/concepts",
          "subItems": []
        },
        {
          "text": "Tutorials",
          "href": "https://www.asyncapi.com/docs/tutorials",
          "subItems": []
        },
        {
          "text": "Tools",
          "href": "https://www.asyncapi.com/docs/tools",
          "subItems": [
            {
              "text": "Overview",
              "href": "https://www.asyncapi.com/docs/tools"
            },
            {
              "text": "Generator",
              "href": "https://www.asyncapi.com/docs/tools/generator"
            },
            {
              "text": "Introduction",
              "href": "https://www.asyncapi.com/docs/tools/generator"
            },
            {
              "text": "Installation guide",
              "href": "https://www.asyncapi.com/docs/tools/generator/installation-guide"
            },
            {
              "text": "Usage",
              "href": "https://www.asyncapi.com/docs/tools/generator/usage"
            },
            {
              "text": "AsyncAPI document",
              "href": "https://www.asyncapi.com/docs/tools/generator/asyncapi-document"
            },
            {
              "text": "Template",
              "href": "https://www.asyncapi.com/docs/tools/generator/template"
            },
            {
              "text": "Parser",
              "href": "https://www.asyncapi.com/docs/tools/generator/parser"
            },
            {
              "text": "Generator version vs template version",
              "href": "https://www.asyncapi.com/docs/tools/generator/versioning"
            },
            {
              "text": "Library API",
              "href": "https://www.asyncapi.com/docs/tools/generator/api"
            },
            {
              "text": "Template development",
              "href": "https://www.asyncapi.com/docs/tools/generator/template-development"
            },
            {
              "text": "Configuration file",
              "href": "https://www.asyncapi.com/docs/tools/generator/configuration-file"
            },
            {
              "text": "Template context",
              "href": "https://www.asyncapi.com/docs/tools/generator/template-context"
            },
            {
              "text": "React render engine",
              "href": "https://www.asyncapi.com/docs/tools/generator/react-render-engine"
            },
            {
              "text": "Nunjucks render engine",
              "href": "https://www.asyncapi.com/docs/tools/generator/nunjucks-render-engine"
            },
            {
              "text": "Hooks",
              "href": "https://www.asyncapi.com/docs/tools/generator/hooks"
            },
            {
              "text": "File templates",
              "href": "https://www.asyncapi.com/docs/tools/generator/file-templates"
            },
            {
              "text": "TypeScript support",
              "href": "https://www.asyncapi.com/docs/tools/generator/typescript-support"
            },
            {
              "text": "Special file names",
              "href": "https://www.asyncapi.com/docs/tools/generator/special-file-names"
            },
            {
              "text": "Creating a template",
              "href": "https://www.asyncapi.com/docs/tools/generator/generator-template"
            },
            {
              "text": "Using private templates",
              "href": "https://www.asyncapi.com/docs/tools/generator/using-private-template"
            },
            {
              "text": "Adding models generation in template",
              "href": "https://www.asyncapi.com/docs/tools/generator/model-generation"
            },
            {
              "text": "Migrating from Nunjucks to React render engine",
              "href": "https://www.asyncapi.com/docs/tools/generator/migration-nunjucks-react"
            },
            {
              "text": "Migrating from `ag` CLI to AsyncAPI CLI",
              "href": "https://www.asyncapi.com/docs/tools/generator/migration-cli"
            },
            {
              "text": "CLI",
              "href": "https://www.asyncapi.com/docs/tools/cli"
            },
            {
              "text": "Glee",
              "href": "https://www.asyncapi.com/docs/tools/glee"
            }
          ]
        },
        {
          "text": "Guides",
          "href": "https://www.asyncapi.com/docs/guides",
          "subItems": []
        },
        {
          "text": "Reference",
          "href": "https://www.asyncapi.com/docs/reference",
          "subItems": []
        },
        {
          "text": "Migrations",
          "href": "https://www.asyncapi.com/docs/migration",
          "subItems": []
        },
        {
          "text": "Community",
          "href": "https://www.asyncapi.com/docs/community",
          "subItems": []
        }
      ]
    },
    "full_text": "Parser\nThe AsyncAPI Parser is a package used to parse and validate the AsyncAPI documents in your Node.js or browser application. These documents can be either in YAML or JSON format.\nThe Parser validates these documents using dedicated schema-supported plugins.\nSupported schemas:\n\nAsyncAPI schema (no plugin needed)\nOpenAPI schema\nJSON schema\nAvro schema\nRAML data-type schema\n\nThe Parser allows the template developer to easily access schemas provided in the above supported formats. This is because the JavaScript parser converts all of them into JSON schema.\nIf the document is valid, the Parser returns an AsyncAPIDocument instance with a set of helper functions that enable easier access to the contents of the AsyncAPI document. The parser provides dereferenced output. During the dereference process, the AsyncAPI parser substitutes a reference with a full definition. The dereferenced output is always in JSON format. The parser provides a message listing all errors if a document is invalid. The original AsyncAPI document is part of the Template Context as the generator also passes the original AsyncAPI document to the template context.\nThe following AsyncAPI document example has two channels: channelOne and channelTwo. Each channel has one operation and a single message:\n1asyncapi: \"2.5.0\"\n2info:\n3  title: Demo API\n4  version: \"1.0.0\"\n5channels:\n6  channelOne:\n7    publish:\n8      summary: This is the first sample channel\n9      operationId: onMessage\n10      message:\n11        name: FirstMessage\n12        payload:\n13          id:\n14            type: integer\n15            minimum: 0\n16            description: Id of the channel\n17          sentAt:\n18            type: string\n19            format: date-time\n20            description: Date and time when the message was sent.\n21  channelTwo:\n22    publish:\n23      summary: This is the second sample channel\n24      operationId: messageRead\n25      message:\n26        name: SecondMessage\n27        payload:\n28          id:\n29            type: integer\n30            minimum: 0\n31            description: Id of the channel\n32          sentAt:\n33            type: string\n34            format: date-time\n35            description: Date and time when the message was sent.\nWe can use helper functions provided by the Parser to operate on the above JSON file. For example, we can use the helper method asyncAPIDocument.channelNames(), which returns an array of all channel names currently present in the AsyncAPI document. Another example where you can use a helper function is to list out messages present in your JSON file. Instead of fetching a single message one at a time, you can use the function asyncAPIDocument.allMessages() that returns the map of all messages in your AsyncAPI document.\n1const channelNames = asyncAPIDocument.channelNames();\n2const messages = asyncAPIDocument.allMessages();\n\nThe Parser gives you access to a number of these helper functions that you can implement to access the contents of your AsyncAPI document.\n\nAsyncAPI document validation process\n\nAsyncAPI document is fed as an input to the Generator.\nGenerator sends the AsyncAPI document to the Parser as asyncapiString; the stringified version of the original AsyncAPI document.\nThe Parser uses additional plugins such as the OpenAPI, RAML, or Avro schemas to validate custom schemas of message payloads defined in the AsyncAPI document.\nIf the AsyncAPI document is invalid, it throws an error based on the encountered failure type. For example, if the AsyncAPI document is not a string nor a JavaScript object, the Parser throws an invalid-document-type error.\nSimilarly, you may encounter errors such as:\n\ninvalid-json\ninvalid-yaml\nimpossible-to-convert-to-json\n\n\nIf the document is valid, the Parser modifies the AsyncAPI document, returns a set of helper functions, and bundles them together into the asyncapi variable. These helper functions in the form of an asyncapi variable are passed to the Template Context.\nThe Template Context passes all of these values to the Render Engine of your choice. Finally, the Render Engine generates whatever output you may have specified in your template. (i.e. code, documentation, diagrams, pdfs, applications, etc.)\n\n#mermaid-0{font-family:Inter,sans-serif;font-size:18px;fill:#242929;}#mermaid-0 .error-icon{fill:#F7F9FA;}#mermaid-0 .error-text{fill:#080605;stroke:#080605;}#mermaid-0 .edge-thickness-normal{stroke-width:2px;}#mermaid-0 .edge-thickness-thick{stroke-width:3.5px;}#mermaid-0 .edge-pattern-solid{stroke-dasharray:0;}#mermaid-0 .edge-pattern-dashed{stroke-dasharray:3;}#mermaid-0 .edge-pattern-dotted{stroke-dasharray:2;}#mermaid-0 .marker{fill:#0b0b0b;stroke:#0b0b0b;}#mermaid-0 .marker.cross{stroke:#0b0b0b;}#mermaid-0 svg{font-family:Inter,sans-serif;font-size:18px;}#mermaid-0 .label{font-family:Inter,sans-serif;color:#242929;}#mermaid-0 .cluster-label text{fill:#080605;}#mermaid-0 .cluster-label span{color:#080605;}#mermaid-0 .label text,#mermaid-0 span{fill:#242929;color:#242929;}#mermaid-0 .node rect,#mermaid-0 .node circle,#mermaid-0 .node ellipse,#mermaid-0 .node polygon,#mermaid-0 .node path{fill:#EDFAFF;stroke:#47BCEE;stroke-width:1px;}#mermaid-0 .node .label{text-align:center;}#mermaid-0 .node.clickable{cursor:pointer;}#mermaid-0 .arrowheadPath{fill:undefined;}#mermaid-0 .edgePath .path{stroke:#0b0b0b;stroke-width:2.0px;}#mermaid-0 .flowchart-link{stroke:#0b0b0b;fill:none;}#mermaid-0 .edgeLabel{background-color:#F4EFFC;text-align:center;}#mermaid-0 .edgeLabel rect{opacity:0.5;background-color:#F4EFFC;fill:#F4EFFC;}#mermaid-0 .cluster rect{fill:#F7F9FA;stroke:#BFC6C7;stroke-width:1px;}#mermaid-0 .cluster text{fill:#080605;}#mermaid-0 .cluster span{color:#080605;}#mermaid-0 div.mermaidTooltip{position:absolute;text-align:center;max-width:200px;padding:2px;font-family:Inter,sans-serif;font-size:12px;background:#F7F9FA;border:1px solid undefined;border-radius:2px;pointer-events:none;z-index:100;}#mermaid-0 .flowchartTitleText{text-anchor:middle;font-size:18px;fill:#242929;}#mermaid-0 :root{--mermaid-font-family:\"trebuchet ms\",verdana,arial,sans-serif;}asyncapiStringinvalidasyncapi -> helper functionsAsyncAPI documentGeneratorParserValidationTemplate ContextRender Engine\n\nTo learn more about the Parser and access all of its features, check out the AsyncAPI Parser’s GitHub repository.",
    "sections": [
      {
        "title": "Parser",
        "level": 2,
        "text": "The AsyncAPI Parser is a package used to parse and validate the AsyncAPI documents in your Node.js or browser application. These documents can be either in YAML or JSON format.The Parser validates these documents using dedicated schema-supported plugins.Supported schemas:\nAsyncAPI schema (no plugin needed)\nOpenAPI schema\nJSON schema\nAvro schema\nRAML data-type schema\nThe Parser allows the template developer to easily access schemas provided in the above supported formats. This is because the JavaScript parser converts all of them into JSON schema.If the document is valid, the Parser returns an AsyncAPIDocument instance with a set of helper functions that enable easier access to the contents of the AsyncAPI document. The parser provides dereferenced output. During the dereference process, the AsyncAPI parser substitutes a reference with a full definition. The dereferenced output is always in JSON format. The parser provides a message listing all errors if a document is invalid. The original AsyncAPI document is part of the Template Context as the generator also passes the original AsyncAPI document to the template context.The following AsyncAPI document example has two channels: channelOne and channelTwo. Each channel has one operation and a single message:1asyncapi: \"2.5.0\"\n2info:\n3  title: Demo API\n4  version: \"1.0.0\"\n5channels:\n6  channelOne:\n7    publish:\n8      summary: This is the first sample channel\n9      operationId: onMessage\n10      message:\n11        name: FirstMessage\n12        payload:\n13          id:\n14            type: integer\n15            minimum: 0\n16            description: Id of the channel\n17          sentAt:\n18            type: string\n19            format: date-time\n20            description: Date and time when the message was sent.\n21  channelTwo:\n22    publish:\n23      summary: This is the second sample channel\n24      operationId: messageRead\n25      message:\n26        name: SecondMessage\n27        payload:\n28          id:\n29            type: integer\n30            minimum: 0\n31            description: Id of the channel\n32          sentAt:\n33            type: string\n34            format: date-time\n35            description: Date and time when the message was sent.We can use helper functions provided by the Parser to operate on the above JSON file. For example, we can use the helper method asyncAPIDocument.channelNames(), which returns an array of all channel names currently present in the AsyncAPI document. Another example where you can use a helper function is to list out messages present in your JSON file. Instead of fetching a single message one at a time, you can use the function asyncAPIDocument.allMessages() that returns the map of all messages in your AsyncAPI document.1const channelNames = asyncAPIDocument.channelNames();\n2const messages = asyncAPIDocument.allMessages();\nThe Parser gives you access to a number of these helper functions that you can implement to access the contents of your AsyncAPI document."
      },
      {
        "title": "AsyncAPI document validation process",
        "level": 2,
        "text": "AsyncAPI document is fed as an input to the Generator.\nGenerator sends the AsyncAPI document to the Parser as asyncapiString; the stringified version of the original AsyncAPI document.\nThe Parser uses additional plugins such as the OpenAPI, RAML, or Avro schemas to validate custom schemas of message payloads defined in the AsyncAPI document.\nIf the AsyncAPI document is invalid, it throws an error based on the encountered failure type. For example, if the AsyncAPI document is not a string nor a JavaScript object, the Parser throws an invalid-document-type error.\nSimilarly, you may encounter errors such as:\n\ninvalid-json\ninvalid-yaml\nimpossible-to-convert-to-json\n\n\nIf the document is valid, the Parser modifies the AsyncAPI document, returns a set of helper functions, and bundles them together into the asyncapi variable. These helper functions in the form of an asyncapi variable are passed to the Template Context.\nThe Template Context passes all of these values to the Render Engine of your choice. Finally, the Render Engine generates whatever output you may have specified in your template. (i.e. code, documentation, diagrams, pdfs, applications, etc.)\n#mermaid-0{font-family:Inter,sans-serif;font-size:18px;fill:#242929;}#mermaid-0 .error-icon{fill:#F7F9FA;}#mermaid-0 .error-text{fill:#080605;stroke:#080605;}#mermaid-0 .edge-thickness-normal{stroke-width:2px;}#mermaid-0 .edge-thickness-thick{stroke-width:3.5px;}#mermaid-0 .edge-pattern-solid{stroke-dasharray:0;}#mermaid-0 .edge-pattern-dashed{stroke-dasharray:3;}#mermaid-0 .edge-pattern-dotted{stroke-dasharray:2;}#mermaid-0 .marker{fill:#0b0b0b;stroke:#0b0b0b;}#mermaid-0 .marker.cross{stroke:#0b0b0b;}#mermaid-0 svg{font-family:Inter,sans-serif;font-size:18px;}#mermaid-0 .label{font-family:Inter,sans-serif;color:#242929;}#mermaid-0 .cluster-label text{fill:#080605;}#mermaid-0 .cluster-label span{color:#080605;}#mermaid-0 .label text,#mermaid-0 span{fill:#242929;color:#242929;}#mermaid-0 .node rect,#mermaid-0 .node circle,#mermaid-0 .node ellipse,#mermaid-0 .node polygon,#mermaid-0 .node path{fill:#EDFAFF;stroke:#47BCEE;stroke-width:1px;}#mermaid-0 .node .label{text-align:center;}#mermaid-0 .node.clickable{cursor:pointer;}#mermaid-0 .arrowheadPath{fill:undefined;}#mermaid-0 .edgePath .path{stroke:#0b0b0b;stroke-width:2.0px;}#mermaid-0 .flowchart-link{stroke:#0b0b0b;fill:none;}#mermaid-0 .edgeLabel{background-color:#F4EFFC;text-align:center;}#mermaid-0 .edgeLabel rect{opacity:0.5;background-color:#F4EFFC;fill:#F4EFFC;}#mermaid-0 .cluster rect{fill:#F7F9FA;stroke:#BFC6C7;stroke-width:1px;}#mermaid-0 .cluster text{fill:#080605;}#mermaid-0 .cluster span{color:#080605;}#mermaid-0 div.mermaidTooltip{position:absolute;text-align:center;max-width:200px;padding:2px;font-family:Inter,sans-serif;font-size:12px;background:#F7F9FA;border:1px solid undefined;border-radius:2px;pointer-events:none;z-index:100;}#mermaid-0 .flowchartTitleText{text-anchor:middle;font-size:18px;fill:#242929;}#mermaid-0 :root{--mermaid-font-family:\"trebuchet ms\",verdana,arial,sans-serif;}asyncapiStringinvalidasyncapi -> helper functionsAsyncAPI documentGeneratorParserValidationTemplate ContextRender Engine\nTo learn more about the Parser and access all of its features, check out the AsyncAPI Parser’s GitHub repository."
      }
    ],
    "svgs": [
      {
        "id": "svg_0",
        "content": "<svg class=\"-mt-0.5 inline-block size-4\" fill=\"currentColor\" viewBox=\"0 0 20 20\"><path d=\"M15.6 2l-1.2 3H5.6L4.4 2C3.629 2 3 2.629 3 3.4v15.2c0 .77.629 1.4 1.399 1.4h11.2c.77 0 1.4-.631 1.4-1.4V3.4C17 2.629 16.369 2 15.6 2zm-2 2l.9-2h-2.181L11.6 0H8.4l-.72 2H5.5l.899 2H13.6z\"></path></svg>",
        "context": "",
        "description": "SVG containing 1 paths, 0 circles, and 0 rectangles."
      },
      {
        "id": "svg_1",
        "content": "<svg class=\"-mt-0.5 inline-block size-4\" fill=\"currentColor\" viewBox=\"0 0 20 20\"><path d=\"M15.6 2l-1.2 3H5.6L4.4 2C3.629 2 3 2.629 3 3.4v15.2c0 .77.629 1.4 1.399 1.4h11.2c.77 0 1.4-.631 1.4-1.4V3.4C17 2.629 16.369 2 15.6 2zm-2 2l.9-2h-2.181L11.6 0H8.4l-.72 2H5.5l.899 2H13.6z\"></path></svg>",
        "context": "",
        "description": "SVG containing 1 paths, 0 circles, and 0 rectangles."
      },
      {
        "id": "svg_2",
        "content": "<svg id=\"mermaid-0\" width=\"100%\" xmlns=\"http://www.w3.org/2000/svg\" style=\"max-width: 257.859375px;\" viewBox=\"-8 -8 257.859375 670.140625\" aria-roledescription=\"flowchart-v2\"><style>#mermaid-0{font-family:Inter,sans-serif;font-size:18px;fill:#242929;}#mermaid-0 .error-icon{fill:#F7F9FA;}#mermaid-0 .error-text{fill:#080605;stroke:#080605;}#mermaid-0 .edge-thickness-normal{stroke-width:2px;}#mermaid-0 .edge-thickness-thick{stroke-width:3.5px;}#mermaid-0 .edge-pattern-solid{stroke-dasharray:0;}#mermaid-0 .edge-pattern-dashed{stroke-dasharray:3;}#mermaid-0 .edge-pattern-dotted{stroke-dasharray:2;}#mermaid-0 .marker{fill:#0b0b0b;stroke:#0b0b0b;}#mermaid-0 .marker.cross{stroke:#0b0b0b;}#mermaid-0 svg{font-family:Inter,sans-serif;font-size:18px;}#mermaid-0 .label{font-family:Inter,sans-serif;color:#242929;}#mermaid-0 .cluster-label text{fill:#080605;}#mermaid-0 .cluster-label span{color:#080605;}#mermaid-0 .label text,#mermaid-0 span{fill:#242929;color:#242929;}#mermaid-0 .node rect,#mermaid-0 .node circle,#mermaid-0 .node ellipse,#mermaid-0 .node polygon,#mermaid-0 .node path{fill:#EDFAFF;stroke:#47BCEE;stroke-width:1px;}#mermaid-0 .node .label{text-align:center;}#mermaid-0 .node.clickable{cursor:pointer;}#mermaid-0 .arrowheadPath{fill:undefined;}#mermaid-0 .edgePath .path{stroke:#0b0b0b;stroke-width:2.0px;}#mermaid-0 .flowchart-link{stroke:#0b0b0b;fill:none;}#mermaid-0 .edgeLabel{background-color:#F4EFFC;text-align:center;}#mermaid-0 .edgeLabel rect{opacity:0.5;background-color:#F4EFFC;fill:#F4EFFC;}#mermaid-0 .cluster rect{fill:#F7F9FA;stroke:#BFC6C7;stroke-width:1px;}#mermaid-0 .cluster text{fill:#080605;}#mermaid-0 .cluster span{color:#080605;}#mermaid-0 div.mermaidTooltip{position:absolute;text-align:center;max-width:200px;padding:2px;font-family:Inter,sans-serif;font-size:12px;background:#F7F9FA;border:1px solid undefined;border-radius:2px;pointer-events:none;z-index:100;}#mermaid-0 .flowchartTitleText{text-anchor:middle;font-size:18px;fill:#242929;}#mermaid-0 :root{--mermaid-font-family:\"trebuchet ms\",verdana,arial,sans-serif;}</style><g><marker id=\"flowchart-pointEnd\" class=\"marker flowchart\" viewBox=\"0 0 10 10\" refX=\"10\" refY=\"5\" markerUnits=\"userSpaceOnUse\" markerWidth=\"12\" markerHeight=\"12\" orient=\"auto\"><path d=\"M 0 0 L 10 5 L 0 10 z\" class=\"arrowMarkerPath\" style=\"stroke-width: 1; stroke-dasharray: 1, 0;\"></path></marker><marker id=\"flowchart-pointStart\" class=\"marker flowchart\" viewBox=\"0 0 10 10\" refX=\"0\" refY=\"5\" markerUnits=\"userSpaceOnUse\" markerWidth=\"12\" markerHeight=\"12\" orient=\"auto\"><path d=\"M 0 5 L 10 10 L 10 0 z\" class=\"arrowMarkerPath\" style=\"stroke-width: 1; stroke-dasharray: 1, 0;\"></path></marker><marker id=\"flowchart-circleEnd\" class=\"marker flowchart\" viewBox=\"0 0 10 10\" refX=\"11\" refY=\"5\" markerUnits=\"userSpaceOnUse\" markerWidth=\"11\" markerHeight=\"11\" orient=\"auto\"><circle cx=\"5\" cy=\"5\" r=\"5\" class=\"arrowMarkerPath\" style=\"stroke-width: 1; stroke-dasharray: 1, 0;\"></circle></marker><marker id=\"flowchart-circleStart\" class=\"marker flowchart\" viewBox=\"0 0 10 10\" refX=\"-1\" refY=\"5\" markerUnits=\"userSpaceOnUse\" markerWidth=\"11\" markerHeight=\"11\" orient=\"auto\"><circle cx=\"5\" cy=\"5\" r=\"5\" class=\"arrowMarkerPath\" style=\"stroke-width: 1; stroke-dasharray: 1, 0;\"></circle></marker><marker id=\"flowchart-crossEnd\" class=\"marker cross flowchart\" viewBox=\"0 0 11 11\" refX=\"12\" refY=\"5.2\" markerUnits=\"userSpaceOnUse\" markerWidth=\"11\" markerHeight=\"11\" orient=\"auto\"><path d=\"M 1,1 l 9,9 M 10,1 l -9,9\" class=\"arrowMarkerPath\" style=\"stroke-width: 2; stroke-dasharray: 1, 0;\"></path></marker><marker id=\"flowchart-crossStart\" class=\"marker cross flowchart\" viewBox=\"0 0 11 11\" refX=\"-1\" refY=\"5.2\" markerUnits=\"userSpaceOnUse\" markerWidth=\"11\" markerHeight=\"11\" orient=\"auto\"><path d=\"M 1,1 l 9,9 M 10,1 l -9,9\" class=\"arrowMarkerPath\" style=\"stroke-width: 2; stroke-dasharray: 1, 0;\"></path></marker><g class=\"root\"><g class=\"clusters\"></g><g class=\"edgePaths\"><path d=\"M120.93,42L120.93,46.167C120.93,50.333,120.93,58.667,120.93,67C120.93,75.333,120.93,83.667,120.93,87.833L120.93,92\" id=\"L-A-B-0\" class=\" edge-thickness-normal edge-pattern-solid flowchart-link LS-A LE-B\" style=\"fill:none;\" marker-end=\"url(#flowchart-pointEnd)\"></path><path d=\"M103.744,134L98.493,140.417C93.242,146.833,82.74,159.667,77.489,172.5C72.238,185.333,72.238,198.167,72.238,204.583L72.238,211\" id=\"L-B-C-0\" class=\" edge-thickness-normal edge-pattern-solid flowchart-link LS-B LE-C\" style=\"fill:none;\" marker-end=\"url(#flowchart-pointEnd)\"></path><path d=\"M72.238,253L72.238,257.167C72.238,261.333,72.238,269.667,76.481,282.039C80.725,294.411,89.211,310.822,93.454,319.027L97.697,327.232\" id=\"L-C-D-0\" class=\" edge-thickness-normal edge-pattern-solid flowchart-link LS-C LE-D\" style=\"fill:none;\" marker-end=\"url(#flowchart-pointEnd)\"></path><path d=\"M145.162,327.232L149.239,319.027C153.315,310.822,161.468,294.411,165.545,278.539C169.621,262.667,169.621,247.333,169.621,229.75C169.621,212.167,169.621,192.333,164.37,176C159.119,159.667,148.617,146.833,143.366,140.417L138.115,134\" id=\"L-D-B-0\" class=\" edge-thickness-normal edge-pattern-solid flowchart-link LS-D LE-B\" style=\"fill:none;\" marker-end=\"url(#flowchart-pointEnd)\"></path><path d=\"M121.43,443.641L121.346,449.974C121.263,456.307,121.096,468.974,121.013,481.724C120.93,494.474,120.93,507.307,120.93,513.724L120.93,520.141\" id=\"L-D-E-0\" class=\" edge-thickness-normal edge-pattern-solid flowchart-link LS-D LE-E\" style=\"fill:none;\" marker-end=\"url(#flowchart-pointEnd)\"></path><path d=\"M120.93,562.141L120.93,566.307C120.93,570.474,120.93,578.807,120.93,587.141C120.93,595.474,120.93,603.807,120.93,607.974L120.93,612.141\" id=\"L-E-F-0\" class=\" edge-thickness-normal edge-pattern-solid flowchart-link LS-E LE-F\" style=\"fill:none;\" marker-end=\"url(#flowchart-pointEnd)\"></path></g><g class=\"edgeLabels\"><g class=\"edgeLabel\"><g class=\"label\" transform=\"translate(0, 0)\"><foreignObject width=\"0\" height=\"0\"><div xmlns=\"http://www.w3.org/1999/xhtml\" style=\"display: inline-block; white-space: nowrap;\"><span class=\"edgeLabel\"></span></div></foreignObject></g></g><g class=\"edgeLabel\" transform=\"translate(72.23828125, 172.5)\"><g class=\"label\" transform=\"translate(-63.3671875, -13.5)\"><foreignObject width=\"126.734375\" height=\"27\"><div xmlns=\"http://www.w3.org/1999/xhtml\" style=\"display: inline-block; white-space: nowrap;\"><span class=\"edgeLabel\">asyncapiString</span></div></foreignObject></g></g><g class=\"edgeLabel\"><g class=\"label\" transform=\"translate(0, 0)\"><foreignObject width=\"0\" height=\"0\"><div xmlns=\"http://www.w3.org/1999/xhtml\" style=\"display: inline-block; white-space: nowrap;\"><span class=\"edgeLabel\"></span></div></foreignObject></g></g><g class=\"edgeLabel\" transform=\"translate(169.62109375, 232)\"><g class=\"label\" transform=\"translate(-27.3046875, -13.5)\"><foreignObject width=\"54.609375\" height=\"27\"><div xmlns=\"http://www.w3.org/1999/xhtml\" style=\"display: inline-block; white-space: nowrap;\"><span class=\"edgeLabel\">invalid</span></div></foreignObject></g></g><g class=\"edgeLabel\" transform=\"translate(120.9296875, 481.640625)\"><g class=\"label\" transform=\"translate(-120.9296875, -13.5)\"><foreignObject width=\"241.859375\" height=\"27\"><div xmlns=\"http://www.w3.org/1999/xhtml\" style=\"display: inline-block; white-space: nowrap;\"><span class=\"edgeLabel\">asyncapi -&gt; helper functions</span></div></foreignObject></g></g><g class=\"edgeLabel\"><g class=\"label\" transform=\"translate(0, 0)\"><foreignObject width=\"0\" height=\"0\"><div xmlns=\"http://www.w3.org/1999/xhtml\" style=\"display: inline-block; white-space: nowrap;\"><span class=\"edgeLabel\"></span></div></foreignObject></g></g></g><g class=\"nodes\"><g class=\"node default default\" id=\"flowchart-A-24\" transform=\"translate(120.9296875, 21)\"><rect class=\"basic label-container\" style=\"\" rx=\"0\" ry=\"0\" x=\"-93.34375\" y=\"-21\" width=\"186.6875\" height=\"42\"></rect><g class=\"label\" style=\"\" transform=\"translate(-85.84375, -13.5)\"><foreignObject width=\"171.6875\" height=\"27\"><div xmlns=\"http://www.w3.org/1999/xhtml\" style=\"display: inline-block; white-space: nowrap;\"><span class=\"nodeLabel\">AsyncAPI document</span></div></foreignObject></g></g><g class=\"node default default\" id=\"flowchart-B-25\" transform=\"translate(120.9296875, 113)\"><rect class=\"basic label-container\" style=\"\" rx=\"0\" ry=\"0\" x=\"-50.109375\" y=\"-21\" width=\"100.21875\" height=\"42\"></rect><g class=\"label\" style=\"\" transform=\"translate(-42.609375, -13.5)\"><foreignObject width=\"85.21875\" height=\"27\"><div xmlns=\"http://www.w3.org/1999/xhtml\" style=\"display: inline-block; white-space: nowrap;\"><span class=\"nodeLabel\">Generator</span></div></foreignObject></g></g><g class=\"node default default\" id=\"flowchart-C-27\" transform=\"translate(72.23828125, 232)\"><rect class=\"basic label-container\" style=\"\" rx=\"5\" ry=\"5\" x=\"-35.078125\" y=\"-21\" width=\"70.15625\" height=\"42\"></rect><g class=\"label\" style=\"\" transform=\"translate(-27.578125, -13.5)\"><foreignObject width=\"55.15625\" height=\"27\"><div xmlns=\"http://www.w3.org/1999/xhtml\" style=\"display: inline-block; white-space: nowrap;\"><span class=\"nodeLabel\">Parser</span></div></foreignObject></g></g><g class=\"node default default\" id=\"flowchart-D-29\" transform=\"translate(120.9296875, 373.0703125)\"><polygon points=\"70.0703125,0 140.140625,-70.0703125 70.0703125,-140.140625 0,-70.0703125\" class=\"label-container\" transform=\"translate(-70.0703125,70.0703125)\" style=\"\"></polygon><g class=\"label\" style=\"\" transform=\"translate(-41.5703125, -13.5)\"><foreignObject width=\"83.140625\" height=\"27\"><div xmlns=\"http://www.w3.org/1999/xhtml\" style=\"display: inline-block; white-space: nowrap;\"><span class=\"nodeLabel\">Validation</span></div></foreignObject></g></g><g class=\"node default default\" id=\"flowchart-E-33\" transform=\"translate(120.9296875, 541.140625)\"><rect class=\"basic label-container\" style=\"\" rx=\"0\" ry=\"0\" x=\"-82.33984375\" y=\"-21\" width=\"164.6796875\" height=\"42\"></rect><g class=\"label\" style=\"\" transform=\"translate(-74.83984375, -13.5)\"><foreignObject width=\"149.6796875\" height=\"27\"><div xmlns=\"http://www.w3.org/1999/xhtml\" style=\"display: inline-block; white-space: nowrap;\"><span class=\"nodeLabel\">Template Context</span></div></foreignObject></g></g><g class=\"node default default\" id=\"flowchart-F-35\" transform=\"translate(120.9296875, 633.140625)\"><rect class=\"basic label-container\" style=\"\" rx=\"0\" ry=\"0\" x=\"-69.39453125\" y=\"-21\" width=\"138.7890625\" height=\"42\"></rect><g class=\"label\" style=\"\" transform=\"translate(-61.89453125, -13.5)\"><foreignObject width=\"123.7890625\" height=\"27\"><div xmlns=\"http://www.w3.org/1999/xhtml\" style=\"display: inline-block; white-space: nowrap;\"><span class=\"nodeLabel\">Render Engine</span></div></foreignObject></g></g></g></g></g></svg>",
        "context": "#mermaid-0{font-family:Inter,sans-serif;font-size:18px;fill:#242929;}#mermaid-0 .error-icon{fill:#F7F9FA;}#mermaid-0 .error-text{fill:#080605;stroke:#080605;}#mermaid-0 .edge-thickness-normal{stroke-width:2px;}#mermaid-0 .edge-thickness-thick{stroke-width:3.5px;}#mermaid-0 .edge-pattern-solid{stroke-dasharray:0;}#mermaid-0 .edge-pattern-dashed{stroke-dasharray:3;}#mermaid-0 .edge-pattern-dotted{stroke-dasharray:2;}#mermaid-0 .marker{fill:#0b0b0b;stroke:#0b0b0b;}#mermaid-0 .marker.cross{stroke:#0b0b0b;}#mermaid-0 svg{font-family:Inter,sans-serif;font-size:18px;}#mermaid-0 .label{font-family:Inter,sans-serif;color:#242929;}#mermaid-0 .cluster-label text{fill:#080605;}#mermaid-0 .cluster-label span{color:#080605;}#mermaid-0 .label text,#mermaid-0 span{fill:#242929;color:#242929;}#mermaid-0 .node rect,#mermaid-0 .node circle,#mermaid-0 .node ellipse,#mermaid-0 .node polygon,#mermaid-0 .node path{fill:#EDFAFF;stroke:#47BCEE;stroke-width:1px;}#mermaid-0 .node .label{text-align:center;}#mermaid-0 .node.clickable{cursor:pointer;}#mermaid-0 .arrowheadPath{fill:undefined;}#mermaid-0 .edgePath .path{stroke:#0b0b0b;stroke-width:2.0px;}#mermaid-0 .flowchart-link{stroke:#0b0b0b;fill:none;}#mermaid-0 .edgeLabel{background-color:#F4EFFC;text-align:center;}#mermaid-0 .edgeLabel rect{opacity:0.5;background-color:#F4EFFC;fill:#F4EFFC;}#mermaid-0 .cluster rect{fill:#F7F9FA;stroke:#BFC6C7;stroke-width:1px;}#mermaid-0 .cluster text{fill:#080605;}#mermaid-0 .cluster span{color:#080605;}#mermaid-0 div.mermaidTooltip{position:absolute;text-align:center;max-width:200px;padding:2px;font-family:Inter,sans-serif;font-size:12px;background:#F7F9FA;border:1px solid undefined;border-radius:2px;pointer-events:none;z-index:100;}#mermaid-0 .flowchartTitleText{text-anchor:middle;font-size:18px;fill:#242929;}#mermaid-0 :root{--mermaid-font-family:\"trebuchet ms\",verdana,arial,sans-serif;}asyncapiStringinvalidasyncapi -> helper functionsAsyncAPI documentGeneratorParserValidationTemplate ContextRender Engine",
        "description": "SVG containing 10 paths, 2 circles, and 5 rectangles."
      }
    ],
    "codeBlocks": [
      {
        "id": "code_0",
        "content": "1asyncapi: \"2.5.0\"\n2info:\n3  title: Demo API\n4  version: \"1.0.0\"\n5channels:\n6  channelOne:\n7    publish:\n8      summary: This is the first sample channel\n9      operationId: onMessage\n10      message:\n11        name: FirstMessage\n12        payload:\n13          id:\n14            type: integer\n15            minimum: 0\n16            description: Id of the channel\n17          sentAt:\n18            type: string\n19            format: date-time\n20            description: Date and time when the message was sent.\n21  channelTwo:\n22    publish:\n23      summary: This is the second sample channel\n24      operationId: messageRead\n25      message:\n26        name: SecondMessage\n27        payload:\n28          id:\n29            type: integer\n30            minimum: 0\n31            description: Id of the channel\n32          sentAt:\n33            type: string\n34            format: date-time\n35            description: Date and time when the message was sent.",
        "rawHtml": "<code class=\"mr-8\" style=\"white-space:pre\"><span style=\"padding-right:2rem\"><span class=\"comment linenumber react-syntax-highlighter-line-number\" style=\"display:inline-block;min-width:3.25em;padding-right:16px;text-align:right;user-select:none;margin-left:16px;background-color:#252f3f;color:#8B9394\">1</span><span style=\"color:#7edcda\">asyncapi:</span><span> </span><span style=\"color:#c0e2a3;font-weight:500\">\"2.5.0\"</span><span>\n</span></span><span style=\"padding-right:2rem\"><span class=\"comment linenumber react-syntax-highlighter-line-number\" style=\"display:inline-block;min-width:3.25em;padding-right:16px;text-align:right;user-select:none;margin-left:16px;background-color:#252f3f;color:#8B9394\">2</span><span></span><span style=\"color:#7edcda\">info:</span><span>\n</span></span><span style=\"padding-right:2rem\"><span class=\"comment linenumber react-syntax-highlighter-line-number\" style=\"display:inline-block;min-width:3.25em;padding-right:16px;text-align:right;user-select:none;margin-left:16px;background-color:#252f3f;color:#8B9394\">3</span><span>  </span><span style=\"color:#7edcda\">title:</span><span> </span><span style=\"color:#c0e2a3;font-weight:500\">Demo</span><span> </span><span style=\"color:#c0e2a3;font-weight:500\">API</span><span>\n</span></span><span style=\"padding-right:2rem\"><span class=\"comment linenumber react-syntax-highlighter-line-number\" style=\"display:inline-block;min-width:3.25em;padding-right:16px;text-align:right;user-select:none;margin-left:16px;background-color:#252f3f;color:#8B9394\">4</span><span>  </span><span style=\"color:#7edcda\">version:</span><span> </span><span style=\"color:#c0e2a3;font-weight:500\">\"1.0.0\"</span><span>\n</span></span><span style=\"padding-right:2rem\"><span class=\"comment linenumber react-syntax-highlighter-line-number\" style=\"display:inline-block;min-width:3.25em;padding-right:16px;text-align:right;user-select:none;margin-left:16px;background-color:#252f3f;color:#8B9394\">5</span><span></span><span style=\"color:#7edcda\">channels:</span><span>\n</span></span><span style=\"padding-right:2rem\"><span class=\"comment linenumber react-syntax-highlighter-line-number\" style=\"display:inline-block;min-width:3.25em;padding-right:16px;text-align:right;user-select:none;margin-left:16px;background-color:#252f3f;color:#8B9394\">6</span><span>  </span><span style=\"color:#7edcda\">channelOne:</span><span>\n</span></span><span style=\"padding-right:2rem\"><span class=\"comment linenumber react-syntax-highlighter-line-number\" style=\"display:inline-block;min-width:3.25em;padding-right:16px;text-align:right;user-select:none;margin-left:16px;background-color:#252f3f;color:#8B9394\">7</span><span>    </span><span style=\"color:#7edcda\">publish:</span><span>\n</span></span><span style=\"padding-right:2rem\"><span class=\"comment linenumber react-syntax-highlighter-line-number\" style=\"display:inline-block;min-width:3.25em;padding-right:16px;text-align:right;user-select:none;margin-left:16px;background-color:#252f3f;color:#8B9394\">8</span><span>      </span><span style=\"color:#7edcda\">summary:</span><span> </span><span style=\"color:#c0e2a3;font-weight:500\">This</span><span> </span><span style=\"color:#c0e2a3;font-weight:500\">is</span><span> </span><span style=\"color:#c0e2a3;font-weight:500\">the</span><span> </span><span style=\"color:#c0e2a3;font-weight:500\">first</span><span> </span><span style=\"color:#c0e2a3;font-weight:500\">sample</span><span> </span><span style=\"color:#c0e2a3;font-weight:500\">channel</span><span>\n</span></span><span style=\"padding-right:2rem\"><span class=\"comment linenumber react-syntax-highlighter-line-number\" style=\"display:inline-block;min-width:3.25em;padding-right:16px;text-align:right;user-select:none;margin-left:16px;background-color:#252f3f;color:#8B9394\">9</span><span>      </span><span style=\"color:#7edcda\">operationId:</span><span> </span><span style=\"color:#c0e2a3;font-weight:500\">onMessage</span><span>\n</span></span><span style=\"padding-right:2rem\"><span class=\"comment linenumber react-syntax-highlighter-line-number\" style=\"display:inline-block;min-width:3.25em;padding-right:16px;text-align:right;user-select:none;margin-left:16px;background-color:#252f3f;color:#8B9394\">10</span><span>      </span><span style=\"color:#7edcda\">message:</span><span>\n</span></span><span style=\"padding-right:2rem\"><span class=\"comment linenumber react-syntax-highlighter-line-number\" style=\"display:inline-block;min-width:3.25em;padding-right:16px;text-align:right;user-select:none;margin-left:16px;background-color:#252f3f;color:#8B9394\">11</span><span>        </span><span style=\"color:#7edcda\">name:</span><span> </span><span style=\"color:#c0e2a3;font-weight:500\">FirstMessage</span><span>\n</span></span><span style=\"padding-right:2rem\"><span class=\"comment linenumber react-syntax-highlighter-line-number\" style=\"display:inline-block;min-width:3.25em;padding-right:16px;text-align:right;user-select:none;margin-left:16px;background-color:#252f3f;color:#8B9394\">12</span><span>        </span><span style=\"color:#7edcda\">payload:</span><span>\n</span></span><span style=\"padding-right:2rem\"><span class=\"comment linenumber react-syntax-highlighter-line-number\" style=\"display:inline-block;min-width:3.25em;padding-right:16px;text-align:right;user-select:none;margin-left:16px;background-color:#252f3f;color:#8B9394\">13</span><span>          </span><span style=\"color:#7edcda\">id:</span><span>\n</span></span><span style=\"padding-right:2rem\"><span class=\"comment linenumber react-syntax-highlighter-line-number\" style=\"display:inline-block;min-width:3.25em;padding-right:16px;text-align:right;user-select:none;margin-left:16px;background-color:#252f3f;color:#8B9394\">14</span><span>            </span><span style=\"color:#7edcda\">type:</span><span> </span><span style=\"color:#c0e2a3;font-weight:500\">integer</span><span>\n</span></span><span style=\"padding-right:2rem\"><span class=\"comment linenumber react-syntax-highlighter-line-number\" style=\"display:inline-block;min-width:3.25em;padding-right:16px;text-align:right;user-select:none;margin-left:16px;background-color:#252f3f;color:#8B9394\">15</span><span>            </span><span style=\"color:#7edcda\">minimum:</span><span> </span><span style=\"color:#d8da68\">0</span><span>\n</span></span><span style=\"padding-right:2rem\"><span class=\"comment linenumber react-syntax-highlighter-line-number\" style=\"display:inline-block;min-width:3.25em;padding-right:16px;text-align:right;user-select:none;margin-left:16px;background-color:#252f3f;color:#8B9394\">16</span><span>            </span><span style=\"color:#7edcda\">description:</span><span> </span><span style=\"color:#c0e2a3;font-weight:500\">Id</span><span> </span><span style=\"color:#c0e2a3;font-weight:500\">of</span><span> </span><span style=\"color:#c0e2a3;font-weight:500\">the</span><span> </span><span style=\"color:#c0e2a3;font-weight:500\">channel</span><span>\n</span></span><span style=\"padding-right:2rem\"><span class=\"comment linenumber react-syntax-highlighter-line-number\" style=\"display:inline-block;min-width:3.25em;padding-right:16px;text-align:right;user-select:none;margin-left:16px;background-color:#252f3f;color:#8B9394\">17</span><span>          </span><span style=\"color:#7edcda\">sentAt:</span><span>\n</span></span><span style=\"padding-right:2rem\"><span class=\"comment linenumber react-syntax-highlighter-line-number\" style=\"display:inline-block;min-width:3.25em;padding-right:16px;text-align:right;user-select:none;margin-left:16px;background-color:#252f3f;color:#8B9394\">18</span><span>            </span><span style=\"color:#7edcda\">type:</span><span> </span><span style=\"color:#c0e2a3;font-weight:500\">string</span><span>\n</span></span><span style=\"padding-right:2rem\"><span class=\"comment linenumber react-syntax-highlighter-line-number\" style=\"display:inline-block;min-width:3.25em;padding-right:16px;text-align:right;user-select:none;margin-left:16px;background-color:#252f3f;color:#8B9394\">19</span><span>            </span><span style=\"color:#7edcda\">format:</span><span> </span><span style=\"color:#c0e2a3;font-weight:500\">date-time</span><span>\n</span></span><span style=\"padding-right:2rem\"><span class=\"comment linenumber react-syntax-highlighter-line-number\" style=\"display:inline-block;min-width:3.25em;padding-right:16px;text-align:right;user-select:none;margin-left:16px;background-color:#252f3f;color:#8B9394\">20</span><span>            </span><span style=\"color:#7edcda\">description:</span><span> </span><span style=\"color:#c0e2a3;font-weight:500\">Date</span><span> </span><span style=\"color:#c0e2a3;font-weight:500\">and</span><span> </span><span style=\"color:#c0e2a3;font-weight:500\">time</span><span> </span><span style=\"color:#c0e2a3;font-weight:500\">when</span><span> </span><span style=\"color:#c0e2a3;font-weight:500\">the</span><span> </span><span style=\"color:#c0e2a3;font-weight:500\">message</span><span> </span><span style=\"color:#c0e2a3;font-weight:500\">was</span><span> </span><span style=\"color:#c0e2a3;font-weight:500\">sent.</span><span>\n</span></span><span style=\"padding-right:2rem\"><span class=\"comment linenumber react-syntax-highlighter-line-number\" style=\"display:inline-block;min-width:3.25em;padding-right:16px;text-align:right;user-select:none;margin-left:16px;background-color:#252f3f;color:#8B9394\">21</span><span>  </span><span style=\"color:#7edcda\">channelTwo:</span><span>\n</span></span><span style=\"padding-right:2rem\"><span class=\"comment linenumber react-syntax-highlighter-line-number\" style=\"display:inline-block;min-width:3.25em;padding-right:16px;text-align:right;user-select:none;margin-left:16px;background-color:#252f3f;color:#8B9394\">22</span><span>    </span><span style=\"color:#7edcda\">publish:</span><span>\n</span></span><span style=\"padding-right:2rem\"><span class=\"comment linenumber react-syntax-highlighter-line-number\" style=\"display:inline-block;min-width:3.25em;padding-right:16px;text-align:right;user-select:none;margin-left:16px;background-color:#252f3f;color:#8B9394\">23</span><span>      </span><span style=\"color:#7edcda\">summary:</span><span> </span><span style=\"color:#c0e2a3;font-weight:500\">This</span><span> </span><span style=\"color:#c0e2a3;font-weight:500\">is</span><span> </span><span style=\"color:#c0e2a3;font-weight:500\">the</span><span> </span><span style=\"color:#c0e2a3;font-weight:500\">second</span><span> </span><span style=\"color:#c0e2a3;font-weight:500\">sample</span><span> </span><span style=\"color:#c0e2a3;font-weight:500\">channel</span><span>\n</span></span><span style=\"padding-right:2rem\"><span class=\"comment linenumber react-syntax-highlighter-line-number\" style=\"display:inline-block;min-width:3.25em;padding-right:16px;text-align:right;user-select:none;margin-left:16px;background-color:#252f3f;color:#8B9394\">24</span><span>      </span><span style=\"color:#7edcda\">operationId:</span><span> </span><span style=\"color:#c0e2a3;font-weight:500\">messageRead</span><span>\n</span></span><span style=\"padding-right:2rem\"><span class=\"comment linenumber react-syntax-highlighter-line-number\" style=\"display:inline-block;min-width:3.25em;padding-right:16px;text-align:right;user-select:none;margin-left:16px;background-color:#252f3f;color:#8B9394\">25</span><span>      </span><span style=\"color:#7edcda\">message:</span><span>\n</span></span><span style=\"padding-right:2rem\"><span class=\"comment linenumber react-syntax-highlighter-line-number\" style=\"display:inline-block;min-width:3.25em;padding-right:16px;text-align:right;user-select:none;margin-left:16px;background-color:#252f3f;color:#8B9394\">26</span><span>        </span><span style=\"color:#7edcda\">name:</span><span> </span><span style=\"color:#c0e2a3;font-weight:500\">SecondMessage</span><span>\n</span></span><span style=\"padding-right:2rem\"><span class=\"comment linenumber react-syntax-highlighter-line-number\" style=\"display:inline-block;min-width:3.25em;padding-right:16px;text-align:right;user-select:none;margin-left:16px;background-color:#252f3f;color:#8B9394\">27</span><span>        </span><span style=\"color:#7edcda\">payload:</span><span>\n</span></span><span style=\"padding-right:2rem\"><span class=\"comment linenumber react-syntax-highlighter-line-number\" style=\"display:inline-block;min-width:3.25em;padding-right:16px;text-align:right;user-select:none;margin-left:16px;background-color:#252f3f;color:#8B9394\">28</span><span>          </span><span style=\"color:#7edcda\">id:</span><span>\n</span></span><span style=\"padding-right:2rem\"><span class=\"comment linenumber react-syntax-highlighter-line-number\" style=\"display:inline-block;min-width:3.25em;padding-right:16px;text-align:right;user-select:none;margin-left:16px;background-color:#252f3f;color:#8B9394\">29</span><span>            </span><span style=\"color:#7edcda\">type:</span><span> </span><span style=\"color:#c0e2a3;font-weight:500\">integer</span><span>\n</span></span><span style=\"padding-right:2rem\"><span class=\"comment linenumber react-syntax-highlighter-line-number\" style=\"display:inline-block;min-width:3.25em;padding-right:16px;text-align:right;user-select:none;margin-left:16px;background-color:#252f3f;color:#8B9394\">30</span><span>            </span><span style=\"color:#7edcda\">minimum:</span><span> </span><span style=\"color:#d8da68\">0</span><span>\n</span></span><span style=\"padding-right:2rem\"><span class=\"comment linenumber react-syntax-highlighter-line-number\" style=\"display:inline-block;min-width:3.25em;padding-right:16px;text-align:right;user-select:none;margin-left:16px;background-color:#252f3f;color:#8B9394\">31</span><span>            </span><span style=\"color:#7edcda\">description:</span><span> </span><span style=\"color:#c0e2a3;font-weight:500\">Id</span><span> </span><span style=\"color:#c0e2a3;font-weight:500\">of</span><span> </span><span style=\"color:#c0e2a3;font-weight:500\">the</span><span> </span><span style=\"color:#c0e2a3;font-weight:500\">channel</span><span>\n</span></span><span style=\"padding-right:2rem\"><span class=\"comment linenumber react-syntax-highlighter-line-number\" style=\"display:inline-block;min-width:3.25em;padding-right:16px;text-align:right;user-select:none;margin-left:16px;background-color:#252f3f;color:#8B9394\">32</span><span>          </span><span style=\"color:#7edcda\">sentAt:</span><span>\n</span></span><span style=\"padding-right:2rem\"><span class=\"comment linenumber react-syntax-highlighter-line-number\" style=\"display:inline-block;min-width:3.25em;padding-right:16px;text-align:right;user-select:none;margin-left:16px;background-color:#252f3f;color:#8B9394\">33</span><span>            </span><span style=\"color:#7edcda\">type:</span><span> </span><span style=\"color:#c0e2a3;font-weight:500\">string</span><span>\n</span></span><span style=\"padding-right:2rem\"><span class=\"comment linenumber react-syntax-highlighter-line-number\" style=\"display:inline-block;min-width:3.25em;padding-right:16px;text-align:right;user-select:none;margin-left:16px;background-color:#252f3f;color:#8B9394\">34</span><span>            </span><span style=\"color:#7edcda\">format:</span><span> </span><span style=\"color:#c0e2a3;font-weight:500\">date-time</span><span>\n</span></span><span style=\"padding-right:2rem\"><span class=\"comment linenumber react-syntax-highlighter-line-number\" style=\"display:inline-block;min-width:3.25em;padding-right:16px;text-align:right;user-select:none;margin-left:16px;background-color:#252f3f;color:#8B9394\">35</span><span>            </span><span style=\"color:#7edcda\">description:</span><span> </span><span style=\"color:#c0e2a3;font-weight:500\">Date</span><span> </span><span style=\"color:#c0e2a3;font-weight:500\">and</span><span> </span><span style=\"color:#c0e2a3;font-weight:500\">time</span><span> </span><span style=\"color:#c0e2a3;font-weight:500\">when</span><span> </span><span style=\"color:#c0e2a3;font-weight:500\">the</span><span> </span><span style=\"color:#c0e2a3;font-weight:500\">message</span><span> </span><span style=\"color:#c0e2a3;font-weight:500\">was</span><span> </span><span style=\"color:#c0e2a3;font-weight:500\">sent.</span></span></code>",
        "language": "unknown",
        "context": ""
      },
      {
        "id": "code_1",
        "content": "1const channelNames = asyncAPIDocument.channelNames();\n2const messages = asyncAPIDocument.allMessages();",
        "rawHtml": "<code class=\"mr-8\" style=\"white-space:pre\"><span style=\"padding-right:2rem\"><span class=\"comment linenumber react-syntax-highlighter-line-number\" style=\"display:inline-block;min-width:1.25em;padding-right:16px;text-align:right;user-select:none;margin-left:16px;background-color:#252f3f;color:#8B9394\">1</span><span>const </span><span style=\"color:#7edcda\">channelNames</span><span> = asyncAPIDocument.channelNames()</span><span style=\"color:#797f8c\">;</span><span>\n</span></span><span style=\"padding-right:2rem\"><span class=\"comment linenumber react-syntax-highlighter-line-number\" style=\"display:inline-block;min-width:1.25em;padding-right:16px;text-align:right;user-select:none;margin-left:16px;background-color:#252f3f;color:#8B9394\">2</span><span>const </span><span style=\"color:#7edcda\">messages</span><span> = asyncAPIDocument.allMessages()</span><span style=\"color:#797f8c\">;</span></span></code>",
        "language": "unknown",
        "context": ""
      }
    ],
    "tables": [],
    "highlights": [
      {
        "id": "highlight_0",
        "content": "AsyncAPIDocument instance",
        "context": "If the document is valid, the Parser returns an AsyncAPIDocument instance with a set of helper functions that enable easier access to the contents of the AsyncAPI document. The parser provides dereferenced output. During the dereference process, the AsyncAPI parser substitutes a reference with a full definition. The dereferenced output is always in JSON format. The parser provides a message listing all errors if a document is invalid. The original AsyncAPI document is part of the Template Context as the generator also passes the original AsyncAPI document to the template context."
      },
      {
        "id": "highlight_1",
        "content": "channelOne",
        "context": "The following AsyncAPI document example has two channels: channelOne and channelTwo. Each channel has one operation and a single message:"
      },
      {
        "id": "highlight_2",
        "content": "channelTwo",
        "context": "The following AsyncAPI document example has two channels: channelOne and channelTwo. Each channel has one operation and a single message:"
      },
      {
        "id": "highlight_3",
        "content": "asyncAPIDocument.channelNames()",
        "context": "We can use helper functions provided by the Parser to operate on the above JSON file. For example, we can use the helper method asyncAPIDocument.channelNames(), which returns an array of all channel names currently present in the AsyncAPI document. Another example where you can use a helper function is to list out messages present in your JSON file. Instead of fetching a single message one at a time, you can use the function asyncAPIDocument.allMessages() that returns the map of all messages in your AsyncAPI document."
      },
      {
        "id": "highlight_4",
        "content": "asyncAPIDocument.allMessages()",
        "context": "We can use helper functions provided by the Parser to operate on the above JSON file. For example, we can use the helper method asyncAPIDocument.channelNames(), which returns an array of all channel names currently present in the AsyncAPI document. Another example where you can use a helper function is to list out messages present in your JSON file. Instead of fetching a single message one at a time, you can use the function asyncAPIDocument.allMessages() that returns the map of all messages in your AsyncAPI document."
      },
      {
        "id": "highlight_5",
        "content": "invalid-document-type",
        "context": "If the AsyncAPI document is invalid, it throws an error based on the encountered failure type. For example, if the AsyncAPI document is not a string nor a JavaScript object, the Parser throws an invalid-document-type error.\nSimilarly, you may encounter errors such as:\n\ninvalid-json\ninvalid-yaml\nimpossible-to-convert-to-json"
      },
      {
        "id": "highlight_6",
        "content": "invalid-json",
        "context": "invalid-json"
      },
      {
        "id": "highlight_7",
        "content": "invalid-yaml",
        "context": "invalid-yaml"
      },
      {
        "id": "highlight_8",
        "content": "impossible-to-convert-to-json",
        "context": "impossible-to-convert-to-json"
      }
    ]
  }
}