{
  "metadata": {
    "url": "https://www.asyncapi.com/docs/tools/generator/migration-cli",
    "timestamp": "2025-03-12T17:53:40.151Z",
    "source": "asyncapi_docs"
  },
  "content": {
    "title": "Migration Cli",
    "hierarchy": {
      "sections": {
        "Options Overview": {
          "level": 2,
          "content": "Here is a list of ag options and their equivalents in the AsyncAPI CLI:\n\n-d, --disable-hook [hooks...]\n\nAsyncAPI CLI equivalent: asyncapi generate fromTemplate <ASYNCAPI> <TEMPLATE> --disable-hook <hookType>=<hookName>\n\n\n\n--debug\n\nAsyncAPI CLI equivalent: asyncapi generate fromTemplate <ASYNCAPI> <TEMPLATE> --debug\n\n\n\n-i, --install\n\nAsyncAPI CLI equivalent: asyncapi generate fromTemplate <ASYNCAPI> <TEMPLATE> --install\n\n\n\n-n, --no-overwrite <glob>\n\nAsyncAPI CLI equivalent: asyncapi generate fromTemplate <ASYNCAPI> <TEMPLATE> --no-overwrite <glob>\n\n\n\n-o, --output <outputDir>\n\nAsyncAPI CLI equivalent: asyncapi generate fromTemplate <ASYNCAPI> <TEMPLATE> --output <outputDir>\n\n\n\n-p, --param <name=value>\n\nAsyncAPI CLI equivalent: asyncapi generate fromTemplate <ASYNCAPI> <TEMPLATE> --param <name=value>\n\n\n\n--force-write\n\nAsyncAPI CLI equivalent: asyncapi generate fromTemplate <ASYNCAPI> <TEMPLATE> --force-write\n\n\n\n--watch-template\n\nAsyncAPI CLI equivalent: asyncapi generate fromTemplate <ASYNCAPI> <TEMPLATE> --watch\n\n\n\n--map-base-url <url:folder>\n\nAsyncAPI CLI equivalent: asyncapi generate fromTemplate <ASYNCAPI> <TEMPLATE> --map-base-url <url:folder>"
        },
        "Migration Steps": {
          "level": 2,
          "content": "1. Install AsyncAPI CLIThere are multiple different artifacts that AsyncAPI CLI is provided as. Get familiar with the official CLI installation guide.2. Update Your CommandsReplace the deprecated ag commands with the AsyncAPI CLI equivalents. Below are examples of how to update your commands:Using ag:ag ./asyncapi.yaml ./template -o ./output -p param1=value1 --debug --install --disable-hook hookType=hookNameUsing AsyncAPI CLI:asyncapi generate fromTemplate ./asyncapi.yaml ./template -o ./output -p param1=value1 --debug --install --disable-hook hookType=hookNameNotice that the change basically related to changing from ag to asyncapi generate fromTemplate.3. Verify and TestRun the updated commands to ensure they work as expected and verify that the output files are generated correctly."
        },
        "1. Install AsyncAPI CLI": {
          "level": 3,
          "content": "There are multiple different artifacts that AsyncAPI CLI is provided as. Get familiar with the official CLI installation guide."
        },
        "2. Update Your Commands": {
          "level": 3,
          "content": "Replace the deprecated ag commands with the AsyncAPI CLI equivalents. Below are examples of how to update your commands:Using ag:ag ./asyncapi.yaml ./template -o ./output -p param1=value1 --debug --install --disable-hook hookType=hookNameUsing AsyncAPI CLI:asyncapi generate fromTemplate ./asyncapi.yaml ./template -o ./output -p param1=value1 --debug --install --disable-hook hookType=hookNameNotice that the change basically related to changing from ag to asyncapi generate fromTemplate."
        },
        "3. Verify and Test": {
          "level": 3,
          "content": "Run the updated commands to ensure they work as expected and verify that the output files are generated correctly."
        },
        "Additional Resources": {
          "level": 2,
          "content": "CLI Documentation: AsyncAPI CLI Documentation\nInstallation: AsyncAPI CLI Installation\nUsage: AsyncAPI CLI Usage\nSupport: For any issues with CLI, create an issue in CLI repository."
        }
      },
      "navigation": [
        {
          "text": "Welcome",
          "href": "https://www.asyncapi.com/docs",
          "subItems": []
        },
        {
          "text": "Concepts",
          "href": "https://www.asyncapi.com/docs/concepts",
          "subItems": []
        },
        {
          "text": "Tutorials",
          "href": "https://www.asyncapi.com/docs/tutorials",
          "subItems": []
        },
        {
          "text": "Tools",
          "href": "https://www.asyncapi.com/docs/tools",
          "subItems": [
            {
              "text": "Overview",
              "href": "https://www.asyncapi.com/docs/tools"
            },
            {
              "text": "Generator",
              "href": "https://www.asyncapi.com/docs/tools/generator"
            },
            {
              "text": "Introduction",
              "href": "https://www.asyncapi.com/docs/tools/generator"
            },
            {
              "text": "Installation guide",
              "href": "https://www.asyncapi.com/docs/tools/generator/installation-guide"
            },
            {
              "text": "Usage",
              "href": "https://www.asyncapi.com/docs/tools/generator/usage"
            },
            {
              "text": "AsyncAPI document",
              "href": "https://www.asyncapi.com/docs/tools/generator/asyncapi-document"
            },
            {
              "text": "Template",
              "href": "https://www.asyncapi.com/docs/tools/generator/template"
            },
            {
              "text": "Parser",
              "href": "https://www.asyncapi.com/docs/tools/generator/parser"
            },
            {
              "text": "Generator version vs template version",
              "href": "https://www.asyncapi.com/docs/tools/generator/versioning"
            },
            {
              "text": "Library API",
              "href": "https://www.asyncapi.com/docs/tools/generator/api"
            },
            {
              "text": "Template development",
              "href": "https://www.asyncapi.com/docs/tools/generator/template-development"
            },
            {
              "text": "Configuration file",
              "href": "https://www.asyncapi.com/docs/tools/generator/configuration-file"
            },
            {
              "text": "Template context",
              "href": "https://www.asyncapi.com/docs/tools/generator/template-context"
            },
            {
              "text": "React render engine",
              "href": "https://www.asyncapi.com/docs/tools/generator/react-render-engine"
            },
            {
              "text": "Nunjucks render engine",
              "href": "https://www.asyncapi.com/docs/tools/generator/nunjucks-render-engine"
            },
            {
              "text": "Hooks",
              "href": "https://www.asyncapi.com/docs/tools/generator/hooks"
            },
            {
              "text": "File templates",
              "href": "https://www.asyncapi.com/docs/tools/generator/file-templates"
            },
            {
              "text": "TypeScript support",
              "href": "https://www.asyncapi.com/docs/tools/generator/typescript-support"
            },
            {
              "text": "Special file names",
              "href": "https://www.asyncapi.com/docs/tools/generator/special-file-names"
            },
            {
              "text": "Creating a template",
              "href": "https://www.asyncapi.com/docs/tools/generator/generator-template"
            },
            {
              "text": "Using private templates",
              "href": "https://www.asyncapi.com/docs/tools/generator/using-private-template"
            },
            {
              "text": "Adding models generation in template",
              "href": "https://www.asyncapi.com/docs/tools/generator/model-generation"
            },
            {
              "text": "Migrating from Nunjucks to React render engine",
              "href": "https://www.asyncapi.com/docs/tools/generator/migration-nunjucks-react"
            },
            {
              "text": "Migrating from `ag` CLI to AsyncAPI CLI",
              "href": "https://www.asyncapi.com/docs/tools/generator/migration-cli"
            },
            {
              "text": "CLI",
              "href": "https://www.asyncapi.com/docs/tools/cli"
            },
            {
              "text": "Glee",
              "href": "https://www.asyncapi.com/docs/tools/glee"
            }
          ]
        },
        {
          "text": "Guides",
          "href": "https://www.asyncapi.com/docs/guides",
          "subItems": []
        },
        {
          "text": "Reference",
          "href": "https://www.asyncapi.com/docs/reference",
          "subItems": []
        },
        {
          "text": "Migrations",
          "href": "https://www.asyncapi.com/docs/migration",
          "subItems": []
        },
        {
          "text": "Community",
          "href": "https://www.asyncapi.com/docs/community",
          "subItems": []
        }
      ]
    },
    "full_text": "This guide provides detailed instructions on how to transition from the old ag Generator CLI  to the new AsyncAPI CLI.\nOptions Overview\nHere is a list of ag options and their equivalents in the AsyncAPI CLI:\n\n\n-d, --disable-hook [hooks...]\n\nAsyncAPI CLI equivalent: asyncapi generate fromTemplate <ASYNCAPI> <TEMPLATE> --disable-hook <hookType>=<hookName>\n\n\n\n--debug\n\nAsyncAPI CLI equivalent: asyncapi generate fromTemplate <ASYNCAPI> <TEMPLATE> --debug\n\n\n\n-i, --install\n\nAsyncAPI CLI equivalent: asyncapi generate fromTemplate <ASYNCAPI> <TEMPLATE> --install\n\n\n\n-n, --no-overwrite <glob>\n\nAsyncAPI CLI equivalent: asyncapi generate fromTemplate <ASYNCAPI> <TEMPLATE> --no-overwrite <glob>\n\n\n\n-o, --output <outputDir>\n\nAsyncAPI CLI equivalent: asyncapi generate fromTemplate <ASYNCAPI> <TEMPLATE> --output <outputDir>\n\n\n\n-p, --param <name=value>\n\nAsyncAPI CLI equivalent: asyncapi generate fromTemplate <ASYNCAPI> <TEMPLATE> --param <name=value>\n\n\n\n--force-write\n\nAsyncAPI CLI equivalent: asyncapi generate fromTemplate <ASYNCAPI> <TEMPLATE> --force-write\n\n\n\n--watch-template\n\nAsyncAPI CLI equivalent: asyncapi generate fromTemplate <ASYNCAPI> <TEMPLATE> --watch\n\n\n\n--map-base-url <url:folder>\n\nAsyncAPI CLI equivalent: asyncapi generate fromTemplate <ASYNCAPI> <TEMPLATE> --map-base-url <url:folder>\n\n\n\nMigration Steps\n1. Install AsyncAPI CLI\nThere are multiple different artifacts that AsyncAPI CLI is provided as. Get familiar with the official CLI installation guide.\n2. Update Your Commands\nReplace the deprecated ag commands with the AsyncAPI CLI equivalents. Below are examples of how to update your commands:\nUsing ag:\nag ./asyncapi.yaml ./template -o ./output -p param1=value1 --debug --install --disable-hook hookType=hookName\nUsing AsyncAPI CLI:\nasyncapi generate fromTemplate ./asyncapi.yaml ./template -o ./output -p param1=value1 --debug --install --disable-hook hookType=hookName\nNotice that the change basically related to changing from ag to asyncapi generate fromTemplate.\n3. Verify and Test\nRun the updated commands to ensure they work as expected and verify that the output files are generated correctly.\nAdditional Resources\nCLI Documentation: AsyncAPI CLI Documentation\nInstallation: AsyncAPI CLI Installation\nUsage: AsyncAPI CLI Usage\nSupport: For any issues with CLI, create an issue in CLI repository.",
    "sections": [
      {
        "title": "Options Overview",
        "level": 2,
        "text": "Here is a list of ag options and their equivalents in the AsyncAPI CLI:\n\n-d, --disable-hook [hooks...]\n\nAsyncAPI CLI equivalent: asyncapi generate fromTemplate <ASYNCAPI> <TEMPLATE> --disable-hook <hookType>=<hookName>\n\n\n\n--debug\n\nAsyncAPI CLI equivalent: asyncapi generate fromTemplate <ASYNCAPI> <TEMPLATE> --debug\n\n\n\n-i, --install\n\nAsyncAPI CLI equivalent: asyncapi generate fromTemplate <ASYNCAPI> <TEMPLATE> --install\n\n\n\n-n, --no-overwrite <glob>\n\nAsyncAPI CLI equivalent: asyncapi generate fromTemplate <ASYNCAPI> <TEMPLATE> --no-overwrite <glob>\n\n\n\n-o, --output <outputDir>\n\nAsyncAPI CLI equivalent: asyncapi generate fromTemplate <ASYNCAPI> <TEMPLATE> --output <outputDir>\n\n\n\n-p, --param <name=value>\n\nAsyncAPI CLI equivalent: asyncapi generate fromTemplate <ASYNCAPI> <TEMPLATE> --param <name=value>\n\n\n\n--force-write\n\nAsyncAPI CLI equivalent: asyncapi generate fromTemplate <ASYNCAPI> <TEMPLATE> --force-write\n\n\n\n--watch-template\n\nAsyncAPI CLI equivalent: asyncapi generate fromTemplate <ASYNCAPI> <TEMPLATE> --watch\n\n\n\n--map-base-url <url:folder>\n\nAsyncAPI CLI equivalent: asyncapi generate fromTemplate <ASYNCAPI> <TEMPLATE> --map-base-url <url:folder>"
      },
      {
        "title": "Migration Steps",
        "level": 2,
        "text": "1. Install AsyncAPI CLIThere are multiple different artifacts that AsyncAPI CLI is provided as. Get familiar with the official CLI installation guide.2. Update Your CommandsReplace the deprecated ag commands with the AsyncAPI CLI equivalents. Below are examples of how to update your commands:Using ag:ag ./asyncapi.yaml ./template -o ./output -p param1=value1 --debug --install --disable-hook hookType=hookNameUsing AsyncAPI CLI:asyncapi generate fromTemplate ./asyncapi.yaml ./template -o ./output -p param1=value1 --debug --install --disable-hook hookType=hookNameNotice that the change basically related to changing from ag to asyncapi generate fromTemplate.3. Verify and TestRun the updated commands to ensure they work as expected and verify that the output files are generated correctly."
      },
      {
        "title": "1. Install AsyncAPI CLI",
        "level": 3,
        "text": "There are multiple different artifacts that AsyncAPI CLI is provided as. Get familiar with the official CLI installation guide."
      },
      {
        "title": "2. Update Your Commands",
        "level": 3,
        "text": "Replace the deprecated ag commands with the AsyncAPI CLI equivalents. Below are examples of how to update your commands:Using ag:ag ./asyncapi.yaml ./template -o ./output -p param1=value1 --debug --install --disable-hook hookType=hookNameUsing AsyncAPI CLI:asyncapi generate fromTemplate ./asyncapi.yaml ./template -o ./output -p param1=value1 --debug --install --disable-hook hookType=hookNameNotice that the change basically related to changing from ag to asyncapi generate fromTemplate."
      },
      {
        "title": "3. Verify and Test",
        "level": 3,
        "text": "Run the updated commands to ensure they work as expected and verify that the output files are generated correctly."
      },
      {
        "title": "Additional Resources",
        "level": 2,
        "text": "CLI Documentation: AsyncAPI CLI Documentation\nInstallation: AsyncAPI CLI Installation\nUsage: AsyncAPI CLI Usage\nSupport: For any issues with CLI, create an issue in CLI repository."
      }
    ],
    "svgs": [
      {
        "id": "svg_0",
        "content": "<svg class=\"-mt-0.5 inline-block size-4\" fill=\"currentColor\" viewBox=\"0 0 20 20\"><path d=\"M15.6 2l-1.2 3H5.6L4.4 2C3.629 2 3 2.629 3 3.4v15.2c0 .77.629 1.4 1.399 1.4h11.2c.77 0 1.4-.631 1.4-1.4V3.4C17 2.629 16.369 2 15.6 2zm-2 2l.9-2h-2.181L11.6 0H8.4l-.72 2H5.5l.899 2H13.6z\"></path></svg>",
        "context": "",
        "description": "SVG containing 1 paths, 0 circles, and 0 rectangles."
      },
      {
        "id": "svg_1",
        "content": "<svg class=\"-mt-0.5 inline-block size-4\" fill=\"currentColor\" viewBox=\"0 0 20 20\"><path d=\"M15.6 2l-1.2 3H5.6L4.4 2C3.629 2 3 2.629 3 3.4v15.2c0 .77.629 1.4 1.399 1.4h11.2c.77 0 1.4-.631 1.4-1.4V3.4C17 2.629 16.369 2 15.6 2zm-2 2l.9-2h-2.181L11.6 0H8.4l-.72 2H5.5l.899 2H13.6z\"></path></svg>",
        "context": "",
        "description": "SVG containing 1 paths, 0 circles, and 0 rectangles."
      }
    ],
    "codeBlocks": [
      {
        "id": "code_0",
        "content": "ag ./asyncapi.yaml ./template -o ./output -p param1=value1 --debug --install --disable-hook hookType=hookName",
        "rawHtml": "<code class=\"mr-8\" style=\"white-space:pre\"><span style=\"padding-right:2rem\"><span style=\"color:#c0e2a3;font-weight:500\">ag</span><span> </span><span style=\"color:#c0e2a3;font-weight:500\">./asyncapi.yaml</span><span> </span><span style=\"color:#c0e2a3;font-weight:500\">./template</span><span> </span><span style=\"color:#c0e2a3;font-weight:500\">-o</span><span> </span><span style=\"color:#c0e2a3;font-weight:500\">./output</span><span> </span><span style=\"color:#c0e2a3;font-weight:500\">-p</span><span> </span><span style=\"color:#c0e2a3;font-weight:500\">param1=value1</span><span> </span><span style=\"color:#c0e2a3;font-weight:500\">--debug</span><span> </span><span style=\"color:#c0e2a3;font-weight:500\">--install</span><span> </span><span style=\"color:#c0e2a3;font-weight:500\">--disable-hook</span><span> </span><span style=\"color:#c0e2a3;font-weight:500\">hookType=hookName</span></span></code>",
        "language": "unknown",
        "context": ""
      },
      {
        "id": "code_1",
        "content": "asyncapi generate fromTemplate ./asyncapi.yaml ./template -o ./output -p param1=value1 --debug --install --disable-hook hookType=hookName",
        "rawHtml": "<code class=\"mr-8\" style=\"white-space:pre\"><span style=\"padding-right:2rem\"><span style=\"color:#c0e2a3;font-weight:500\">asyncapi</span><span> </span><span style=\"color:#c0e2a3;font-weight:500\">generate</span><span> </span><span style=\"color:#c0e2a3;font-weight:500\">fromTemplate</span><span> </span><span style=\"color:#c0e2a3;font-weight:500\">./asyncapi.yaml</span><span> </span><span style=\"color:#c0e2a3;font-weight:500\">./template</span><span> </span><span style=\"color:#c0e2a3;font-weight:500\">-o</span><span> </span><span style=\"color:#c0e2a3;font-weight:500\">./output</span><span> </span><span style=\"color:#c0e2a3;font-weight:500\">-p</span><span> </span><span style=\"color:#c0e2a3;font-weight:500\">param1=value1</span><span> </span><span style=\"color:#c0e2a3;font-weight:500\">--debug</span><span> </span><span style=\"color:#c0e2a3;font-weight:500\">--install</span><span> </span><span style=\"color:#c0e2a3;font-weight:500\">--disable-hook</span><span> </span><span style=\"color:#c0e2a3;font-weight:500\">hookType=hookName</span></span></code>",
        "language": "unknown",
        "context": ""
      }
    ],
    "tables": [],
    "highlights": [
      {
        "id": "highlight_0",
        "content": "ag",
        "context": "This guide provides detailed instructions on how to transition from the old ag Generator CLI  to the new AsyncAPI CLI."
      },
      {
        "id": "highlight_1",
        "content": "ag",
        "context": "Here is a list of ag options and their equivalents in the AsyncAPI CLI:"
      },
      {
        "id": "highlight_2",
        "content": "asyncapi generate fromTemplate <ASYNCAPI> <TEMPLATE> --disable-hook <hookType>=<hookName>",
        "context": "AsyncAPI CLI equivalent: asyncapi generate fromTemplate <ASYNCAPI> <TEMPLATE> --disable-hook <hookType>=<hookName>"
      },
      {
        "id": "highlight_3",
        "content": "asyncapi generate fromTemplate <ASYNCAPI> <TEMPLATE> --debug",
        "context": "AsyncAPI CLI equivalent: asyncapi generate fromTemplate <ASYNCAPI> <TEMPLATE> --debug"
      },
      {
        "id": "highlight_4",
        "content": "asyncapi generate fromTemplate <ASYNCAPI> <TEMPLATE> --install",
        "context": "AsyncAPI CLI equivalent: asyncapi generate fromTemplate <ASYNCAPI> <TEMPLATE> --install"
      },
      {
        "id": "highlight_5",
        "content": "asyncapi generate fromTemplate <ASYNCAPI> <TEMPLATE> --no-overwrite <glob>",
        "context": "AsyncAPI CLI equivalent: asyncapi generate fromTemplate <ASYNCAPI> <TEMPLATE> --no-overwrite <glob>"
      },
      {
        "id": "highlight_6",
        "content": "asyncapi generate fromTemplate <ASYNCAPI> <TEMPLATE> --output <outputDir>",
        "context": "AsyncAPI CLI equivalent: asyncapi generate fromTemplate <ASYNCAPI> <TEMPLATE> --output <outputDir>"
      },
      {
        "id": "highlight_7",
        "content": "asyncapi generate fromTemplate <ASYNCAPI> <TEMPLATE> --param <name=value>",
        "context": "AsyncAPI CLI equivalent: asyncapi generate fromTemplate <ASYNCAPI> <TEMPLATE> --param <name=value>"
      },
      {
        "id": "highlight_8",
        "content": "asyncapi generate fromTemplate <ASYNCAPI> <TEMPLATE> --force-write",
        "context": "AsyncAPI CLI equivalent: asyncapi generate fromTemplate <ASYNCAPI> <TEMPLATE> --force-write"
      },
      {
        "id": "highlight_9",
        "content": "asyncapi generate fromTemplate <ASYNCAPI> <TEMPLATE> --watch",
        "context": "AsyncAPI CLI equivalent: asyncapi generate fromTemplate <ASYNCAPI> <TEMPLATE> --watch"
      },
      {
        "id": "highlight_10",
        "content": "asyncapi generate fromTemplate <ASYNCAPI> <TEMPLATE> --map-base-url <url:folder>",
        "context": "AsyncAPI CLI equivalent: asyncapi generate fromTemplate <ASYNCAPI> <TEMPLATE> --map-base-url <url:folder>"
      },
      {
        "id": "highlight_11",
        "content": "ag",
        "context": "Replace the deprecated ag commands with the AsyncAPI CLI equivalents. Below are examples of how to update your commands:"
      },
      {
        "id": "highlight_12",
        "content": "ag",
        "context": "Using ag"
      },
      {
        "id": "highlight_13",
        "content": "ag",
        "context": "Notice that the change basically related to changing from ag to asyncapi generate fromTemplate."
      },
      {
        "id": "highlight_14",
        "content": "asyncapi generate fromTemplate",
        "context": "Notice that the change basically related to changing from ag to asyncapi generate fromTemplate."
      }
    ]
  }
}