{
  "metadata": {
    "url": "https://www.asyncapi.com/docs/tools/glee/userPassword",
    "timestamp": "2025-03-12T17:55:51.987Z",
    "source": "asyncapi_docs"
  },
  "content": {
    "title": "UserPassword",
    "hierarchy": {
      "sections": {
        "Getting started with username and password authentication": {
          "level": 2,
          "content": "User and password authentication is one of the most basic forms of authentication. This guide will walk through how to implement username and password authentication in Glee.A sample asyncapi.yaml for a server with security requirements and user password security scheme is shown below:1##server asyncAPI schema\n2asyncapi: 3.0.0\n3info:\n4  title: AsyncAPI IMDB server\n5  version: 1.0.0\n6  description: This app is a dummy server that would stream the trending/upcoming anime.\n7servers:\n8  trendingAnimeServer:\n9    host: 'localhost:8081'\n10    protocol: http\n11    security:\n12      - $ref: '#/components/securitySchemes/userPass\n13\n14  ...\n15\n16components:\n17  securitySchemes:\n18    userPass:\n19      type: userPassword\n20A sample asyncapi.yaml for a client that implements some of the requirements of the server above is as follows:1##client asyncAPI schema\n2servers:\n3  trendingAnime:\n4    host: localhost:8081\n5    protocol: http\n6    security:\n7      - $ref: '#/components/securitySchemes/userPass\n8  testwebhook:\n9    host: localhost:9000\n10    protocol: ws\n11x-remoteServers:\n12  - trendingAnime\n13\n14  ...\n15\n16components:\n17  securitySchemes:\n18    userPass:\n19      type: userPassword\n20The Client asyncapi.yaml file does not need to implement all the security requirements in the server, it only needs to implement the ones that it uses like userPassword here.Client SideFollowing the client asyncapi.yaml file above, create a file named trendingAnime.ts in the auth directory, since that is the server that has the security Property.touch auth/trendingAnime.tsWhen using the userPassword security scheme, it is important that you pass the parameters as follows:1export async clientAuth({ parsedAsyncAPI, serverName }) {\n2  return {\n3    userPass: {\n4      user: process.env.user,\n5      password: process.env.password,\n6    },\n7  }\n8}userPass should be the name of the security requirement as specified in your asyncapi.yaml file, then pass user and password as it's propertiesServer sideFrom the server asyncapi.yaml file above, create a file named trendingAnimeServer.ts in the auth directory, since that is the server that has the security Property.touch auth/trendingAnimeServer.tsOn the server side, you can retrieve the values as follows1\n2export async serverAuth({ authProps, done }) {\n3  authProps.getUserPass()\n4  \n5  done(true)\n6}\n7So, getUserPass() returns an object containing the username and password that is sent from the client."
        },
        "Client Side": {
          "level": 3,
          "content": "Following the client asyncapi.yaml file above, create a file named trendingAnime.ts in the auth directory, since that is the server that has the security Property.touch auth/trendingAnime.tsWhen using the userPassword security scheme, it is important that you pass the parameters as follows:1export async clientAuth({ parsedAsyncAPI, serverName }) {\n2  return {\n3    userPass: {\n4      user: process.env.user,\n5      password: process.env.password,\n6    },\n7  }\n8}userPass should be the name of the security requirement as specified in your asyncapi.yaml file, then pass user and password as it's properties"
        },
        "Server side": {
          "level": 3,
          "content": "From the server asyncapi.yaml file above, create a file named trendingAnimeServer.ts in the auth directory, since that is the server that has the security Property.touch auth/trendingAnimeServer.tsOn the server side, you can retrieve the values as follows1\n2export async serverAuth({ authProps, done }) {\n3  authProps.getUserPass()\n4  \n5  done(true)\n6}\n7So, getUserPass() returns an object containing the username and password that is sent from the client."
        }
      },
      "navigation": [
        {
          "text": "Welcome",
          "href": "https://www.asyncapi.com/docs",
          "subItems": []
        },
        {
          "text": "Concepts",
          "href": "https://www.asyncapi.com/docs/concepts",
          "subItems": []
        },
        {
          "text": "Tutorials",
          "href": "https://www.asyncapi.com/docs/tutorials",
          "subItems": []
        },
        {
          "text": "Tools",
          "href": "https://www.asyncapi.com/docs/tools",
          "subItems": [
            {
              "text": "Overview",
              "href": "https://www.asyncapi.com/docs/tools"
            },
            {
              "text": "Generator",
              "href": "https://www.asyncapi.com/docs/tools/generator"
            },
            {
              "text": "CLI",
              "href": "https://www.asyncapi.com/docs/tools/cli"
            },
            {
              "text": "Glee",
              "href": "https://www.asyncapi.com/docs/tools/glee"
            },
            {
              "text": "Kickstarting Your Journey with Glee",
              "href": "https://www.asyncapi.com/docs/tools/glee"
            },
            {
              "text": "Building Your First Glee Application",
              "href": "https://www.asyncapi.com/docs/tools/glee/your-first-glee-app"
            },
            {
              "text": "Glee Installation Guide",
              "href": "https://www.asyncapi.com/docs/tools/glee/installation"
            },
            {
              "text": "Functions and Lifecycle Events",
              "href": "https://www.asyncapi.com/docs/tools/glee/function-lifecycle-events"
            },
            {
              "text": "Configuring Environment Variables and Configuration File",
              "href": "https://www.asyncapi.com/docs/tools/glee/env-vars-config"
            },
            {
              "text": "Introduction to Glee Authentication",
              "href": "https://www.asyncapi.com/docs/tools/glee/glee-auth-intro"
            },
            {
              "text": "Authentication Functions",
              "href": "https://www.asyncapi.com/docs/tools/glee/authentication"
            },
            {
              "text": "HTTP Authentication (Bearer Token)",
              "href": "https://www.asyncapi.com/docs/tools/glee/bearerToken"
            },
            {
              "text": "HttpApiKey Authentication",
              "href": "https://www.asyncapi.com/docs/tools/glee/httpApiKey"
            },
            {
              "text": "Username and Password Authentication",
              "href": "https://www.asyncapi.com/docs/tools/glee/userPassword"
            },
            {
              "text": "Crypto Websockets - Interactive (Alpha)",
              "href": "https://www.asyncapi.com/docs/tools/glee/crypto-websockets-interactive"
            }
          ]
        },
        {
          "text": "Guides",
          "href": "https://www.asyncapi.com/docs/guides",
          "subItems": []
        },
        {
          "text": "Reference",
          "href": "https://www.asyncapi.com/docs/reference",
          "subItems": []
        },
        {
          "text": "Migrations",
          "href": "https://www.asyncapi.com/docs/migration",
          "subItems": []
        },
        {
          "text": "Community",
          "href": "https://www.asyncapi.com/docs/community",
          "subItems": []
        }
      ]
    },
    "full_text": "Getting started with username and password authentication\nUser and password authentication is one of the most basic forms of authentication. This guide will walk through how to implement username and password authentication in Glee.\nA sample asyncapi.yaml for a server with security requirements and user password security scheme is shown below:\n1##server asyncAPI schema\n2asyncapi: 3.0.0\n3info:\n4  title: AsyncAPI IMDB server\n5  version: 1.0.0\n6  description: This app is a dummy server that would stream the trending/upcoming anime.\n7servers:\n8  trendingAnimeServer:\n9    host: 'localhost:8081'\n10    protocol: http\n11    security:\n12      - $ref: '#/components/securitySchemes/userPass\n13\n14  ...\n15\n16components:\n17  securitySchemes:\n18    userPass:\n19      type: userPassword\n20\nA sample asyncapi.yaml for a client that implements some of the requirements of the server above is as follows:\n1##client asyncAPI schema\n2servers:\n3  trendingAnime:\n4    host: localhost:8081\n5    protocol: http\n6    security:\n7      - $ref: '#/components/securitySchemes/userPass\n8  testwebhook:\n9    host: localhost:9000\n10    protocol: ws\n11x-remoteServers:\n12  - trendingAnime\n13\n14  ...\n15\n16components:\n17  securitySchemes:\n18    userPass:\n19      type: userPassword\n20\nThe Client asyncapi.yaml file does not need to implement all the security requirements in the server, it only needs to implement the ones that it uses like userPassword here.\nClient Side\nFollowing the client asyncapi.yaml file above, create a file named trendingAnime.ts in the auth directory, since that is the server that has the security Property.\ntouch auth/trendingAnime.ts\nWhen using the userPassword security scheme, it is important that you pass the parameters as follows:\n1export async clientAuth({ parsedAsyncAPI, serverName }) {\n2  return {\n3    userPass: {\n4      user: process.env.user,\n5      password: process.env.password,\n6    },\n7  }\n8}\nuserPass should be the name of the security requirement as specified in your asyncapi.yaml file, then pass user and password as it's properties\nServer side\nFrom the server asyncapi.yaml file above, create a file named trendingAnimeServer.ts in the auth directory, since that is the server that has the security Property.\ntouch auth/trendingAnimeServer.ts\nOn the server side, you can retrieve the values as follows\n1\n2export async serverAuth({ authProps, done }) {\n3  authProps.getUserPass()\n4  \n5  done(true)\n6}\n7\nSo, getUserPass() returns an object containing the username and password that is sent from the client.",
    "sections": [
      {
        "title": "Getting started with username and password authentication",
        "level": 2,
        "text": "User and password authentication is one of the most basic forms of authentication. This guide will walk through how to implement username and password authentication in Glee.A sample asyncapi.yaml for a server with security requirements and user password security scheme is shown below:1##server asyncAPI schema\n2asyncapi: 3.0.0\n3info:\n4  title: AsyncAPI IMDB server\n5  version: 1.0.0\n6  description: This app is a dummy server that would stream the trending/upcoming anime.\n7servers:\n8  trendingAnimeServer:\n9    host: 'localhost:8081'\n10    protocol: http\n11    security:\n12      - $ref: '#/components/securitySchemes/userPass\n13\n14  ...\n15\n16components:\n17  securitySchemes:\n18    userPass:\n19      type: userPassword\n20A sample asyncapi.yaml for a client that implements some of the requirements of the server above is as follows:1##client asyncAPI schema\n2servers:\n3  trendingAnime:\n4    host: localhost:8081\n5    protocol: http\n6    security:\n7      - $ref: '#/components/securitySchemes/userPass\n8  testwebhook:\n9    host: localhost:9000\n10    protocol: ws\n11x-remoteServers:\n12  - trendingAnime\n13\n14  ...\n15\n16components:\n17  securitySchemes:\n18    userPass:\n19      type: userPassword\n20The Client asyncapi.yaml file does not need to implement all the security requirements in the server, it only needs to implement the ones that it uses like userPassword here.Client SideFollowing the client asyncapi.yaml file above, create a file named trendingAnime.ts in the auth directory, since that is the server that has the security Property.touch auth/trendingAnime.tsWhen using the userPassword security scheme, it is important that you pass the parameters as follows:1export async clientAuth({ parsedAsyncAPI, serverName }) {\n2  return {\n3    userPass: {\n4      user: process.env.user,\n5      password: process.env.password,\n6    },\n7  }\n8}userPass should be the name of the security requirement as specified in your asyncapi.yaml file, then pass user and password as it's propertiesServer sideFrom the server asyncapi.yaml file above, create a file named trendingAnimeServer.ts in the auth directory, since that is the server that has the security Property.touch auth/trendingAnimeServer.tsOn the server side, you can retrieve the values as follows1\n2export async serverAuth({ authProps, done }) {\n3  authProps.getUserPass()\n4  \n5  done(true)\n6}\n7So, getUserPass() returns an object containing the username and password that is sent from the client."
      },
      {
        "title": "Client Side",
        "level": 3,
        "text": "Following the client asyncapi.yaml file above, create a file named trendingAnime.ts in the auth directory, since that is the server that has the security Property.touch auth/trendingAnime.tsWhen using the userPassword security scheme, it is important that you pass the parameters as follows:1export async clientAuth({ parsedAsyncAPI, serverName }) {\n2  return {\n3    userPass: {\n4      user: process.env.user,\n5      password: process.env.password,\n6    },\n7  }\n8}userPass should be the name of the security requirement as specified in your asyncapi.yaml file, then pass user and password as it's properties"
      },
      {
        "title": "Server side",
        "level": 3,
        "text": "From the server asyncapi.yaml file above, create a file named trendingAnimeServer.ts in the auth directory, since that is the server that has the security Property.touch auth/trendingAnimeServer.tsOn the server side, you can retrieve the values as follows1\n2export async serverAuth({ authProps, done }) {\n3  authProps.getUserPass()\n4  \n5  done(true)\n6}\n7So, getUserPass() returns an object containing the username and password that is sent from the client."
      }
    ],
    "svgs": [
      {
        "id": "svg_0",
        "content": "<svg class=\"-mt-0.5 inline-block size-4\" fill=\"currentColor\" viewBox=\"0 0 20 20\"><path d=\"M15.6 2l-1.2 3H5.6L4.4 2C3.629 2 3 2.629 3 3.4v15.2c0 .77.629 1.4 1.399 1.4h11.2c.77 0 1.4-.631 1.4-1.4V3.4C17 2.629 16.369 2 15.6 2zm-2 2l.9-2h-2.181L11.6 0H8.4l-.72 2H5.5l.899 2H13.6z\"></path></svg>",
        "context": "",
        "description": "SVG containing 1 paths, 0 circles, and 0 rectangles."
      },
      {
        "id": "svg_1",
        "content": "<svg class=\"-mt-0.5 inline-block size-4\" fill=\"currentColor\" viewBox=\"0 0 20 20\"><path d=\"M15.6 2l-1.2 3H5.6L4.4 2C3.629 2 3 2.629 3 3.4v15.2c0 .77.629 1.4 1.399 1.4h11.2c.77 0 1.4-.631 1.4-1.4V3.4C17 2.629 16.369 2 15.6 2zm-2 2l.9-2h-2.181L11.6 0H8.4l-.72 2H5.5l.899 2H13.6z\"></path></svg>",
        "context": "",
        "description": "SVG containing 1 paths, 0 circles, and 0 rectangles."
      },
      {
        "id": "svg_2",
        "content": "<svg class=\"-mt-0.5 inline-block size-4\" fill=\"currentColor\" viewBox=\"0 0 20 20\"><path d=\"M15.6 2l-1.2 3H5.6L4.4 2C3.629 2 3 2.629 3 3.4v15.2c0 .77.629 1.4 1.399 1.4h11.2c.77 0 1.4-.631 1.4-1.4V3.4C17 2.629 16.369 2 15.6 2zm-2 2l.9-2h-2.181L11.6 0H8.4l-.72 2H5.5l.899 2H13.6z\"></path></svg>",
        "context": "",
        "description": "SVG containing 1 paths, 0 circles, and 0 rectangles."
      },
      {
        "id": "svg_3",
        "content": "<svg class=\"-mt-0.5 inline-block size-4\" fill=\"currentColor\" viewBox=\"0 0 20 20\"><path d=\"M15.6 2l-1.2 3H5.6L4.4 2C3.629 2 3 2.629 3 3.4v15.2c0 .77.629 1.4 1.399 1.4h11.2c.77 0 1.4-.631 1.4-1.4V3.4C17 2.629 16.369 2 15.6 2zm-2 2l.9-2h-2.181L11.6 0H8.4l-.72 2H5.5l.899 2H13.6z\"></path></svg>",
        "context": "",
        "description": "SVG containing 1 paths, 0 circles, and 0 rectangles."
      },
      {
        "id": "svg_4",
        "content": "<svg class=\"-mt-0.5 inline-block size-4\" fill=\"currentColor\" viewBox=\"0 0 20 20\"><path d=\"M15.6 2l-1.2 3H5.6L4.4 2C3.629 2 3 2.629 3 3.4v15.2c0 .77.629 1.4 1.399 1.4h11.2c.77 0 1.4-.631 1.4-1.4V3.4C17 2.629 16.369 2 15.6 2zm-2 2l.9-2h-2.181L11.6 0H8.4l-.72 2H5.5l.899 2H13.6z\"></path></svg>",
        "context": "",
        "description": "SVG containing 1 paths, 0 circles, and 0 rectangles."
      },
      {
        "id": "svg_5",
        "content": "<svg class=\"-mt-0.5 inline-block size-4\" fill=\"currentColor\" viewBox=\"0 0 20 20\"><path d=\"M15.6 2l-1.2 3H5.6L4.4 2C3.629 2 3 2.629 3 3.4v15.2c0 .77.629 1.4 1.399 1.4h11.2c.77 0 1.4-.631 1.4-1.4V3.4C17 2.629 16.369 2 15.6 2zm-2 2l.9-2h-2.181L11.6 0H8.4l-.72 2H5.5l.899 2H13.6z\"></path></svg>",
        "context": "",
        "description": "SVG containing 1 paths, 0 circles, and 0 rectangles."
      }
    ],
    "codeBlocks": [
      {
        "id": "code_0",
        "content": "1##server asyncAPI schema\n2asyncapi: 3.0.0\n3info:\n4  title: AsyncAPI IMDB server\n5  version: 1.0.0\n6  description: This app is a dummy server that would stream the trending/upcoming anime.\n7servers:\n8  trendingAnimeServer:\n9    host: 'localhost:8081'\n10    protocol: http\n11    security:\n12      - $ref: '#/components/securitySchemes/userPass\n13\n14  ...\n15\n16components:\n17  securitySchemes:\n18    userPass:\n19      type: userPassword\n20",
        "rawHtml": "<code class=\"mr-8\" style=\"white-space:pre\"><span style=\"padding-right:2rem\"><span class=\"comment linenumber react-syntax-highlighter-line-number\" style=\"display:inline-block;min-width:2.25em;padding-right:16px;text-align:right;user-select:none;margin-left:16px;background-color:#252f3f;color:#8B9394\">1</span><span style=\"color:#797f8c\">##server asyncAPI schema</span><span>\n</span></span><span style=\"padding-right:2rem\"><span class=\"comment linenumber react-syntax-highlighter-line-number\" style=\"display:inline-block;min-width:2.25em;padding-right:16px;text-align:right;user-select:none;margin-left:16px;background-color:#252f3f;color:#8B9394\">2</span><span></span><span style=\"color:#7edcda\">asyncapi:</span><span> </span><span style=\"color:#d8da68\">3.0</span><span style=\"color:#d8da68\">.0</span><span>\n</span></span><span style=\"padding-right:2rem\"><span class=\"comment linenumber react-syntax-highlighter-line-number\" style=\"display:inline-block;min-width:2.25em;padding-right:16px;text-align:right;user-select:none;margin-left:16px;background-color:#252f3f;color:#8B9394\">3</span><span></span><span style=\"color:#7edcda\">info:</span><span>\n</span></span><span style=\"padding-right:2rem\"><span class=\"comment linenumber react-syntax-highlighter-line-number\" style=\"display:inline-block;min-width:2.25em;padding-right:16px;text-align:right;user-select:none;margin-left:16px;background-color:#252f3f;color:#8B9394\">4</span><span>  </span><span style=\"color:#7edcda\">title:</span><span> </span><span style=\"color:#c0e2a3;font-weight:500\">AsyncAPI</span><span> </span><span style=\"color:#c0e2a3;font-weight:500\">IMDB</span><span> </span><span style=\"color:#c0e2a3;font-weight:500\">server</span><span>\n</span></span><span style=\"padding-right:2rem\"><span class=\"comment linenumber react-syntax-highlighter-line-number\" style=\"display:inline-block;min-width:2.25em;padding-right:16px;text-align:right;user-select:none;margin-left:16px;background-color:#252f3f;color:#8B9394\">5</span><span>  </span><span style=\"color:#7edcda\">version:</span><span> </span><span style=\"color:#d8da68\">1.0</span><span style=\"color:#d8da68\">.0</span><span>\n</span></span><span style=\"padding-right:2rem\"><span class=\"comment linenumber react-syntax-highlighter-line-number\" style=\"display:inline-block;min-width:2.25em;padding-right:16px;text-align:right;user-select:none;margin-left:16px;background-color:#252f3f;color:#8B9394\">6</span><span>  </span><span style=\"color:#7edcda\">description:</span><span> </span><span style=\"color:#c0e2a3;font-weight:500\">This</span><span> </span><span style=\"color:#c0e2a3;font-weight:500\">app</span><span> </span><span style=\"color:#c0e2a3;font-weight:500\">is</span><span> </span><span style=\"color:#c0e2a3;font-weight:500\">a</span><span> </span><span style=\"color:#c0e2a3;font-weight:500\">dummy</span><span> </span><span style=\"color:#c0e2a3;font-weight:500\">server</span><span> </span><span style=\"color:#c0e2a3;font-weight:500\">that</span><span> </span><span style=\"color:#c0e2a3;font-weight:500\">would</span><span> </span><span style=\"color:#c0e2a3;font-weight:500\">stream</span><span> </span><span style=\"color:#c0e2a3;font-weight:500\">the</span><span> </span><span style=\"color:#c0e2a3;font-weight:500\">trending/upcoming</span><span> </span><span style=\"color:#c0e2a3;font-weight:500\">anime.</span><span>\n</span></span><span style=\"padding-right:2rem\"><span class=\"comment linenumber react-syntax-highlighter-line-number\" style=\"display:inline-block;min-width:2.25em;padding-right:16px;text-align:right;user-select:none;margin-left:16px;background-color:#252f3f;color:#8B9394\">7</span><span></span><span style=\"color:#7edcda\">servers:</span><span>\n</span></span><span style=\"padding-right:2rem\"><span class=\"comment linenumber react-syntax-highlighter-line-number\" style=\"display:inline-block;min-width:2.25em;padding-right:16px;text-align:right;user-select:none;margin-left:16px;background-color:#252f3f;color:#8B9394\">8</span><span>  </span><span style=\"color:#7edcda\">trendingAnimeServer:</span><span>\n</span></span><span style=\"padding-right:2rem\"><span class=\"comment linenumber react-syntax-highlighter-line-number\" style=\"display:inline-block;min-width:2.25em;padding-right:16px;text-align:right;user-select:none;margin-left:16px;background-color:#252f3f;color:#8B9394\">9</span><span>    </span><span style=\"color:#7edcda\">host:</span><span> </span><span style=\"color:#c0e2a3;font-weight:500\">'localhost:8081'</span><span>\n</span></span><span style=\"padding-right:2rem\"><span class=\"comment linenumber react-syntax-highlighter-line-number\" style=\"display:inline-block;min-width:2.25em;padding-right:16px;text-align:right;user-select:none;margin-left:16px;background-color:#252f3f;color:#8B9394\">10</span><span>    </span><span style=\"color:#7edcda\">protocol:</span><span> </span><span style=\"color:#c0e2a3;font-weight:500\">http</span><span>\n</span></span><span style=\"padding-right:2rem\"><span class=\"comment linenumber react-syntax-highlighter-line-number\" style=\"display:inline-block;min-width:2.25em;padding-right:16px;text-align:right;user-select:none;margin-left:16px;background-color:#252f3f;color:#8B9394\">11</span><span>    </span><span style=\"color:#7edcda\">security:</span><span>\n</span></span><span style=\"padding-right:2rem\"><span class=\"comment linenumber react-syntax-highlighter-line-number\" style=\"display:inline-block;min-width:2.25em;padding-right:16px;text-align:right;user-select:none;margin-left:16px;background-color:#252f3f;color:#8B9394\">12</span><span>      </span><span style=\"color:#64a0dc\">-</span><span> </span><span style=\"color:#c0e2a3;font-weight:500\">$ref:</span><span> </span><span style=\"color:#c0e2a3;font-weight:500\">'#/components/securitySchemes/userPass\n</span></span><span style=\"padding-right:2rem;color:#c0e2a3;font-weight:500\"><span class=\"comment linenumber react-syntax-highlighter-line-number\" style=\"display:inline-block;min-width:2.25em;padding-right:16px;text-align:right;user-select:none;margin-left:16px;background-color:#252f3f;color:#8B9394\">13</span>\n</span><span style=\"padding-right:2rem;color:#c0e2a3;font-weight:500\"><span class=\"comment linenumber react-syntax-highlighter-line-number\" style=\"display:inline-block;min-width:2.25em;padding-right:16px;text-align:right;user-select:none;margin-left:16px;background-color:#252f3f;color:#8B9394\">14</span>  ...\n</span><span style=\"padding-right:2rem;color:#c0e2a3;font-weight:500\"><span class=\"comment linenumber react-syntax-highlighter-line-number\" style=\"display:inline-block;min-width:2.25em;padding-right:16px;text-align:right;user-select:none;margin-left:16px;background-color:#252f3f;color:#8B9394\">15</span>\n</span><span style=\"padding-right:2rem;color:#c0e2a3;font-weight:500\"><span class=\"comment linenumber react-syntax-highlighter-line-number\" style=\"display:inline-block;min-width:2.25em;padding-right:16px;text-align:right;user-select:none;margin-left:16px;background-color:#252f3f;color:#8B9394\">16</span>components:\n</span><span style=\"padding-right:2rem;color:#c0e2a3;font-weight:500\"><span class=\"comment linenumber react-syntax-highlighter-line-number\" style=\"display:inline-block;min-width:2.25em;padding-right:16px;text-align:right;user-select:none;margin-left:16px;background-color:#252f3f;color:#8B9394\">17</span>  securitySchemes:\n</span><span style=\"padding-right:2rem;color:#c0e2a3;font-weight:500\"><span class=\"comment linenumber react-syntax-highlighter-line-number\" style=\"display:inline-block;min-width:2.25em;padding-right:16px;text-align:right;user-select:none;margin-left:16px;background-color:#252f3f;color:#8B9394\">18</span>    userPass:\n</span><span style=\"padding-right:2rem;color:#c0e2a3;font-weight:500\"><span class=\"comment linenumber react-syntax-highlighter-line-number\" style=\"display:inline-block;min-width:2.25em;padding-right:16px;text-align:right;user-select:none;margin-left:16px;background-color:#252f3f;color:#8B9394\">19</span>      type: userPassword\n</span><span style=\"padding-right:2rem;color:#c0e2a3;font-weight:500\"><span class=\"comment linenumber react-syntax-highlighter-line-number\" style=\"display:inline-block;min-width:2.25em;padding-right:16px;text-align:right;user-select:none;margin-left:16px;background-color:#252f3f;color:#8B9394\">20</span></span></code>",
        "language": "unknown",
        "context": ""
      },
      {
        "id": "code_1",
        "content": "1##client asyncAPI schema\n2servers:\n3  trendingAnime:\n4    host: localhost:8081\n5    protocol: http\n6    security:\n7      - $ref: '#/components/securitySchemes/userPass\n8  testwebhook:\n9    host: localhost:9000\n10    protocol: ws\n11x-remoteServers:\n12  - trendingAnime\n13\n14  ...\n15\n16components:\n17  securitySchemes:\n18    userPass:\n19      type: userPassword\n20",
        "rawHtml": "<code class=\"mr-8\" style=\"white-space:pre\"><span style=\"padding-right:2rem\"><span class=\"comment linenumber react-syntax-highlighter-line-number\" style=\"display:inline-block;min-width:2.25em;padding-right:16px;text-align:right;user-select:none;margin-left:16px;background-color:#252f3f;color:#8B9394\">1</span><span style=\"color:#797f8c\">##client asyncAPI schema</span><span>\n</span></span><span style=\"padding-right:2rem\"><span class=\"comment linenumber react-syntax-highlighter-line-number\" style=\"display:inline-block;min-width:2.25em;padding-right:16px;text-align:right;user-select:none;margin-left:16px;background-color:#252f3f;color:#8B9394\">2</span><span></span><span style=\"color:#7edcda\">servers:</span><span>\n</span></span><span style=\"padding-right:2rem\"><span class=\"comment linenumber react-syntax-highlighter-line-number\" style=\"display:inline-block;min-width:2.25em;padding-right:16px;text-align:right;user-select:none;margin-left:16px;background-color:#252f3f;color:#8B9394\">3</span><span>  </span><span style=\"color:#7edcda\">trendingAnime:</span><span>\n</span></span><span style=\"padding-right:2rem\"><span class=\"comment linenumber react-syntax-highlighter-line-number\" style=\"display:inline-block;min-width:2.25em;padding-right:16px;text-align:right;user-select:none;margin-left:16px;background-color:#252f3f;color:#8B9394\">4</span><span>    </span><span style=\"color:#7edcda\">host:</span><span> </span><span style=\"color:#c0e2a3;font-weight:500\">localhost:8081</span><span>\n</span></span><span style=\"padding-right:2rem\"><span class=\"comment linenumber react-syntax-highlighter-line-number\" style=\"display:inline-block;min-width:2.25em;padding-right:16px;text-align:right;user-select:none;margin-left:16px;background-color:#252f3f;color:#8B9394\">5</span><span>    </span><span style=\"color:#7edcda\">protocol:</span><span> </span><span style=\"color:#c0e2a3;font-weight:500\">http</span><span>\n</span></span><span style=\"padding-right:2rem\"><span class=\"comment linenumber react-syntax-highlighter-line-number\" style=\"display:inline-block;min-width:2.25em;padding-right:16px;text-align:right;user-select:none;margin-left:16px;background-color:#252f3f;color:#8B9394\">6</span><span>    </span><span style=\"color:#7edcda\">security:</span><span>\n</span></span><span style=\"padding-right:2rem\"><span class=\"comment linenumber react-syntax-highlighter-line-number\" style=\"display:inline-block;min-width:2.25em;padding-right:16px;text-align:right;user-select:none;margin-left:16px;background-color:#252f3f;color:#8B9394\">7</span><span>      </span><span style=\"color:#64a0dc\">-</span><span> </span><span style=\"color:#c0e2a3;font-weight:500\">$ref:</span><span> </span><span style=\"color:#c0e2a3;font-weight:500\">'#/components/securitySchemes/userPass\n</span></span><span style=\"padding-right:2rem;color:#c0e2a3;font-weight:500\"><span class=\"comment linenumber react-syntax-highlighter-line-number\" style=\"display:inline-block;min-width:2.25em;padding-right:16px;text-align:right;user-select:none;margin-left:16px;background-color:#252f3f;color:#8B9394\">8</span>  testwebhook:\n</span><span style=\"padding-right:2rem;color:#c0e2a3;font-weight:500\"><span class=\"comment linenumber react-syntax-highlighter-line-number\" style=\"display:inline-block;min-width:2.25em;padding-right:16px;text-align:right;user-select:none;margin-left:16px;background-color:#252f3f;color:#8B9394\">9</span>    host: localhost:9000\n</span><span style=\"padding-right:2rem;color:#c0e2a3;font-weight:500\"><span class=\"comment linenumber react-syntax-highlighter-line-number\" style=\"display:inline-block;min-width:2.25em;padding-right:16px;text-align:right;user-select:none;margin-left:16px;background-color:#252f3f;color:#8B9394\">10</span>    protocol: ws\n</span><span style=\"padding-right:2rem;color:#c0e2a3;font-weight:500\"><span class=\"comment linenumber react-syntax-highlighter-line-number\" style=\"display:inline-block;min-width:2.25em;padding-right:16px;text-align:right;user-select:none;margin-left:16px;background-color:#252f3f;color:#8B9394\">11</span>x-remoteServers:\n</span><span style=\"padding-right:2rem;color:#c0e2a3;font-weight:500\"><span class=\"comment linenumber react-syntax-highlighter-line-number\" style=\"display:inline-block;min-width:2.25em;padding-right:16px;text-align:right;user-select:none;margin-left:16px;background-color:#252f3f;color:#8B9394\">12</span>  - trendingAnime\n</span><span style=\"padding-right:2rem;color:#c0e2a3;font-weight:500\"><span class=\"comment linenumber react-syntax-highlighter-line-number\" style=\"display:inline-block;min-width:2.25em;padding-right:16px;text-align:right;user-select:none;margin-left:16px;background-color:#252f3f;color:#8B9394\">13</span>\n</span><span style=\"padding-right:2rem;color:#c0e2a3;font-weight:500\"><span class=\"comment linenumber react-syntax-highlighter-line-number\" style=\"display:inline-block;min-width:2.25em;padding-right:16px;text-align:right;user-select:none;margin-left:16px;background-color:#252f3f;color:#8B9394\">14</span>  ...\n</span><span style=\"padding-right:2rem;color:#c0e2a3;font-weight:500\"><span class=\"comment linenumber react-syntax-highlighter-line-number\" style=\"display:inline-block;min-width:2.25em;padding-right:16px;text-align:right;user-select:none;margin-left:16px;background-color:#252f3f;color:#8B9394\">15</span>\n</span><span style=\"padding-right:2rem;color:#c0e2a3;font-weight:500\"><span class=\"comment linenumber react-syntax-highlighter-line-number\" style=\"display:inline-block;min-width:2.25em;padding-right:16px;text-align:right;user-select:none;margin-left:16px;background-color:#252f3f;color:#8B9394\">16</span>components:\n</span><span style=\"padding-right:2rem;color:#c0e2a3;font-weight:500\"><span class=\"comment linenumber react-syntax-highlighter-line-number\" style=\"display:inline-block;min-width:2.25em;padding-right:16px;text-align:right;user-select:none;margin-left:16px;background-color:#252f3f;color:#8B9394\">17</span>  securitySchemes:\n</span><span style=\"padding-right:2rem;color:#c0e2a3;font-weight:500\"><span class=\"comment linenumber react-syntax-highlighter-line-number\" style=\"display:inline-block;min-width:2.25em;padding-right:16px;text-align:right;user-select:none;margin-left:16px;background-color:#252f3f;color:#8B9394\">18</span>    userPass:\n</span><span style=\"padding-right:2rem;color:#c0e2a3;font-weight:500\"><span class=\"comment linenumber react-syntax-highlighter-line-number\" style=\"display:inline-block;min-width:2.25em;padding-right:16px;text-align:right;user-select:none;margin-left:16px;background-color:#252f3f;color:#8B9394\">19</span>      type: userPassword\n</span><span style=\"padding-right:2rem;color:#c0e2a3;font-weight:500\"><span class=\"comment linenumber react-syntax-highlighter-line-number\" style=\"display:inline-block;min-width:2.25em;padding-right:16px;text-align:right;user-select:none;margin-left:16px;background-color:#252f3f;color:#8B9394\">20</span></span></code>",
        "language": "unknown",
        "context": ""
      },
      {
        "id": "code_2",
        "content": "touch auth/trendingAnime.ts",
        "rawHtml": "<code class=\"mr-8\" style=\"white-space:pre\"><span style=\"padding-right:2rem\"><span>touch auth/trendingAnime.ts</span></span></code>",
        "language": "unknown",
        "context": ""
      },
      {
        "id": "code_3",
        "content": "1export async clientAuth({ parsedAsyncAPI, serverName }) {\n2  return {\n3    userPass: {\n4      user: process.env.user,\n5      password: process.env.password,\n6    },\n7  }\n8}",
        "rawHtml": "<code class=\"mr-8\" style=\"white-space:pre\"><span style=\"padding-right:2rem\"><span class=\"comment linenumber react-syntax-highlighter-line-number\" style=\"display:inline-block;min-width:2.25em;padding-right:16px;text-align:right;user-select:none;margin-left:16px;background-color:#252f3f;color:#8B9394\">1</span><span style=\"color:#64a0dc\">export</span><span> </span><span style=\"color:#64a0dc\">async</span><span> </span><span style=\"color:#7edcda\">clientAuth</span><span style=\"color:#74e287\">(</span><span style=\"color:#d6deeb\">{ parsedAsyncAPI, serverName }</span><span style=\"color:#74e287\">)</span><span> {\n</span></span><span style=\"padding-right:2rem\"><span class=\"comment linenumber react-syntax-highlighter-line-number\" style=\"display:inline-block;min-width:2.25em;padding-right:16px;text-align:right;user-select:none;margin-left:16px;background-color:#252f3f;color:#8B9394\">2</span><span>  </span><span style=\"color:#64a0dc\">return</span><span> {\n</span></span><span style=\"padding-right:2rem\"><span class=\"comment linenumber react-syntax-highlighter-line-number\" style=\"display:inline-block;min-width:2.25em;padding-right:16px;text-align:right;user-select:none;margin-left:16px;background-color:#252f3f;color:#8B9394\">3</span><span>    </span><span style=\"color:#7edcda\">userPass</span><span>: {\n</span></span><span style=\"padding-right:2rem\"><span class=\"comment linenumber react-syntax-highlighter-line-number\" style=\"display:inline-block;min-width:2.25em;padding-right:16px;text-align:right;user-select:none;margin-left:16px;background-color:#252f3f;color:#8B9394\">4</span><span>      </span><span style=\"color:#7edcda\">user</span><span>: process.env.user,\n</span></span><span style=\"padding-right:2rem\"><span class=\"comment linenumber react-syntax-highlighter-line-number\" style=\"display:inline-block;min-width:2.25em;padding-right:16px;text-align:right;user-select:none;margin-left:16px;background-color:#252f3f;color:#8B9394\">5</span><span>      </span><span style=\"color:#7edcda\">password</span><span>: process.env.password,\n</span></span><span style=\"padding-right:2rem\"><span class=\"comment linenumber react-syntax-highlighter-line-number\" style=\"display:inline-block;min-width:2.25em;padding-right:16px;text-align:right;user-select:none;margin-left:16px;background-color:#252f3f;color:#8B9394\">6</span>    },\n</span><span style=\"padding-right:2rem\"><span class=\"comment linenumber react-syntax-highlighter-line-number\" style=\"display:inline-block;min-width:2.25em;padding-right:16px;text-align:right;user-select:none;margin-left:16px;background-color:#252f3f;color:#8B9394\">7</span>  }\n</span><span style=\"padding-right:2rem\"><span class=\"comment linenumber react-syntax-highlighter-line-number\" style=\"display:inline-block;min-width:2.25em;padding-right:16px;text-align:right;user-select:none;margin-left:16px;background-color:#252f3f;color:#8B9394\">8</span>}</span></code>",
        "language": "unknown",
        "context": ""
      },
      {
        "id": "code_4",
        "content": "touch auth/trendingAnimeServer.ts",
        "rawHtml": "<code class=\"mr-8\" style=\"white-space:pre\"><span style=\"padding-right:2rem\"><span>touch auth/trendingAnimeServer.ts</span></span></code>",
        "language": "unknown",
        "context": ""
      },
      {
        "id": "code_5",
        "content": "1\n2export async serverAuth({ authProps, done }) {\n3  authProps.getUserPass()\n4  \n5  done(true)\n6}\n7",
        "rawHtml": "<code class=\"mr-8\" style=\"white-space:pre\"><span style=\"padding-right:2rem\"><span class=\"comment linenumber react-syntax-highlighter-line-number\" style=\"display:inline-block;min-width:2.25em;padding-right:16px;text-align:right;user-select:none;margin-left:16px;background-color:#252f3f;color:#8B9394\">1</span><span>\n</span></span><span style=\"padding-right:2rem\"><span class=\"comment linenumber react-syntax-highlighter-line-number\" style=\"display:inline-block;min-width:2.25em;padding-right:16px;text-align:right;user-select:none;margin-left:16px;background-color:#252f3f;color:#8B9394\">2</span><span></span><span style=\"color:#64a0dc\">export</span><span> </span><span style=\"color:#64a0dc\">async</span><span> </span><span style=\"color:#7edcda\">serverAuth</span><span style=\"color:#74e287\">(</span><span style=\"color:#d6deeb\">{ authProps, done }</span><span style=\"color:#74e287\">)</span><span> {\n</span></span><span style=\"padding-right:2rem\"><span class=\"comment linenumber react-syntax-highlighter-line-number\" style=\"display:inline-block;min-width:2.25em;padding-right:16px;text-align:right;user-select:none;margin-left:16px;background-color:#252f3f;color:#8B9394\">3</span>  authProps.getUserPass()\n</span><span style=\"padding-right:2rem\"><span class=\"comment linenumber react-syntax-highlighter-line-number\" style=\"display:inline-block;min-width:2.25em;padding-right:16px;text-align:right;user-select:none;margin-left:16px;background-color:#252f3f;color:#8B9394\">4</span>  \n</span><span style=\"padding-right:2rem\"><span class=\"comment linenumber react-syntax-highlighter-line-number\" style=\"display:inline-block;min-width:2.25em;padding-right:16px;text-align:right;user-select:none;margin-left:16px;background-color:#252f3f;color:#8B9394\">5</span><span>  done(</span><span style=\"color:#64a0dc\">true</span><span>)\n</span></span><span style=\"padding-right:2rem\"><span class=\"comment linenumber react-syntax-highlighter-line-number\" style=\"display:inline-block;min-width:2.25em;padding-right:16px;text-align:right;user-select:none;margin-left:16px;background-color:#252f3f;color:#8B9394\">6</span>}\n</span><span style=\"padding-right:2rem\"><span class=\"comment linenumber react-syntax-highlighter-line-number\" style=\"display:inline-block;min-width:2.25em;padding-right:16px;text-align:right;user-select:none;margin-left:16px;background-color:#252f3f;color:#8B9394\">7</span></span></code>",
        "language": "unknown",
        "context": ""
      }
    ],
    "tables": [],
    "highlights": [
      {
        "id": "highlight_0",
        "content": "asyncapi.yaml",
        "context": "A sample asyncapi.yaml for a server with security requirements and user password security scheme is shown below:"
      },
      {
        "id": "highlight_1",
        "content": "asyncapi.yaml",
        "context": "A sample asyncapi.yaml for a client that implements some of the requirements of the server above is as follows:"
      },
      {
        "id": "highlight_2",
        "content": "asyncapi.yaml",
        "context": "Following the client asyncapi.yaml file above, create a file named trendingAnime.ts in the auth directory, since that is the server that has the security Property."
      },
      {
        "id": "highlight_3",
        "content": "trendingAnime.ts",
        "context": "Following the client asyncapi.yaml file above, create a file named trendingAnime.ts in the auth directory, since that is the server that has the security Property."
      },
      {
        "id": "highlight_4",
        "content": "auth",
        "context": "Following the client asyncapi.yaml file above, create a file named trendingAnime.ts in the auth directory, since that is the server that has the security Property."
      },
      {
        "id": "highlight_5",
        "content": "userPassword",
        "context": "When using the userPassword security scheme, it is important that you pass the parameters as follows:"
      },
      {
        "id": "highlight_6",
        "content": "userPass",
        "context": "userPass should be the name of the security requirement as specified in your asyncapi.yaml file, then pass user and password as it's properties"
      },
      {
        "id": "highlight_7",
        "content": "asyncapi.yaml",
        "context": "userPass should be the name of the security requirement as specified in your asyncapi.yaml file, then pass user and password as it's properties"
      },
      {
        "id": "highlight_8",
        "content": "user",
        "context": "userPass should be the name of the security requirement as specified in your asyncapi.yaml file, then pass user and password as it's properties"
      },
      {
        "id": "highlight_9",
        "content": "password",
        "context": "userPass should be the name of the security requirement as specified in your asyncapi.yaml file, then pass user and password as it's properties"
      },
      {
        "id": "highlight_10",
        "content": "asyncapi.yaml",
        "context": "From the server asyncapi.yaml file above, create a file named trendingAnimeServer.ts in the auth directory, since that is the server that has the security Property."
      },
      {
        "id": "highlight_11",
        "content": "trendingAnimeServer.ts",
        "context": "From the server asyncapi.yaml file above, create a file named trendingAnimeServer.ts in the auth directory, since that is the server that has the security Property."
      },
      {
        "id": "highlight_12",
        "content": "auth",
        "context": "From the server asyncapi.yaml file above, create a file named trendingAnimeServer.ts in the auth directory, since that is the server that has the security Property."
      },
      {
        "id": "highlight_13",
        "content": "getUserPass()",
        "context": "So, getUserPass() returns an object containing the username and password that is sent from the client."
      }
    ]
  }
}