{
  "metadata": {
    "url": "https://www.asyncapi.com/docs/tools/glee/crypto-websockets-interactive",
    "timestamp": "2025-03-12T17:55:59.196Z",
    "source": "asyncapi_docs"
  },
  "content": {
    "title": "Crypto Websockets Interactive",
    "hierarchy": {
      "sections": {},
      "navigation": [
        {
          "text": "Welcome",
          "href": "https://www.asyncapi.com/docs",
          "subItems": []
        },
        {
          "text": "Concepts",
          "href": "https://www.asyncapi.com/docs/concepts",
          "subItems": []
        },
        {
          "text": "Tutorials",
          "href": "https://www.asyncapi.com/docs/tutorials",
          "subItems": []
        },
        {
          "text": "Tools",
          "href": "https://www.asyncapi.com/docs/tools",
          "subItems": [
            {
              "text": "Overview",
              "href": "https://www.asyncapi.com/docs/tools"
            },
            {
              "text": "Generator",
              "href": "https://www.asyncapi.com/docs/tools/generator"
            },
            {
              "text": "CLI",
              "href": "https://www.asyncapi.com/docs/tools/cli"
            },
            {
              "text": "Glee",
              "href": "https://www.asyncapi.com/docs/tools/glee"
            },
            {
              "text": "Kickstarting Your Journey with Glee",
              "href": "https://www.asyncapi.com/docs/tools/glee"
            },
            {
              "text": "Building Your First Glee Application",
              "href": "https://www.asyncapi.com/docs/tools/glee/your-first-glee-app"
            },
            {
              "text": "Glee Installation Guide",
              "href": "https://www.asyncapi.com/docs/tools/glee/installation"
            },
            {
              "text": "Functions and Lifecycle Events",
              "href": "https://www.asyncapi.com/docs/tools/glee/function-lifecycle-events"
            },
            {
              "text": "Configuring Environment Variables and Configuration File",
              "href": "https://www.asyncapi.com/docs/tools/glee/env-vars-config"
            },
            {
              "text": "Introduction to Glee Authentication",
              "href": "https://www.asyncapi.com/docs/tools/glee/glee-auth-intro"
            },
            {
              "text": "Authentication Functions",
              "href": "https://www.asyncapi.com/docs/tools/glee/authentication"
            },
            {
              "text": "HTTP Authentication (Bearer Token)",
              "href": "https://www.asyncapi.com/docs/tools/glee/bearerToken"
            },
            {
              "text": "HttpApiKey Authentication",
              "href": "https://www.asyncapi.com/docs/tools/glee/httpApiKey"
            },
            {
              "text": "Username and Password Authentication",
              "href": "https://www.asyncapi.com/docs/tools/glee/userPassword"
            },
            {
              "text": "Crypto Websockets - Interactive (Alpha)",
              "href": "https://www.asyncapi.com/docs/tools/glee/crypto-websockets-interactive"
            }
          ]
        },
        {
          "text": "Guides",
          "href": "https://www.asyncapi.com/docs/guides",
          "subItems": []
        },
        {
          "text": "Reference",
          "href": "https://www.asyncapi.com/docs/reference",
          "subItems": []
        },
        {
          "text": "Migrations",
          "href": "https://www.asyncapi.com/docs/migration",
          "subItems": []
        },
        {
          "text": "Community",
          "href": "https://www.asyncapi.com/docs/community",
          "subItems": []
        }
      ]
    },
    "full_text": "",
    "sections": [],
    "svgs": [],
    "codeBlocks": [],
    "tables": [],
    "highlights": []
  }
}