{
  "metadata": {
    "url": "https://www.asyncapi.com/docs/tools/cli",
    "timestamp": "2025-03-12T17:45:42.851Z",
    "source": "asyncapi_docs"
  },
  "content": {
    "title": "Cli",
    "hierarchy": {
      "sections": {
        "Features": {
          "level": 2,
          "content": "The AsyncAPI CLI offers the following key features:\n\nCreation: New AsyncAPI documents can be created from scratch using the CLI, which is useful when starting a new project or creating a new version of an existing API.\n\n\nValidation: AsyncAPI documents can be quickly and easily validated using the AsyncAPI Parser, which ensures that the documents conform to the AsyncAPI specification and catches errors early in the development process.\n\n\nConversion: The AsyncAPI CLI can convert AsyncAPI documents from one version to another, which is helpful for migrating APIs to a newer version of the AsyncAPI specification.\n\n\nDifference: The AsyncAPI CLI can be used to find the differences between two AsyncAPI documents, which helps compare different versions of an API or identify changes made to an API.\n\n\nGeneration: The AsyncAPI CLI leverages AsyncAPI libraries like Generator and Modelina, which allow you to generate various types of documentation, applications, and models in different programming languages. This feature can save significant time and effort when creating new APIs.\n\n\nOptimize: Using Optimizer, the AsyncAPI CLI can be used to optimize an AsyncAPI specification file which can optimize the structure of the AsyncAPI document to make it smaller and without repetition.\n\n\nStart: The AsyncAPI CLI can be used to start AsyncAPI Studio locally, which the user can use to view, edit, and test AsyncAPI documents.\n\nTo summarize, the AsyncAPI CLI offers the following features and process flow, as shown in the diagram below:"
        },
        "CLI flow": {
          "level": 2,
          "content": "The following flowchart illustrates the process flow of the AsyncAPI CLI:"
        }
      },
      "navigation": [
        {
          "text": "Welcome",
          "href": "https://www.asyncapi.com/docs",
          "subItems": []
        },
        {
          "text": "Concepts",
          "href": "https://www.asyncapi.com/docs/concepts",
          "subItems": []
        },
        {
          "text": "Tutorials",
          "href": "https://www.asyncapi.com/docs/tutorials",
          "subItems": []
        },
        {
          "text": "Tools",
          "href": "https://www.asyncapi.com/docs/tools",
          "subItems": [
            {
              "text": "Overview",
              "href": "https://www.asyncapi.com/docs/tools"
            },
            {
              "text": "Generator",
              "href": "https://www.asyncapi.com/docs/tools/generator"
            },
            {
              "text": "CLI",
              "href": "https://www.asyncapi.com/docs/tools/cli"
            },
            {
              "text": "Introduction",
              "href": "https://www.asyncapi.com/docs/tools/cli"
            },
            {
              "text": "Installation guide",
              "href": "https://www.asyncapi.com/docs/tools/cli/installation"
            },
            {
              "text": "CLI Architecture",
              "href": "https://www.asyncapi.com/docs/tools/cli/architecture"
            },
            {
              "text": "Usage",
              "href": "https://www.asyncapi.com/docs/tools/cli/usage"
            },
            {
              "text": "GitHub Action for CLI",
              "href": "https://www.asyncapi.com/docs/tools/cli/github-action"
            },
            {
              "text": "Context concept",
              "href": "https://www.asyncapi.com/docs/tools/cli/context"
            },
            {
              "text": "Metrics Collection",
              "href": "https://www.asyncapi.com/docs/tools/cli/metrics_collection"
            },
            {
              "text": "Glee",
              "href": "https://www.asyncapi.com/docs/tools/glee"
            }
          ]
        },
        {
          "text": "Guides",
          "href": "https://www.asyncapi.com/docs/guides",
          "subItems": []
        },
        {
          "text": "Reference",
          "href": "https://www.asyncapi.com/docs/reference",
          "subItems": []
        },
        {
          "text": "Migrations",
          "href": "https://www.asyncapi.com/docs/migration",
          "subItems": []
        },
        {
          "text": "Community",
          "href": "https://www.asyncapi.com/docs/community",
          "subItems": []
        }
      ]
    },
    "full_text": "The AsyncAPI CLI is a command-line tool that provides a set of commands for working with AsyncAPI documents. AsyncAPI is a specification for describing asynchronous APIs, which allows developers to define the structure of messages exchanged between different parts of their applications. The AsyncAPI CLI simplifies creating, validating, bundling, and manipulating AsyncAPI documents, making it easier to work with asynchronous APIs.\nFeatures\nThe AsyncAPI CLI offers the following key features:\n\n\nCreation: New AsyncAPI documents can be created from scratch using the CLI, which is useful when starting a new project or creating a new version of an existing API.\n\n\nValidation: AsyncAPI documents can be quickly and easily validated using the AsyncAPI Parser, which ensures that the documents conform to the AsyncAPI specification and catches errors early in the development process.\n\n\nConversion: The AsyncAPI CLI can convert AsyncAPI documents from one version to another, which is helpful for migrating APIs to a newer version of the AsyncAPI specification.\n\n\nDifference: The AsyncAPI CLI can be used to find the differences between two AsyncAPI documents, which helps compare different versions of an API or identify changes made to an API.\n\n\nGeneration: The AsyncAPI CLI leverages AsyncAPI libraries like Generator and Modelina, which allow you to generate various types of documentation, applications, and models in different programming languages. This feature can save significant time and effort when creating new APIs.\n\n\nOptimize: Using Optimizer, the AsyncAPI CLI can be used to optimize an AsyncAPI specification file which can optimize the structure of the AsyncAPI document to make it smaller and without repetition.\n\n\nStart: The AsyncAPI CLI can be used to start AsyncAPI Studio locally, which the user can use to view, edit, and test AsyncAPI documents.\n\n\nTo summarize, the AsyncAPI CLI offers the following features and process flow, as shown in the diagram below:\n#mermaid-0{font-family:Inter,sans-serif;font-size:18px;fill:#242929;}#mermaid-0 .error-icon{fill:#F7F9FA;}#mermaid-0 .error-text{fill:#080605;stroke:#080605;}#mermaid-0 .edge-thickness-normal{stroke-width:2px;}#mermaid-0 .edge-thickness-thick{stroke-width:3.5px;}#mermaid-0 .edge-pattern-solid{stroke-dasharray:0;}#mermaid-0 .edge-pattern-dashed{stroke-dasharray:3;}#mermaid-0 .edge-pattern-dotted{stroke-dasharray:2;}#mermaid-0 .marker{fill:#0b0b0b;stroke:#0b0b0b;}#mermaid-0 .marker.cross{stroke:#0b0b0b;}#mermaid-0 svg{font-family:Inter,sans-serif;font-size:18px;}#mermaid-0 .label{font-family:Inter,sans-serif;color:#242929;}#mermaid-0 .cluster-label text{fill:#080605;}#mermaid-0 .cluster-label span{color:#080605;}#mermaid-0 .label text,#mermaid-0 span{fill:#242929;color:#242929;}#mermaid-0 .node rect,#mermaid-0 .node circle,#mermaid-0 .node ellipse,#mermaid-0 .node polygon,#mermaid-0 .node path{fill:#EDFAFF;stroke:#47BCEE;stroke-width:1px;}#mermaid-0 .node .label{text-align:center;}#mermaid-0 .node.clickable{cursor:pointer;}#mermaid-0 .arrowheadPath{fill:undefined;}#mermaid-0 .edgePath .path{stroke:#0b0b0b;stroke-width:2.0px;}#mermaid-0 .flowchart-link{stroke:#0b0b0b;fill:none;}#mermaid-0 .edgeLabel{background-color:#F4EFFC;text-align:center;}#mermaid-0 .edgeLabel rect{opacity:0.5;background-color:#F4EFFC;fill:#F4EFFC;}#mermaid-0 .cluster rect{fill:#F7F9FA;stroke:#BFC6C7;stroke-width:1px;}#mermaid-0 .cluster text{fill:#080605;}#mermaid-0 .cluster span{color:#080605;}#mermaid-0 div.mermaidTooltip{position:absolute;text-align:center;max-width:200px;padding:2px;font-family:Inter,sans-serif;font-size:12px;background:#F7F9FA;border:1px solid undefined;border-radius:2px;pointer-events:none;z-index:100;}#mermaid-0 .flowchartTitleText{text-anchor:middle;font-size:18px;fill:#242929;}#mermaid-0 :root{--mermaid-font-family:\"trebuchet ms\",verdana,arial,sans-serif;}AsyncAPI DocumentCreationStudio - EditorOptimizationValidationGenerationApps/DocsModelsDiffBundlingConversion\nCLI flow\nThe following flowchart illustrates the process flow of the AsyncAPI CLI:\n#mermaid-1{font-family:Inter,sans-serif;font-size:18px;fill:#242929;}#mermaid-1 .error-icon{fill:#F7F9FA;}#mermaid-1 .error-text{fill:#080605;stroke:#080605;}#mermaid-1 .edge-thickness-normal{stroke-width:2px;}#mermaid-1 .edge-thickness-thick{stroke-width:3.5px;}#mermaid-1 .edge-pattern-solid{stroke-dasharray:0;}#mermaid-1 .edge-pattern-dashed{stroke-dasharray:3;}#mermaid-1 .edge-pattern-dotted{stroke-dasharray:2;}#mermaid-1 .marker{fill:#0b0b0b;stroke:#0b0b0b;}#mermaid-1 .marker.cross{stroke:#0b0b0b;}#mermaid-1 svg{font-family:Inter,sans-serif;font-size:18px;}#mermaid-1 .label{font-family:Inter,sans-serif;color:#242929;}#mermaid-1 .cluster-label text{fill:#080605;}#mermaid-1 .cluster-label span{color:#080605;}#mermaid-1 .label text,#mermaid-1 span{fill:#242929;color:#242929;}#mermaid-1 .node rect,#mermaid-1 .node circle,#mermaid-1 .node ellipse,#mermaid-1 .node polygon,#mermaid-1 .node path{fill:#EDFAFF;stroke:#47BCEE;stroke-width:1px;}#mermaid-1 .node .label{text-align:center;}#mermaid-1 .node.clickable{cursor:pointer;}#mermaid-1 .arrowheadPath{fill:undefined;}#mermaid-1 .edgePath .path{stroke:#0b0b0b;stroke-width:2.0px;}#mermaid-1 .flowchart-link{stroke:#0b0b0b;fill:none;}#mermaid-1 .edgeLabel{background-color:#F4EFFC;text-align:center;}#mermaid-1 .edgeLabel rect{opacity:0.5;background-color:#F4EFFC;fill:#F4EFFC;}#mermaid-1 .cluster rect{fill:#F7F9FA;stroke:#BFC6C7;stroke-width:1px;}#mermaid-1 .cluster text{fill:#080605;}#mermaid-1 .cluster span{color:#080605;}#mermaid-1 div.mermaidTooltip{position:absolute;text-align:center;max-width:200px;padding:2px;font-family:Inter,sans-serif;font-size:12px;background:#F7F9FA;border:1px solid undefined;border-radius:2px;pointer-events:none;z-index:100;}#mermaid-1 .flowchartTitleText{text-anchor:middle;font-size:18px;fill:#242929;}#mermaid-1 :root{--mermaid-font-family:\"trebuchet ms\",verdana,arial,sans-serif;}Is the operation successful?Is the operation recoverable?Operation ErrorStartUser runs the AsyncAPI CLIUser reissues the corrected commandCLI processes the command and runs the corresponding operationYesYesCLI returns the results of the operation to the userCLI displays an error message and suggests possible next stepsUser terminates the AsyncAPI CLIUser follows suggested steps to recoverEnd\nThis flowchart shows the high-level process that occurs when using the AsyncAPI CLI. The user starts by running a command (such as validate, generate, or start), which the CLI processes. The CLI then performs the corresponding operation (such as validating or generating an AsyncAPI document) and returns the results to the user. If an error occurs, the CLI displays an error message and suggests possible next steps for the user.",
    "sections": [
      {
        "title": "Features",
        "level": 2,
        "text": "The AsyncAPI CLI offers the following key features:\n\nCreation: New AsyncAPI documents can be created from scratch using the CLI, which is useful when starting a new project or creating a new version of an existing API.\n\n\nValidation: AsyncAPI documents can be quickly and easily validated using the AsyncAPI Parser, which ensures that the documents conform to the AsyncAPI specification and catches errors early in the development process.\n\n\nConversion: The AsyncAPI CLI can convert AsyncAPI documents from one version to another, which is helpful for migrating APIs to a newer version of the AsyncAPI specification.\n\n\nDifference: The AsyncAPI CLI can be used to find the differences between two AsyncAPI documents, which helps compare different versions of an API or identify changes made to an API.\n\n\nGeneration: The AsyncAPI CLI leverages AsyncAPI libraries like Generator and Modelina, which allow you to generate various types of documentation, applications, and models in different programming languages. This feature can save significant time and effort when creating new APIs.\n\n\nOptimize: Using Optimizer, the AsyncAPI CLI can be used to optimize an AsyncAPI specification file which can optimize the structure of the AsyncAPI document to make it smaller and without repetition.\n\n\nStart: The AsyncAPI CLI can be used to start AsyncAPI Studio locally, which the user can use to view, edit, and test AsyncAPI documents.\n\nTo summarize, the AsyncAPI CLI offers the following features and process flow, as shown in the diagram below:"
      },
      {
        "title": "CLI flow",
        "level": 2,
        "text": "The following flowchart illustrates the process flow of the AsyncAPI CLI:"
      }
    ],
    "svgs": [
      {
        "id": "svg_0",
        "content": "<svg id=\"mermaid-0\" width=\"100%\" xmlns=\"http://www.w3.org/2000/svg\" style=\"max-width: 1164.9765625px;\" viewBox=\"-8 -8 1164.9765625 242\" aria-roledescription=\"flowchart-v2\"><style>#mermaid-0{font-family:Inter,sans-serif;font-size:18px;fill:#242929;}#mermaid-0 .error-icon{fill:#F7F9FA;}#mermaid-0 .error-text{fill:#080605;stroke:#080605;}#mermaid-0 .edge-thickness-normal{stroke-width:2px;}#mermaid-0 .edge-thickness-thick{stroke-width:3.5px;}#mermaid-0 .edge-pattern-solid{stroke-dasharray:0;}#mermaid-0 .edge-pattern-dashed{stroke-dasharray:3;}#mermaid-0 .edge-pattern-dotted{stroke-dasharray:2;}#mermaid-0 .marker{fill:#0b0b0b;stroke:#0b0b0b;}#mermaid-0 .marker.cross{stroke:#0b0b0b;}#mermaid-0 svg{font-family:Inter,sans-serif;font-size:18px;}#mermaid-0 .label{font-family:Inter,sans-serif;color:#242929;}#mermaid-0 .cluster-label text{fill:#080605;}#mermaid-0 .cluster-label span{color:#080605;}#mermaid-0 .label text,#mermaid-0 span{fill:#242929;color:#242929;}#mermaid-0 .node rect,#mermaid-0 .node circle,#mermaid-0 .node ellipse,#mermaid-0 .node polygon,#mermaid-0 .node path{fill:#EDFAFF;stroke:#47BCEE;stroke-width:1px;}#mermaid-0 .node .label{text-align:center;}#mermaid-0 .node.clickable{cursor:pointer;}#mermaid-0 .arrowheadPath{fill:undefined;}#mermaid-0 .edgePath .path{stroke:#0b0b0b;stroke-width:2.0px;}#mermaid-0 .flowchart-link{stroke:#0b0b0b;fill:none;}#mermaid-0 .edgeLabel{background-color:#F4EFFC;text-align:center;}#mermaid-0 .edgeLabel rect{opacity:0.5;background-color:#F4EFFC;fill:#F4EFFC;}#mermaid-0 .cluster rect{fill:#F7F9FA;stroke:#BFC6C7;stroke-width:1px;}#mermaid-0 .cluster text{fill:#080605;}#mermaid-0 .cluster span{color:#080605;}#mermaid-0 div.mermaidTooltip{position:absolute;text-align:center;max-width:200px;padding:2px;font-family:Inter,sans-serif;font-size:12px;background:#F7F9FA;border:1px solid undefined;border-radius:2px;pointer-events:none;z-index:100;}#mermaid-0 .flowchartTitleText{text-anchor:middle;font-size:18px;fill:#242929;}#mermaid-0 :root{--mermaid-font-family:\"trebuchet ms\",verdana,arial,sans-serif;}</style><g><marker id=\"flowchart-pointEnd\" class=\"marker flowchart\" viewBox=\"0 0 10 10\" refX=\"10\" refY=\"5\" markerUnits=\"userSpaceOnUse\" markerWidth=\"12\" markerHeight=\"12\" orient=\"auto\"><path d=\"M 0 0 L 10 5 L 0 10 z\" class=\"arrowMarkerPath\" style=\"stroke-width: 1; stroke-dasharray: 1, 0;\"></path></marker><marker id=\"flowchart-pointStart\" class=\"marker flowchart\" viewBox=\"0 0 10 10\" refX=\"0\" refY=\"5\" markerUnits=\"userSpaceOnUse\" markerWidth=\"12\" markerHeight=\"12\" orient=\"auto\"><path d=\"M 0 5 L 10 10 L 10 0 z\" class=\"arrowMarkerPath\" style=\"stroke-width: 1; stroke-dasharray: 1, 0;\"></path></marker><marker id=\"flowchart-circleEnd\" class=\"marker flowchart\" viewBox=\"0 0 10 10\" refX=\"11\" refY=\"5\" markerUnits=\"userSpaceOnUse\" markerWidth=\"11\" markerHeight=\"11\" orient=\"auto\"><circle cx=\"5\" cy=\"5\" r=\"5\" class=\"arrowMarkerPath\" style=\"stroke-width: 1; stroke-dasharray: 1, 0;\"></circle></marker><marker id=\"flowchart-circleStart\" class=\"marker flowchart\" viewBox=\"0 0 10 10\" refX=\"-1\" refY=\"5\" markerUnits=\"userSpaceOnUse\" markerWidth=\"11\" markerHeight=\"11\" orient=\"auto\"><circle cx=\"5\" cy=\"5\" r=\"5\" class=\"arrowMarkerPath\" style=\"stroke-width: 1; stroke-dasharray: 1, 0;\"></circle></marker><marker id=\"flowchart-crossEnd\" class=\"marker cross flowchart\" viewBox=\"0 0 11 11\" refX=\"12\" refY=\"5.2\" markerUnits=\"userSpaceOnUse\" markerWidth=\"11\" markerHeight=\"11\" orient=\"auto\"><path d=\"M 1,1 l 9,9 M 10,1 l -9,9\" class=\"arrowMarkerPath\" style=\"stroke-width: 2; stroke-dasharray: 1, 0;\"></path></marker><marker id=\"flowchart-crossStart\" class=\"marker cross flowchart\" viewBox=\"0 0 11 11\" refX=\"-1\" refY=\"5.2\" markerUnits=\"userSpaceOnUse\" markerWidth=\"11\" markerHeight=\"11\" orient=\"auto\"><path d=\"M 1,1 l 9,9 M 10,1 l -9,9\" class=\"arrowMarkerPath\" style=\"stroke-width: 2; stroke-dasharray: 1, 0;\"></path></marker><g class=\"root\"><g class=\"clusters\"></g><g class=\"edgePaths\"><path d=\"M527.557,28.503L446.888,34.919C366.219,41.335,204.881,54.168,124.212,64.75C43.543,75.333,43.543,83.667,43.543,87.833L43.543,92\" id=\"L-A-B-0\" class=\" edge-thickness-normal edge-pattern-solid flowchart-link LS-A LE-B\" style=\"fill:none;\" marker-end=\"url(#flowchart-pointEnd)\"></path><path d=\"M586.874,42L579.928,46.167C572.981,50.333,559.088,58.667,552.142,67C545.195,75.333,545.195,83.667,545.195,87.833L545.195,92\" id=\"L-A-D-0\" class=\" edge-thickness-normal edge-pattern-solid flowchart-link LS-A LE-D\" style=\"fill:none;\" marker-end=\"url(#flowchart-pointEnd)\"></path><path d=\"M656.895,42L663.842,46.167C670.788,50.333,684.681,58.667,691.628,67C698.574,75.333,698.574,83.667,698.574,87.833L698.574,92\" id=\"L-A-C-0\" class=\" edge-thickness-normal edge-pattern-solid flowchart-link LS-A LE-C\" style=\"fill:none;\" marker-end=\"url(#flowchart-pointEnd)\"></path><path d=\"M665.881,134L659.394,138.167C652.908,142.333,639.934,150.667,633.448,159C626.961,167.333,626.961,175.667,626.961,179.833L626.961,184\" id=\"L-C-F-0\" class=\" edge-thickness-normal edge-pattern-solid flowchart-link LS-C LE-F\" style=\"fill:none;\" marker-end=\"url(#flowchart-pointEnd)\"></path><path d=\"M731.267,134L737.754,138.167C744.241,142.333,757.214,150.667,763.701,159C770.188,167.333,770.188,175.667,770.188,179.833L770.188,184\" id=\"L-C-G-0\" class=\" edge-thickness-normal edge-pattern-solid flowchart-link LS-C LE-G\" style=\"fill:none;\" marker-end=\"url(#flowchart-pointEnd)\"></path><path d=\"M714.781,42L733.212,46.167C751.644,50.333,788.508,58.667,806.939,67C825.371,75.333,825.371,83.667,825.371,87.833L825.371,92\" id=\"L-A-H-0\" class=\" edge-thickness-normal edge-pattern-solid flowchart-link LS-A LE-H\" style=\"fill:none;\" marker-end=\"url(#flowchart-pointEnd)\"></path><path d=\"M527.557,39.331L503.827,43.943C480.098,48.554,432.639,57.777,408.909,66.555C385.18,75.333,385.18,83.667,385.18,87.833L385.18,92\" id=\"L-A-I-0\" class=\" edge-thickness-normal edge-pattern-solid flowchart-link LS-A LE-I\" style=\"fill:none;\" marker-end=\"url(#flowchart-pointEnd)\"></path><path d=\"M527.557,31.425L473.907,37.354C420.258,43.283,312.959,55.142,259.31,65.237C205.66,75.333,205.66,83.667,205.66,87.833L205.66,92\" id=\"L-A-J-0\" class=\" edge-thickness-normal edge-pattern-solid flowchart-link LS-A LE-J\" style=\"fill:none;\" marker-end=\"url(#flowchart-pointEnd)\"></path><path d=\"M716.213,30.207L779.037,36.339C841.861,42.471,967.508,54.736,1030.332,65.035C1093.156,75.333,1093.156,83.667,1093.156,87.833L1093.156,92\" id=\"L-A-E-0\" class=\" edge-thickness-normal edge-pattern-solid flowchart-link LS-A LE-E\" style=\"fill:none;\" marker-end=\"url(#flowchart-pointEnd)\"></path><path d=\"M716.213,34.53L753.944,39.941C791.674,45.353,867.136,56.177,904.867,65.755C942.598,75.333,942.598,83.667,942.598,87.833L942.598,92\" id=\"L-A-K-0\" class=\" edge-thickness-normal edge-pattern-solid flowchart-link LS-A LE-K\" style=\"fill:none;\" marker-end=\"url(#flowchart-pointEnd)\"></path></g><g class=\"edgeLabels\"><g class=\"edgeLabel\"><g class=\"label\" transform=\"translate(0, 0)\"><foreignObject width=\"0\" height=\"0\"><div xmlns=\"http://www.w3.org/1999/xhtml\" style=\"display: inline-block; white-space: nowrap;\"><span class=\"edgeLabel\"></span></div></foreignObject></g></g><g class=\"edgeLabel\"><g class=\"label\" transform=\"translate(0, 0)\"><foreignObject width=\"0\" height=\"0\"><div xmlns=\"http://www.w3.org/1999/xhtml\" style=\"display: inline-block; white-space: nowrap;\"><span class=\"edgeLabel\"></span></div></foreignObject></g></g><g class=\"edgeLabel\"><g class=\"label\" transform=\"translate(0, 0)\"><foreignObject width=\"0\" height=\"0\"><div xmlns=\"http://www.w3.org/1999/xhtml\" style=\"display: inline-block; white-space: nowrap;\"><span class=\"edgeLabel\"></span></div></foreignObject></g></g><g class=\"edgeLabel\"><g class=\"label\" transform=\"translate(0, 0)\"><foreignObject width=\"0\" height=\"0\"><div xmlns=\"http://www.w3.org/1999/xhtml\" style=\"display: inline-block; white-space: nowrap;\"><span class=\"edgeLabel\"></span></div></foreignObject></g></g><g class=\"edgeLabel\"><g class=\"label\" transform=\"translate(0, 0)\"><foreignObject width=\"0\" height=\"0\"><div xmlns=\"http://www.w3.org/1999/xhtml\" style=\"display: inline-block; white-space: nowrap;\"><span class=\"edgeLabel\"></span></div></foreignObject></g></g><g class=\"edgeLabel\"><g class=\"label\" transform=\"translate(0, 0)\"><foreignObject width=\"0\" height=\"0\"><div xmlns=\"http://www.w3.org/1999/xhtml\" style=\"display: inline-block; white-space: nowrap;\"><span class=\"edgeLabel\"></span></div></foreignObject></g></g><g class=\"edgeLabel\"><g class=\"label\" transform=\"translate(0, 0)\"><foreignObject width=\"0\" height=\"0\"><div xmlns=\"http://www.w3.org/1999/xhtml\" style=\"display: inline-block; white-space: nowrap;\"><span class=\"edgeLabel\"></span></div></foreignObject></g></g><g class=\"edgeLabel\"><g class=\"label\" transform=\"translate(0, 0)\"><foreignObject width=\"0\" height=\"0\"><div xmlns=\"http://www.w3.org/1999/xhtml\" style=\"display: inline-block; white-space: nowrap;\"><span class=\"edgeLabel\"></span></div></foreignObject></g></g><g class=\"edgeLabel\"><g class=\"label\" transform=\"translate(0, 0)\"><foreignObject width=\"0\" height=\"0\"><div xmlns=\"http://www.w3.org/1999/xhtml\" style=\"display: inline-block; white-space: nowrap;\"><span class=\"edgeLabel\"></span></div></foreignObject></g></g><g class=\"edgeLabel\"><g class=\"label\" transform=\"translate(0, 0)\"><foreignObject width=\"0\" height=\"0\"><div xmlns=\"http://www.w3.org/1999/xhtml\" style=\"display: inline-block; white-space: nowrap;\"><span class=\"edgeLabel\"></span></div></foreignObject></g></g></g><g class=\"nodes\"><g class=\"node default default\" id=\"flowchart-A-62\" transform=\"translate(621.884765625, 21)\"><rect class=\"basic label-container\" style=\"\" rx=\"0\" ry=\"0\" x=\"-94.328125\" y=\"-21\" width=\"188.65625\" height=\"42\"></rect><g class=\"label\" style=\"\" transform=\"translate(-86.828125, -13.5)\"><foreignObject width=\"173.65625\" height=\"27\"><div xmlns=\"http://www.w3.org/1999/xhtml\" style=\"display: inline-block; white-space: nowrap;\"><span class=\"nodeLabel\">AsyncAPI Document</span></div></foreignObject></g></g><g class=\"node default default\" id=\"flowchart-B-63\" transform=\"translate(43.54296875, 113)\"><rect class=\"basic label-container\" style=\"\" rx=\"0\" ry=\"0\" x=\"-43.54296875\" y=\"-21\" width=\"87.0859375\" height=\"42\"></rect><g class=\"label\" style=\"\" transform=\"translate(-36.04296875, -13.5)\"><foreignObject width=\"72.0859375\" height=\"27\"><div xmlns=\"http://www.w3.org/1999/xhtml\" style=\"display: inline-block; white-space: nowrap;\"><span class=\"nodeLabel\">Creation</span></div></foreignObject></g></g><g class=\"node default default\" id=\"flowchart-J-64\" transform=\"translate(205.66015625, 113)\"><rect class=\"basic label-container\" style=\"\" rx=\"0\" ry=\"0\" x=\"-68.57421875\" y=\"-21\" width=\"137.1484375\" height=\"42\"></rect><g class=\"label\" style=\"\" transform=\"translate(-61.07421875, -13.5)\"><foreignObject width=\"122.1484375\" height=\"27\"><div xmlns=\"http://www.w3.org/1999/xhtml\" style=\"display: inline-block; white-space: nowrap;\"><span class=\"nodeLabel\">Studio - Editor</span></div></foreignObject></g></g><g class=\"node default default\" id=\"flowchart-I-65\" transform=\"translate(385.1796875, 113)\"><rect class=\"basic label-container\" style=\"\" rx=\"0\" ry=\"0\" x=\"-60.9453125\" y=\"-21\" width=\"121.890625\" height=\"42\"></rect><g class=\"label\" style=\"\" transform=\"translate(-53.4453125, -13.5)\"><foreignObject width=\"106.890625\" height=\"27\"><div xmlns=\"http://www.w3.org/1999/xhtml\" style=\"display: inline-block; white-space: nowrap;\"><span class=\"nodeLabel\">Optimization</span></div></foreignObject></g></g><g class=\"node default default\" id=\"flowchart-D-66\" transform=\"translate(545.1953125, 113)\"><rect class=\"basic label-container\" style=\"\" rx=\"0\" ry=\"0\" x=\"-49.0703125\" y=\"-21\" width=\"98.140625\" height=\"42\"></rect><g class=\"label\" style=\"\" transform=\"translate(-41.5703125, -13.5)\"><foreignObject width=\"83.140625\" height=\"27\"><div xmlns=\"http://www.w3.org/1999/xhtml\" style=\"display: inline-block; white-space: nowrap;\"><span class=\"nodeLabel\">Validation</span></div></foreignObject></g></g><g class=\"node default default\" id=\"flowchart-C-67\" transform=\"translate(698.57421875, 113)\"><rect class=\"basic label-container\" style=\"\" rx=\"0\" ry=\"0\" x=\"-54.30859375\" y=\"-21\" width=\"108.6171875\" height=\"42\"></rect><g class=\"label\" style=\"\" transform=\"translate(-46.80859375, -13.5)\"><foreignObject width=\"93.6171875\" height=\"27\"><div xmlns=\"http://www.w3.org/1999/xhtml\" style=\"display: inline-block; white-space: nowrap;\"><span class=\"nodeLabel\">Generation</span></div></foreignObject></g></g><g class=\"node default default\" id=\"flowchart-F-68\" transform=\"translate(626.9609375, 205)\"><rect class=\"basic label-container\" style=\"\" rx=\"0\" ry=\"0\" x=\"-54.51171875\" y=\"-21\" width=\"109.0234375\" height=\"42\"></rect><g class=\"label\" style=\"\" transform=\"translate(-47.01171875, -13.5)\"><foreignObject width=\"94.0234375\" height=\"27\"><div xmlns=\"http://www.w3.org/1999/xhtml\" style=\"display: inline-block; white-space: nowrap;\"><span class=\"nodeLabel\">Apps/Docs</span></div></foreignObject></g></g><g class=\"node default default\" id=\"flowchart-G-69\" transform=\"translate(770.1875, 205)\"><rect class=\"basic label-container\" style=\"\" rx=\"0\" ry=\"0\" x=\"-38.71484375\" y=\"-21\" width=\"77.4296875\" height=\"42\"></rect><g class=\"label\" style=\"\" transform=\"translate(-31.21484375, -13.5)\"><foreignObject width=\"62.4296875\" height=\"27\"><div xmlns=\"http://www.w3.org/1999/xhtml\" style=\"display: inline-block; white-space: nowrap;\"><span class=\"nodeLabel\">Models</span></div></foreignObject></g></g><g class=\"node default default\" id=\"flowchart-H-70\" transform=\"translate(825.37109375, 113)\"><rect class=\"basic label-container\" style=\"\" rx=\"0\" ry=\"0\" x=\"-22.48828125\" y=\"-21\" width=\"44.9765625\" height=\"42\"></rect><g class=\"label\" style=\"\" transform=\"translate(-14.98828125, -13.5)\"><foreignObject width=\"29.9765625\" height=\"27\"><div xmlns=\"http://www.w3.org/1999/xhtml\" style=\"display: inline-block; white-space: nowrap;\"><span class=\"nodeLabel\">Diff</span></div></foreignObject></g></g><g class=\"node default default\" id=\"flowchart-K-71\" transform=\"translate(942.59765625, 113)\"><rect class=\"basic label-container\" style=\"\" rx=\"0\" ry=\"0\" x=\"-44.73828125\" y=\"-21\" width=\"89.4765625\" height=\"42\"></rect><g class=\"label\" style=\"\" transform=\"translate(-37.23828125, -13.5)\"><foreignObject width=\"74.4765625\" height=\"27\"><div xmlns=\"http://www.w3.org/1999/xhtml\" style=\"display: inline-block; white-space: nowrap;\"><span class=\"nodeLabel\">Bundling</span></div></foreignObject></g></g><g class=\"node default default\" id=\"flowchart-E-72\" transform=\"translate(1093.15625, 113)\"><rect class=\"basic label-container\" style=\"\" rx=\"0\" ry=\"0\" x=\"-55.8203125\" y=\"-21\" width=\"111.640625\" height=\"42\"></rect><g class=\"label\" style=\"\" transform=\"translate(-48.3203125, -13.5)\"><foreignObject width=\"96.640625\" height=\"27\"><div xmlns=\"http://www.w3.org/1999/xhtml\" style=\"display: inline-block; white-space: nowrap;\"><span class=\"nodeLabel\">Conversion</span></div></foreignObject></g></g></g></g></g></svg>",
        "context": "#mermaid-0{font-family:Inter,sans-serif;font-size:18px;fill:#242929;}#mermaid-0 .error-icon{fill:#F7F9FA;}#mermaid-0 .error-text{fill:#080605;stroke:#080605;}#mermaid-0 .edge-thickness-normal{stroke-width:2px;}#mermaid-0 .edge-thickness-thick{stroke-width:3.5px;}#mermaid-0 .edge-pattern-solid{stroke-dasharray:0;}#mermaid-0 .edge-pattern-dashed{stroke-dasharray:3;}#mermaid-0 .edge-pattern-dotted{stroke-dasharray:2;}#mermaid-0 .marker{fill:#0b0b0b;stroke:#0b0b0b;}#mermaid-0 .marker.cross{stroke:#0b0b0b;}#mermaid-0 svg{font-family:Inter,sans-serif;font-size:18px;}#mermaid-0 .label{font-family:Inter,sans-serif;color:#242929;}#mermaid-0 .cluster-label text{fill:#080605;}#mermaid-0 .cluster-label span{color:#080605;}#mermaid-0 .label text,#mermaid-0 span{fill:#242929;color:#242929;}#mermaid-0 .node rect,#mermaid-0 .node circle,#mermaid-0 .node ellipse,#mermaid-0 .node polygon,#mermaid-0 .node path{fill:#EDFAFF;stroke:#47BCEE;stroke-width:1px;}#mermaid-0 .node .label{text-align:center;}#mermaid-0 .node.clickable{cursor:pointer;}#mermaid-0 .arrowheadPath{fill:undefined;}#mermaid-0 .edgePath .path{stroke:#0b0b0b;stroke-width:2.0px;}#mermaid-0 .flowchart-link{stroke:#0b0b0b;fill:none;}#mermaid-0 .edgeLabel{background-color:#F4EFFC;text-align:center;}#mermaid-0 .edgeLabel rect{opacity:0.5;background-color:#F4EFFC;fill:#F4EFFC;}#mermaid-0 .cluster rect{fill:#F7F9FA;stroke:#BFC6C7;stroke-width:1px;}#mermaid-0 .cluster text{fill:#080605;}#mermaid-0 .cluster span{color:#080605;}#mermaid-0 div.mermaidTooltip{position:absolute;text-align:center;max-width:200px;padding:2px;font-family:Inter,sans-serif;font-size:12px;background:#F7F9FA;border:1px solid undefined;border-radius:2px;pointer-events:none;z-index:100;}#mermaid-0 .flowchartTitleText{text-anchor:middle;font-size:18px;fill:#242929;}#mermaid-0 :root{--mermaid-font-family:\"trebuchet ms\",verdana,arial,sans-serif;}AsyncAPI DocumentCreationStudio - EditorOptimizationValidationGenerationApps/DocsModelsDiffBundlingConversion",
        "description": "SVG containing 14 paths, 2 circles, and 11 rectangles."
      },
      {
        "id": "svg_1",
        "content": "<svg id=\"mermaid-1\" width=\"100%\" xmlns=\"http://www.w3.org/2000/svg\" style=\"max-width: 1128.66796875px;\" viewBox=\"-8 -8 1128.66796875 801.8359375\" aria-roledescription=\"flowchart-v2\"><style>#mermaid-1{font-family:Inter,sans-serif;font-size:18px;fill:#242929;}#mermaid-1 .error-icon{fill:#F7F9FA;}#mermaid-1 .error-text{fill:#080605;stroke:#080605;}#mermaid-1 .edge-thickness-normal{stroke-width:2px;}#mermaid-1 .edge-thickness-thick{stroke-width:3.5px;}#mermaid-1 .edge-pattern-solid{stroke-dasharray:0;}#mermaid-1 .edge-pattern-dashed{stroke-dasharray:3;}#mermaid-1 .edge-pattern-dotted{stroke-dasharray:2;}#mermaid-1 .marker{fill:#0b0b0b;stroke:#0b0b0b;}#mermaid-1 .marker.cross{stroke:#0b0b0b;}#mermaid-1 svg{font-family:Inter,sans-serif;font-size:18px;}#mermaid-1 .label{font-family:Inter,sans-serif;color:#242929;}#mermaid-1 .cluster-label text{fill:#080605;}#mermaid-1 .cluster-label span{color:#080605;}#mermaid-1 .label text,#mermaid-1 span{fill:#242929;color:#242929;}#mermaid-1 .node rect,#mermaid-1 .node circle,#mermaid-1 .node ellipse,#mermaid-1 .node polygon,#mermaid-1 .node path{fill:#EDFAFF;stroke:#47BCEE;stroke-width:1px;}#mermaid-1 .node .label{text-align:center;}#mermaid-1 .node.clickable{cursor:pointer;}#mermaid-1 .arrowheadPath{fill:undefined;}#mermaid-1 .edgePath .path{stroke:#0b0b0b;stroke-width:2.0px;}#mermaid-1 .flowchart-link{stroke:#0b0b0b;fill:none;}#mermaid-1 .edgeLabel{background-color:#F4EFFC;text-align:center;}#mermaid-1 .edgeLabel rect{opacity:0.5;background-color:#F4EFFC;fill:#F4EFFC;}#mermaid-1 .cluster rect{fill:#F7F9FA;stroke:#BFC6C7;stroke-width:1px;}#mermaid-1 .cluster text{fill:#080605;}#mermaid-1 .cluster span{color:#080605;}#mermaid-1 div.mermaidTooltip{position:absolute;text-align:center;max-width:200px;padding:2px;font-family:Inter,sans-serif;font-size:12px;background:#F7F9FA;border:1px solid undefined;border-radius:2px;pointer-events:none;z-index:100;}#mermaid-1 .flowchartTitleText{text-anchor:middle;font-size:18px;fill:#242929;}#mermaid-1 :root{--mermaid-font-family:\"trebuchet ms\",verdana,arial,sans-serif;}</style><g><marker id=\"flowchart-pointEnd\" class=\"marker flowchart\" viewBox=\"0 0 10 10\" refX=\"10\" refY=\"5\" markerUnits=\"userSpaceOnUse\" markerWidth=\"12\" markerHeight=\"12\" orient=\"auto\"><path d=\"M 0 0 L 10 5 L 0 10 z\" class=\"arrowMarkerPath\" style=\"stroke-width: 1; stroke-dasharray: 1, 0;\"></path></marker><marker id=\"flowchart-pointStart\" class=\"marker flowchart\" viewBox=\"0 0 10 10\" refX=\"0\" refY=\"5\" markerUnits=\"userSpaceOnUse\" markerWidth=\"12\" markerHeight=\"12\" orient=\"auto\"><path d=\"M 0 5 L 10 10 L 10 0 z\" class=\"arrowMarkerPath\" style=\"stroke-width: 1; stroke-dasharray: 1, 0;\"></path></marker><marker id=\"flowchart-circleEnd\" class=\"marker flowchart\" viewBox=\"0 0 10 10\" refX=\"11\" refY=\"5\" markerUnits=\"userSpaceOnUse\" markerWidth=\"11\" markerHeight=\"11\" orient=\"auto\"><circle cx=\"5\" cy=\"5\" r=\"5\" class=\"arrowMarkerPath\" style=\"stroke-width: 1; stroke-dasharray: 1, 0;\"></circle></marker><marker id=\"flowchart-circleStart\" class=\"marker flowchart\" viewBox=\"0 0 10 10\" refX=\"-1\" refY=\"5\" markerUnits=\"userSpaceOnUse\" markerWidth=\"11\" markerHeight=\"11\" orient=\"auto\"><circle cx=\"5\" cy=\"5\" r=\"5\" class=\"arrowMarkerPath\" style=\"stroke-width: 1; stroke-dasharray: 1, 0;\"></circle></marker><marker id=\"flowchart-crossEnd\" class=\"marker cross flowchart\" viewBox=\"0 0 11 11\" refX=\"12\" refY=\"5.2\" markerUnits=\"userSpaceOnUse\" markerWidth=\"11\" markerHeight=\"11\" orient=\"auto\"><path d=\"M 1,1 l 9,9 M 10,1 l -9,9\" class=\"arrowMarkerPath\" style=\"stroke-width: 2; stroke-dasharray: 1, 0;\"></path></marker><marker id=\"flowchart-crossStart\" class=\"marker cross flowchart\" viewBox=\"0 0 11 11\" refX=\"-1\" refY=\"5.2\" markerUnits=\"userSpaceOnUse\" markerWidth=\"11\" markerHeight=\"11\" orient=\"auto\"><path d=\"M 1,1 l 9,9 M 10,1 l -9,9\" class=\"arrowMarkerPath\" style=\"stroke-width: 2; stroke-dasharray: 1, 0;\"></path></marker><g class=\"root\"><g class=\"clusters\"></g><g class=\"edgePaths\"><path d=\"M658.631,42L658.631,46.167C658.631,50.333,658.631,58.667,658.631,67C658.631,75.333,658.631,83.667,658.631,87.833L658.631,92\" id=\"L-A-B-0\" class=\" edge-thickness-normal edge-pattern-solid flowchart-link LS-A LE-B\" style=\"fill:none;\" marker-end=\"url(#flowchart-pointEnd)\"></path><path d=\"M658.631,134L658.631,138.167C658.631,142.333,658.631,150.667,658.631,159C658.631,167.333,658.631,175.667,658.631,179.833L658.631,184\" id=\"L-B-C-0\" class=\" edge-thickness-normal edge-pattern-solid flowchart-link LS-B LE-C\" style=\"fill:none;\" marker-end=\"url(#flowchart-pointEnd)\"></path><path d=\"M583.938,226L569.118,230.167C554.298,234.333,524.658,242.667,509.838,251C495.018,259.333,495.018,267.667,495.018,271.833L495.018,276\" id=\"L-C-D-0\" class=\" edge-thickness-normal edge-pattern-solid flowchart-link LS-C LE-D\" style=\"fill:none;\" marker-end=\"url(#flowchart-pointEnd)\"></path><path d=\"M397.9,318L368.225,324.417C338.551,330.833,279.201,343.667,249.61,356.583C220.018,369.5,220.185,382.5,220.268,389L220.352,395.5\" id=\"L-D-E-0\" class=\" edge-thickness-normal edge-pattern-solid flowchart-link LS-D LE-E\" style=\"fill:none;\" marker-end=\"url(#flowchart-pointEnd)\"></path><path d=\"M592.135,318L621.81,324.417C651.485,330.833,710.834,343.667,740.592,356.583C770.35,369.5,770.517,382.5,770.6,389L770.684,395.5\" id=\"L-D-F-0\" class=\" edge-thickness-normal edge-pattern-solid flowchart-link LS-D LE-F\" style=\"fill:none;\" marker-end=\"url(#flowchart-pointEnd)\"></path><path d=\"M220.352,483.336L220.268,489.669C220.185,496.003,220.018,508.669,219.935,521.419C219.852,534.169,219.852,547.003,219.852,553.419L219.852,559.836\" id=\"L-E-G-0\" class=\" edge-thickness-normal edge-pattern-solid flowchart-link LS-E LE-G\" style=\"fill:none;\" marker-end=\"url(#flowchart-pointEnd)\"></path><path d=\"M770.684,483.336L770.6,489.669C770.517,496.003,770.35,508.669,770.267,521.419C770.184,534.169,770.184,547.003,770.184,553.419L770.184,559.836\" id=\"L-F-H-0\" class=\" edge-thickness-normal edge-pattern-solid flowchart-link LS-F LE-H\" style=\"fill:none;\" marker-end=\"url(#flowchart-pointEnd)\"></path><path d=\"M219.852,601.836L219.852,606.003C219.852,610.169,219.852,618.503,219.852,626.836C219.852,635.169,219.852,643.503,219.852,647.669L219.852,651.836\" id=\"L-G-J-0\" class=\" edge-thickness-normal edge-pattern-solid flowchart-link LS-G LE-J\" style=\"fill:none;\" marker-end=\"url(#flowchart-pointEnd)\"></path><path d=\"M770.184,601.836L770.184,606.003C770.184,610.169,770.184,618.503,785.004,626.836C799.824,635.169,829.464,643.503,844.284,647.669L859.104,651.836\" id=\"L-H-I-0\" class=\" edge-thickness-normal edge-pattern-solid flowchart-link LS-H LE-I\" style=\"fill:none;\" marker-end=\"url(#flowchart-pointEnd)\"></path><path d=\"M1005.809,651.836L1020.097,647.669C1034.385,643.503,1062.961,635.169,1077.249,623.336C1091.537,611.503,1091.537,596.169,1091.537,578.586C1091.537,561.003,1091.537,541.169,1091.537,517.516C1091.537,493.863,1091.537,466.391,1091.537,438.918C1091.537,411.445,1091.537,383.973,1091.537,360.32C1091.537,336.667,1091.537,316.833,1091.537,299.25C1091.537,281.667,1091.537,266.333,1047.753,254.014C1003.969,241.695,916.402,232.39,872.618,227.738L828.834,223.086\" id=\"L-I-C-0\" class=\" edge-thickness-normal edge-pattern-solid flowchart-link LS-I LE-C\" style=\"fill:none;\" marker-end=\"url(#flowchart-pointEnd)\"></path><path d=\"M219.852,693.836L219.852,698.003C219.852,702.169,219.852,710.503,219.852,718.836C219.852,727.169,219.852,735.503,219.852,739.669L219.852,743.836\" id=\"L-J-K-0\" class=\" edge-thickness-normal edge-pattern-solid flowchart-link LS-J LE-K\" style=\"fill:none;\" marker-end=\"url(#flowchart-pointEnd)\"></path></g><g class=\"edgeLabels\"><g class=\"edgeLabel\"><g class=\"label\" transform=\"translate(0, 0)\"><foreignObject width=\"0\" height=\"0\"><div xmlns=\"http://www.w3.org/1999/xhtml\" style=\"display: inline-block; white-space: nowrap;\"><span class=\"edgeLabel\"></span></div></foreignObject></g></g><g class=\"edgeLabel\"><g class=\"label\" transform=\"translate(0, 0)\"><foreignObject width=\"0\" height=\"0\"><div xmlns=\"http://www.w3.org/1999/xhtml\" style=\"display: inline-block; white-space: nowrap;\"><span class=\"edgeLabel\"></span></div></foreignObject></g></g><g class=\"edgeLabel\"><g class=\"label\" transform=\"translate(0, 0)\"><foreignObject width=\"0\" height=\"0\"><div xmlns=\"http://www.w3.org/1999/xhtml\" style=\"display: inline-block; white-space: nowrap;\"><span class=\"edgeLabel\"></span></div></foreignObject></g></g><g class=\"edgeLabel\" transform=\"translate(219.8515625, 356.5)\"><g class=\"label\" transform=\"translate(-119.24609375, -13.5)\"><foreignObject width=\"238.4921875\" height=\"27\"><div xmlns=\"http://www.w3.org/1999/xhtml\" style=\"display: inline-block; white-space: nowrap;\"><span class=\"edgeLabel\">Is the operation successful?</span></div></foreignObject></g></g><g class=\"edgeLabel\" transform=\"translate(770.18359375, 356.5)\"><g class=\"label\" transform=\"translate(-123.66796875, -13.5)\"><foreignObject width=\"247.3359375\" height=\"27\"><div xmlns=\"http://www.w3.org/1999/xhtml\" style=\"display: inline-block; white-space: nowrap;\"><span class=\"edgeLabel\">Is the operation recoverable?</span></div></foreignObject></g></g><g class=\"edgeLabel\"><g class=\"label\" transform=\"translate(0, 0)\"><foreignObject width=\"0\" height=\"0\"><div xmlns=\"http://www.w3.org/1999/xhtml\" style=\"display: inline-block; white-space: nowrap;\"><span class=\"edgeLabel\"></span></div></foreignObject></g></g><g class=\"edgeLabel\" transform=\"translate(770.18359375, 521.3359375)\"><g class=\"label\" transform=\"translate(-65.4140625, -13.5)\"><foreignObject width=\"130.828125\" height=\"27\"><div xmlns=\"http://www.w3.org/1999/xhtml\" style=\"display: inline-block; white-space: nowrap;\"><span class=\"edgeLabel\">Operation Error</span></div></foreignObject></g></g><g class=\"edgeLabel\"><g class=\"label\" transform=\"translate(0, 0)\"><foreignObject width=\"0\" height=\"0\"><div xmlns=\"http://www.w3.org/1999/xhtml\" style=\"display: inline-block; white-space: nowrap;\"><span class=\"edgeLabel\"></span></div></foreignObject></g></g><g class=\"edgeLabel\"><g class=\"label\" transform=\"translate(0, 0)\"><foreignObject width=\"0\" height=\"0\"><div xmlns=\"http://www.w3.org/1999/xhtml\" style=\"display: inline-block; white-space: nowrap;\"><span class=\"edgeLabel\"></span></div></foreignObject></g></g><g class=\"edgeLabel\"><g class=\"label\" transform=\"translate(0, 0)\"><foreignObject width=\"0\" height=\"0\"><div xmlns=\"http://www.w3.org/1999/xhtml\" style=\"display: inline-block; white-space: nowrap;\"><span class=\"edgeLabel\"></span></div></foreignObject></g></g><g class=\"edgeLabel\"><g class=\"label\" transform=\"translate(0, 0)\"><foreignObject width=\"0\" height=\"0\"><div xmlns=\"http://www.w3.org/1999/xhtml\" style=\"display: inline-block; white-space: nowrap;\"><span class=\"edgeLabel\"></span></div></foreignObject></g></g></g><g class=\"nodes\"><g class=\"node default default\" id=\"flowchart-A-137\" transform=\"translate(658.630859375, 21)\"><rect class=\"basic label-container\" style=\"\" rx=\"0\" ry=\"0\" x=\"-27.79296875\" y=\"-21\" width=\"55.5859375\" height=\"42\"></rect><g class=\"label\" style=\"\" transform=\"translate(-20.29296875, -13.5)\"><foreignObject width=\"40.5859375\" height=\"27\"><div xmlns=\"http://www.w3.org/1999/xhtml\" style=\"display: inline-block; white-space: nowrap;\"><span class=\"nodeLabel\">Start</span></div></foreignObject></g></g><g class=\"node default default\" id=\"flowchart-B-138\" transform=\"translate(658.630859375, 113)\"><rect class=\"basic label-container\" style=\"\" rx=\"0\" ry=\"0\" x=\"-124.62890625\" y=\"-21\" width=\"249.2578125\" height=\"42\"></rect><g class=\"label\" style=\"\" transform=\"translate(-117.12890625, -13.5)\"><foreignObject width=\"234.2578125\" height=\"27\"><div xmlns=\"http://www.w3.org/1999/xhtml\" style=\"display: inline-block; white-space: nowrap;\"><span class=\"nodeLabel\">User runs the AsyncAPI CLI</span></div></foreignObject></g></g><g class=\"node default default\" id=\"flowchart-C-140\" transform=\"translate(658.630859375, 205)\"><rect class=\"basic label-container\" style=\"\" rx=\"0\" ry=\"0\" x=\"-170.203125\" y=\"-21\" width=\"340.40625\" height=\"42\"></rect><g class=\"label\" style=\"\" transform=\"translate(-162.703125, -13.5)\"><foreignObject width=\"325.40625\" height=\"27\"><div xmlns=\"http://www.w3.org/1999/xhtml\" style=\"display: inline-block; white-space: nowrap;\"><span class=\"nodeLabel\">User reissues the corrected command</span></div></foreignObject></g></g><g class=\"node default default\" id=\"flowchart-D-142\" transform=\"translate(495.017578125, 297)\"><rect class=\"basic label-container\" style=\"\" rx=\"0\" ry=\"0\" x=\"-292.2265625\" y=\"-21\" width=\"584.453125\" height=\"42\"></rect><g class=\"label\" style=\"\" transform=\"translate(-284.7265625, -13.5)\"><foreignObject width=\"569.453125\" height=\"27\"><div xmlns=\"http://www.w3.org/1999/xhtml\" style=\"display: inline-block; white-space: nowrap;\"><span class=\"nodeLabel\">CLI processes the command and runs the corresponding operation</span></div></foreignObject></g></g><g class=\"node default default\" id=\"flowchart-E-144\" transform=\"translate(219.8515625, 438.91796875)\"><polygon points=\"43.91796875,0 87.8359375,-43.91796875 43.91796875,-87.8359375 0,-43.91796875\" class=\"label-container\" transform=\"translate(-43.91796875,43.91796875)\" style=\"\"></polygon><g class=\"label\" style=\"\" transform=\"translate(-15.41796875, -13.5)\"><foreignObject width=\"30.8359375\" height=\"27\"><div xmlns=\"http://www.w3.org/1999/xhtml\" style=\"display: inline-block; white-space: nowrap;\"><span class=\"nodeLabel\">Yes</span></div></foreignObject></g></g><g class=\"node default default\" id=\"flowchart-F-146\" transform=\"translate(770.18359375, 438.91796875)\"><polygon points=\"43.91796875,0 87.8359375,-43.91796875 43.91796875,-87.8359375 0,-43.91796875\" class=\"label-container\" transform=\"translate(-43.91796875,43.91796875)\" style=\"\"></polygon><g class=\"label\" style=\"\" transform=\"translate(-15.41796875, -13.5)\"><foreignObject width=\"30.8359375\" height=\"27\"><div xmlns=\"http://www.w3.org/1999/xhtml\" style=\"display: inline-block; white-space: nowrap;\"><span class=\"nodeLabel\">Yes</span></div></foreignObject></g></g><g class=\"node default default\" id=\"flowchart-G-148\" transform=\"translate(219.8515625, 580.8359375)\"><rect class=\"basic label-container\" style=\"\" rx=\"0\" ry=\"0\" x=\"-219.8515625\" y=\"-21\" width=\"439.703125\" height=\"42\"></rect><g class=\"label\" style=\"\" transform=\"translate(-212.3515625, -13.5)\"><foreignObject width=\"424.703125\" height=\"27\"><div xmlns=\"http://www.w3.org/1999/xhtml\" style=\"display: inline-block; white-space: nowrap;\"><span class=\"nodeLabel\">CLI returns the results of the operation to the user</span></div></foreignObject></g></g><g class=\"node default default\" id=\"flowchart-H-150\" transform=\"translate(770.18359375, 580.8359375)\"><rect class=\"basic label-container\" style=\"\" rx=\"0\" ry=\"0\" x=\"-280.48046875\" y=\"-21\" width=\"560.9609375\" height=\"42\"></rect><g class=\"label\" style=\"\" transform=\"translate(-272.98046875, -13.5)\"><foreignObject width=\"545.9609375\" height=\"27\"><div xmlns=\"http://www.w3.org/1999/xhtml\" style=\"display: inline-block; white-space: nowrap;\"><span class=\"nodeLabel\">CLI displays an error message and suggests possible next steps</span></div></foreignObject></g></g><g class=\"node default default\" id=\"flowchart-J-152\" transform=\"translate(219.8515625, 672.8359375)\"><rect class=\"basic label-container\" style=\"\" rx=\"0\" ry=\"0\" x=\"-150.7734375\" y=\"-21\" width=\"301.546875\" height=\"42\"></rect><g class=\"label\" style=\"\" transform=\"translate(-143.2734375, -13.5)\"><foreignObject width=\"286.546875\" height=\"27\"><div xmlns=\"http://www.w3.org/1999/xhtml\" style=\"display: inline-block; white-space: nowrap;\"><span class=\"nodeLabel\">User terminates the AsyncAPI CLI</span></div></foreignObject></g></g><g class=\"node default default\" id=\"flowchart-I-154\" transform=\"translate(933.796875, 672.8359375)\"><rect class=\"basic label-container\" style=\"\" rx=\"0\" ry=\"0\" x=\"-178.87109375\" y=\"-21\" width=\"357.7421875\" height=\"42\"></rect><g class=\"label\" style=\"\" transform=\"translate(-171.37109375, -13.5)\"><foreignObject width=\"342.7421875\" height=\"27\"><div xmlns=\"http://www.w3.org/1999/xhtml\" style=\"display: inline-block; white-space: nowrap;\"><span class=\"nodeLabel\">User follows suggested steps to recover</span></div></foreignObject></g></g><g class=\"node default default\" id=\"flowchart-K-158\" transform=\"translate(219.8515625, 764.8359375)\"><rect class=\"basic label-container\" style=\"\" rx=\"0\" ry=\"0\" x=\"-23.73828125\" y=\"-21\" width=\"47.4765625\" height=\"42\"></rect><g class=\"label\" style=\"\" transform=\"translate(-16.23828125, -13.5)\"><foreignObject width=\"32.4765625\" height=\"27\"><div xmlns=\"http://www.w3.org/1999/xhtml\" style=\"display: inline-block; white-space: nowrap;\"><span class=\"nodeLabel\">End</span></div></foreignObject></g></g></g></g></g></svg>",
        "context": "#mermaid-1{font-family:Inter,sans-serif;font-size:18px;fill:#242929;}#mermaid-1 .error-icon{fill:#F7F9FA;}#mermaid-1 .error-text{fill:#080605;stroke:#080605;}#mermaid-1 .edge-thickness-normal{stroke-width:2px;}#mermaid-1 .edge-thickness-thick{stroke-width:3.5px;}#mermaid-1 .edge-pattern-solid{stroke-dasharray:0;}#mermaid-1 .edge-pattern-dashed{stroke-dasharray:3;}#mermaid-1 .edge-pattern-dotted{stroke-dasharray:2;}#mermaid-1 .marker{fill:#0b0b0b;stroke:#0b0b0b;}#mermaid-1 .marker.cross{stroke:#0b0b0b;}#mermaid-1 svg{font-family:Inter,sans-serif;font-size:18px;}#mermaid-1 .label{font-family:Inter,sans-serif;color:#242929;}#mermaid-1 .cluster-label text{fill:#080605;}#mermaid-1 .cluster-label span{color:#080605;}#mermaid-1 .label text,#mermaid-1 span{fill:#242929;color:#242929;}#mermaid-1 .node rect,#mermaid-1 .node circle,#mermaid-1 .node ellipse,#mermaid-1 .node polygon,#mermaid-1 .node path{fill:#EDFAFF;stroke:#47BCEE;stroke-width:1px;}#mermaid-1 .node .label{text-align:center;}#mermaid-1 .node.clickable{cursor:pointer;}#mermaid-1 .arrowheadPath{fill:undefined;}#mermaid-1 .edgePath .path{stroke:#0b0b0b;stroke-width:2.0px;}#mermaid-1 .flowchart-link{stroke:#0b0b0b;fill:none;}#mermaid-1 .edgeLabel{background-color:#F4EFFC;text-align:center;}#mermaid-1 .edgeLabel rect{opacity:0.5;background-color:#F4EFFC;fill:#F4EFFC;}#mermaid-1 .cluster rect{fill:#F7F9FA;stroke:#BFC6C7;stroke-width:1px;}#mermaid-1 .cluster text{fill:#080605;}#mermaid-1 .cluster span{color:#080605;}#mermaid-1 div.mermaidTooltip{position:absolute;text-align:center;max-width:200px;padding:2px;font-family:Inter,sans-serif;font-size:12px;background:#F7F9FA;border:1px solid undefined;border-radius:2px;pointer-events:none;z-index:100;}#mermaid-1 .flowchartTitleText{text-anchor:middle;font-size:18px;fill:#242929;}#mermaid-1 :root{--mermaid-font-family:\"trebuchet ms\",verdana,arial,sans-serif;}Is the operation successful?Is the operation recoverable?Operation ErrorStartUser runs the AsyncAPI CLIUser reissues the corrected commandCLI processes the command and runs the corresponding operationYesYesCLI returns the results of the operation to the userCLI displays an error message and suggests possible next stepsUser terminates the AsyncAPI CLIUser follows suggested steps to recoverEnd",
        "description": "SVG containing 15 paths, 2 circles, and 9 rectangles."
      }
    ],
    "codeBlocks": [],
    "tables": [],
    "highlights": [
      {
        "id": "highlight_0",
        "content": "validate",
        "context": "This flowchart shows the high-level process that occurs when using the AsyncAPI CLI. The user starts by running a command (such as validate, generate, or start), which the CLI processes. The CLI then performs the corresponding operation (such as validating or generating an AsyncAPI document) and returns the results to the user. If an error occurs, the CLI displays an error message and suggests possible next steps for the user."
      },
      {
        "id": "highlight_1",
        "content": "generate",
        "context": "This flowchart shows the high-level process that occurs when using the AsyncAPI CLI. The user starts by running a command (such as validate, generate, or start), which the CLI processes. The CLI then performs the corresponding operation (such as validating or generating an AsyncAPI document) and returns the results to the user. If an error occurs, the CLI displays an error message and suggests possible next steps for the user."
      },
      {
        "id": "highlight_2",
        "content": "start",
        "context": "This flowchart shows the high-level process that occurs when using the AsyncAPI CLI. The user starts by running a command (such as validate, generate, or start), which the CLI processes. The CLI then performs the corresponding operation (such as validating or generating an AsyncAPI document) and returns the results to the user. If an error occurs, the CLI displays an error message and suggests possible next steps for the user."
      }
    ]
  }
}