{
  "metadata": {
    "url": "https://www.asyncapi.com/docs/tutorials/kafka/managing-schemas-using-schema-registry",
    "timestamp": "2025-03-12T17:50:38.001Z",
    "source": "asyncapi_docs"
  },
  "content": {
    "title": "Managing Schemas Using Schema Registry",
    "hierarchy": {
      "sections": {
        "Introduction": {
          "level": 2,
          "content": "In the previous Kafka and Avro configuration tutorial, you learned how to add Apache Avro schemas to your AsyncAPI document. Now, you will learn how to save your schema in a central Schema Registry and reuse it."
        },
        "Background context": {
          "level": 2,
          "content": "The need for schema management has become increasingly prevalent to handle the evolving complexity of modern Event-Driven Architecture. A Schema Registry is a centralized service that stores and maintains schemas for data exchanged between various components of a modern distributed system. Validating exchanged data maintains data consistency and compatibility.While several Schema Registry implementations exist, you will use the Apicurio Registry for this tutorial. Apicurio Registry is a popular open-source Schema Registry implementation that supports multiple serialization formats and facilitates schema management for diverse data in distributed systems. You will use Apicurio Registry combined with Avro, a language-neutral data serialization system."
        },
        "Prerequisites": {
          "level": 2,
          "content": "Install Docker from the official website."
        },
        "AsyncAPI document with Avro Schema": {
          "level": 2,
          "content": "The previous tutorial taught you how to write an AsyncAPI document for Kafka messages using the Avro schema. Here's an example of what an AsyncAPI document fully equipped with Avro schema looks like:1asyncapi: 3.0.0\n2info:\n3  title: User Signup API\n4  version: 1.0.0\n5  description: The API notifies you whenever a new user signs up in the application.\n6servers:\n7  kafkaServer:\n8    host: test.mykafkacluster.org:8092\n9    description: Kafka Server\n10    protocol: kafka\n11operations:\n12  onUserSignedUp:\n13    action: receive\n14    channel:\n15      $ref: '#/channels/userSignedUp'\n16channels:\n17  userSignedUp:\n18    description: This channel contains a message per each user who signs up in our application.\n19    address: user_signedup\n20    messages:\n21      userSignedUp:\n22        $ref: '#/components/messages/userSignedUp'\n23components:\n24  messages:\n25    userSignedUp:\n26      payload:\n27        schemaFormat: 'application/vnd.apache.avro;version=1.9.0'\n28        schema:\n29          type: record\n30          name: UserSignedUp\n31          namespace: com.company\n32          doc: User sign-up information\n33          fields:\n34            - name: userId\n35              type: int\n36            - name: userEmail\n37              type: stringStart Apicurio RegistryStart the Apicurio Registry locally with the following docker command:docker run --env CORS_ALLOWED_ORIGINS='*' -it -p 8080:8080 apicurio/apicurio-registry-mem:2.5.8.FinalUpload Avro schemaOnce your local instance of Apicurio Registry is running, upload your Avro schema. Open a new terminal window and create an Avro schema artifact with the following command:1curl \\\n2http://localhost:8080/apis/registry/v2/groups/my-group/artifacts \\\n3-X POST  \\\n4-H \"Content-Type: application/json; artifactType=AVRO\" \\\n5-H \"X-Registry-ArtifactId: UserSignedUp\" \\\n6--data @- << EOF\n7{\n8  \"type\": \"record\",\n9  \"name\": \"UserSignedUp\",\n10  \"namespace\": \"com.company\",\n11  \"doc\": \"User sign-up information\",\n12  \"fields\": [\n13    {\n14      \"name\": \"userId\",\n15      \"type\": \"int\"\n16    },\n17    {\n18      \"name\": \"userEmail\",\n19      \"type\": \"string\"\n20    }\n21  ]\n22}\n23EOFRememberDownload your Avro schema by visiting the following URL:\nhttp://localhost:8080/apis/registry/v2/groups/my-group/artifacts/UserSignedUp.Update schema referenceOne alternative is to keep your schema in a separate file, as you learned in the previous tutorial, describe Kafka message payload using Avro schema. After uploading your Avro schema, remove the schema from your AsyncAPI document and add a $ref pointing to the previous step's URL.$ref: http://localhost:8080/apis/registry/v2/groups/my-group/artifacts/UserSignedUp1asyncapi: 3.0.0\n2info:\n3  title: User Signup API\n4  version: 1.0.0\n5  description: The API notifies you whenever a new user signs up in the application.\n6servers:\n7  kafkaServer:\n8    host: test.mykafkacluster.org:8092\n9    description: Kafka Server\n10    protocol: kafka\n11operations:\n12  onUserSignedUp:\n13    action: receive\n14    channel:\n15      $ref: '#/channels/userSignedUp'\n16channels:\n17  userSignedUp:\n18    description: This channel contains a message per each user who signs up in our application.\n19    address: user_signedup\n20    messages:\n21      userSignedUp:\n22        $ref: '#/components/messages/userSignedUp'\n23components:\n24  messages:\n25    userSignedUp:\n26      payload:\n27        schemaFormat: 'application/vnd.apache.avro+json;version=1.9.0'\n28        schema:\n29          $ref: http://localhost:8080/apis/registry/v2/groups/my-group/artifacts/UserSignedUp"
        },
        "Start Apicurio Registry": {
          "level": 3,
          "content": "Start the Apicurio Registry locally with the following docker command:docker run --env CORS_ALLOWED_ORIGINS='*' -it -p 8080:8080 apicurio/apicurio-registry-mem:2.5.8.Final"
        },
        "Upload Avro schema": {
          "level": 3,
          "content": "Once your local instance of Apicurio Registry is running, upload your Avro schema. Open a new terminal window and create an Avro schema artifact with the following command:1curl \\\n2http://localhost:8080/apis/registry/v2/groups/my-group/artifacts \\\n3-X POST  \\\n4-H \"Content-Type: application/json; artifactType=AVRO\" \\\n5-H \"X-Registry-ArtifactId: UserSignedUp\" \\\n6--data @- << EOF\n7{\n8  \"type\": \"record\",\n9  \"name\": \"UserSignedUp\",\n10  \"namespace\": \"com.company\",\n11  \"doc\": \"User sign-up information\",\n12  \"fields\": [\n13    {\n14      \"name\": \"userId\",\n15      \"type\": \"int\"\n16    },\n17    {\n18      \"name\": \"userEmail\",\n19      \"type\": \"string\"\n20    }\n21  ]\n22}\n23EOFRememberDownload your Avro schema by visiting the following URL:\nhttp://localhost:8080/apis/registry/v2/groups/my-group/artifacts/UserSignedUp."
        },
        "Remember": {
          "level": 5,
          "content": "Download your Avro schema by visiting the following URL:\nhttp://localhost:8080/apis/registry/v2/groups/my-group/artifacts/UserSignedUp."
        },
        "Update schema reference": {
          "level": 3,
          "content": "One alternative is to keep your schema in a separate file, as you learned in the previous tutorial, describe Kafka message payload using Avro schema. After uploading your Avro schema, remove the schema from your AsyncAPI document and add a $ref pointing to the previous step's URL.$ref: http://localhost:8080/apis/registry/v2/groups/my-group/artifacts/UserSignedUp1asyncapi: 3.0.0\n2info:\n3  title: User Signup API\n4  version: 1.0.0\n5  description: The API notifies you whenever a new user signs up in the application.\n6servers:\n7  kafkaServer:\n8    host: test.mykafkacluster.org:8092\n9    description: Kafka Server\n10    protocol: kafka\n11operations:\n12  onUserSignedUp:\n13    action: receive\n14    channel:\n15      $ref: '#/channels/userSignedUp'\n16channels:\n17  userSignedUp:\n18    description: This channel contains a message per each user who signs up in our application.\n19    address: user_signedup\n20    messages:\n21      userSignedUp:\n22        $ref: '#/components/messages/userSignedUp'\n23components:\n24  messages:\n25    userSignedUp:\n26      payload:\n27        schemaFormat: 'application/vnd.apache.avro+json;version=1.9.0'\n28        schema:\n29          $ref: http://localhost:8080/apis/registry/v2/groups/my-group/artifacts/UserSignedUp"
        },
        "Summary": {
          "level": 2,
          "content": "In this tutorial, you managed Avro schemas using a centralized schema registry that enables you to share schemas across multiple applications. The good news is that this approach is valid for various other schema types!"
        },
        "Next steps": {
          "level": 2,
          "content": "Now that you have learned how to manage schemas, check out the bindings with Kafka tutorial to start sending messages between your services."
        }
      },
      "navigation": [
        {
          "text": "Welcome",
          "href": "https://www.asyncapi.com/docs",
          "subItems": []
        },
        {
          "text": "Concepts",
          "href": "https://www.asyncapi.com/docs/concepts",
          "subItems": []
        },
        {
          "text": "Tutorials",
          "href": "https://www.asyncapi.com/docs/tutorials",
          "subItems": [
            {
              "text": "Overview",
              "href": "https://www.asyncapi.com/docs/tutorials"
            },
            {
              "text": "Getting Started",
              "href": "https://www.asyncapi.com/docs/tutorials/getting-started"
            },
            {
              "text": "Create AsyncAPI document",
              "href": "https://www.asyncapi.com/docs/tutorials/create-asyncapi-document"
            },
            {
              "text": "Generate code",
              "href": "https://www.asyncapi.com/docs/tutorials/generate-code"
            },
            {
              "text": "Validate AsyncAPI document with Studio",
              "href": "https://www.asyncapi.com/docs/tutorials/studio-document-validation"
            },
            {
              "text": "Message validation in runtime",
              "href": "https://www.asyncapi.com/docs/tutorials/message-validation"
            },
            {
              "text": "Streetlights - Interactive",
              "href": "https://www.asyncapi.com/docs/tutorials/streetlights-interactive"
            },
            {
              "text": "WebSocket",
              "href": "https://www.asyncapi.com/docs/tutorials/websocket"
            },
            {
              "text": "Kafka",
              "href": "https://www.asyncapi.com/docs/tutorials/kafka"
            },
            {
              "text": "Create AsyncAPI document for applications consuming from Kafka",
              "href": "https://www.asyncapi.com/docs/tutorials/kafka"
            },
            {
              "text": "Describe Kafka message payload using Avro Schema",
              "href": "https://www.asyncapi.com/docs/tutorials/kafka/configure-kafka-avro"
            },
            {
              "text": "Managing schemas using Schema Registry",
              "href": "https://www.asyncapi.com/docs/tutorials/kafka/managing-schemas-using-schema-registry"
            },
            {
              "text": "Kafka bindings",
              "href": "https://www.asyncapi.com/docs/tutorials/kafka/bindings-with-kafka"
            }
          ]
        },
        {
          "text": "Tools",
          "href": "https://www.asyncapi.com/docs/tools",
          "subItems": []
        },
        {
          "text": "Guides",
          "href": "https://www.asyncapi.com/docs/guides",
          "subItems": []
        },
        {
          "text": "Reference",
          "href": "https://www.asyncapi.com/docs/reference",
          "subItems": []
        },
        {
          "text": "Migrations",
          "href": "https://www.asyncapi.com/docs/migration",
          "subItems": []
        },
        {
          "text": "Community",
          "href": "https://www.asyncapi.com/docs/community",
          "subItems": []
        }
      ]
    },
    "full_text": "Introduction\nIn the previous Kafka and Avro configuration tutorial, you learned how to add Apache Avro schemas to your AsyncAPI document. Now, you will learn how to save your schema in a central Schema Registry and reuse it.\nBackground context\nThe need for schema management has become increasingly prevalent to handle the evolving complexity of modern Event-Driven Architecture. A Schema Registry is a centralized service that stores and maintains schemas for data exchanged between various components of a modern distributed system. Validating exchanged data maintains data consistency and compatibility.\nWhile several Schema Registry implementations exist, you will use the Apicurio Registry for this tutorial. Apicurio Registry is a popular open-source Schema Registry implementation that supports multiple serialization formats and facilitates schema management for diverse data in distributed systems. You will use Apicurio Registry combined with Avro, a language-neutral data serialization system.\nPrerequisites\nInstall Docker from the official website.\nAsyncAPI document with Avro Schema\nThe previous tutorial taught you how to write an AsyncAPI document for Kafka messages using the Avro schema. Here's an example of what an AsyncAPI document fully equipped with Avro schema looks like:\n1asyncapi: 3.0.0\n2info:\n3  title: User Signup API\n4  version: 1.0.0\n5  description: The API notifies you whenever a new user signs up in the application.\n6servers:\n7  kafkaServer:\n8    host: test.mykafkacluster.org:8092\n9    description: Kafka Server\n10    protocol: kafka\n11operations:\n12  onUserSignedUp:\n13    action: receive\n14    channel:\n15      $ref: '#/channels/userSignedUp'\n16channels:\n17  userSignedUp:\n18    description: This channel contains a message per each user who signs up in our application.\n19    address: user_signedup\n20    messages:\n21      userSignedUp:\n22        $ref: '#/components/messages/userSignedUp'\n23components:\n24  messages:\n25    userSignedUp:\n26      payload:\n27        schemaFormat: 'application/vnd.apache.avro;version=1.9.0'\n28        schema:\n29          type: record\n30          name: UserSignedUp\n31          namespace: com.company\n32          doc: User sign-up information\n33          fields:\n34            - name: userId\n35              type: int\n36            - name: userEmail\n37              type: string\nStart Apicurio Registry\nStart the Apicurio Registry locally with the following docker command:\ndocker run --env CORS_ALLOWED_ORIGINS='*' -it -p 8080:8080 apicurio/apicurio-registry-mem:2.5.8.Final\nUpload Avro schema\nOnce your local instance of Apicurio Registry is running, upload your Avro schema. Open a new terminal window and create an Avro schema artifact with the following command:\n1curl \\\n2http://localhost:8080/apis/registry/v2/groups/my-group/artifacts \\\n3-X POST  \\\n4-H \"Content-Type: application/json; artifactType=AVRO\" \\\n5-H \"X-Registry-ArtifactId: UserSignedUp\" \\\n6--data @- << EOF\n7{\n8  \"type\": \"record\",\n9  \"name\": \"UserSignedUp\",\n10  \"namespace\": \"com.company\",\n11  \"doc\": \"User sign-up information\",\n12  \"fields\": [\n13    {\n14      \"name\": \"userId\",\n15      \"type\": \"int\"\n16    },\n17    {\n18      \"name\": \"userEmail\",\n19      \"type\": \"string\"\n20    }\n21  ]\n22}\n23EOF\nRememberDownload your Avro schema by visiting the following URL:\nhttp://localhost:8080/apis/registry/v2/groups/my-group/artifacts/UserSignedUp.\nUpdate schema reference\nOne alternative is to keep your schema in a separate file, as you learned in the previous tutorial, describe Kafka message payload using Avro schema. After uploading your Avro schema, remove the schema from your AsyncAPI document and add a $ref pointing to the previous step's URL.\n$ref: http://localhost:8080/apis/registry/v2/groups/my-group/artifacts/UserSignedUp\n1asyncapi: 3.0.0\n2info:\n3  title: User Signup API\n4  version: 1.0.0\n5  description: The API notifies you whenever a new user signs up in the application.\n6servers:\n7  kafkaServer:\n8    host: test.mykafkacluster.org:8092\n9    description: Kafka Server\n10    protocol: kafka\n11operations:\n12  onUserSignedUp:\n13    action: receive\n14    channel:\n15      $ref: '#/channels/userSignedUp'\n16channels:\n17  userSignedUp:\n18    description: This channel contains a message per each user who signs up in our application.\n19    address: user_signedup\n20    messages:\n21      userSignedUp:\n22        $ref: '#/components/messages/userSignedUp'\n23components:\n24  messages:\n25    userSignedUp:\n26      payload:\n27        schemaFormat: 'application/vnd.apache.avro+json;version=1.9.0'\n28        schema:\n29          $ref: http://localhost:8080/apis/registry/v2/groups/my-group/artifacts/UserSignedUp\nSummary\nIn this tutorial, you managed Avro schemas using a centralized schema registry that enables you to share schemas across multiple applications. The good news is that this approach is valid for various other schema types!\nNext steps\nNow that you have learned how to manage schemas, check out the bindings with Kafka tutorial to start sending messages between your services.",
    "sections": [
      {
        "title": "Introduction",
        "level": 2,
        "text": "In the previous Kafka and Avro configuration tutorial, you learned how to add Apache Avro schemas to your AsyncAPI document. Now, you will learn how to save your schema in a central Schema Registry and reuse it."
      },
      {
        "title": "Background context",
        "level": 2,
        "text": "The need for schema management has become increasingly prevalent to handle the evolving complexity of modern Event-Driven Architecture. A Schema Registry is a centralized service that stores and maintains schemas for data exchanged between various components of a modern distributed system. Validating exchanged data maintains data consistency and compatibility.While several Schema Registry implementations exist, you will use the Apicurio Registry for this tutorial. Apicurio Registry is a popular open-source Schema Registry implementation that supports multiple serialization formats and facilitates schema management for diverse data in distributed systems. You will use Apicurio Registry combined with Avro, a language-neutral data serialization system."
      },
      {
        "title": "Prerequisites",
        "level": 2,
        "text": "Install Docker from the official website."
      },
      {
        "title": "AsyncAPI document with Avro Schema",
        "level": 2,
        "text": "The previous tutorial taught you how to write an AsyncAPI document for Kafka messages using the Avro schema. Here's an example of what an AsyncAPI document fully equipped with Avro schema looks like:1asyncapi: 3.0.0\n2info:\n3  title: User Signup API\n4  version: 1.0.0\n5  description: The API notifies you whenever a new user signs up in the application.\n6servers:\n7  kafkaServer:\n8    host: test.mykafkacluster.org:8092\n9    description: Kafka Server\n10    protocol: kafka\n11operations:\n12  onUserSignedUp:\n13    action: receive\n14    channel:\n15      $ref: '#/channels/userSignedUp'\n16channels:\n17  userSignedUp:\n18    description: This channel contains a message per each user who signs up in our application.\n19    address: user_signedup\n20    messages:\n21      userSignedUp:\n22        $ref: '#/components/messages/userSignedUp'\n23components:\n24  messages:\n25    userSignedUp:\n26      payload:\n27        schemaFormat: 'application/vnd.apache.avro;version=1.9.0'\n28        schema:\n29          type: record\n30          name: UserSignedUp\n31          namespace: com.company\n32          doc: User sign-up information\n33          fields:\n34            - name: userId\n35              type: int\n36            - name: userEmail\n37              type: stringStart Apicurio RegistryStart the Apicurio Registry locally with the following docker command:docker run --env CORS_ALLOWED_ORIGINS='*' -it -p 8080:8080 apicurio/apicurio-registry-mem:2.5.8.FinalUpload Avro schemaOnce your local instance of Apicurio Registry is running, upload your Avro schema. Open a new terminal window and create an Avro schema artifact with the following command:1curl \\\n2http://localhost:8080/apis/registry/v2/groups/my-group/artifacts \\\n3-X POST  \\\n4-H \"Content-Type: application/json; artifactType=AVRO\" \\\n5-H \"X-Registry-ArtifactId: UserSignedUp\" \\\n6--data @- << EOF\n7{\n8  \"type\": \"record\",\n9  \"name\": \"UserSignedUp\",\n10  \"namespace\": \"com.company\",\n11  \"doc\": \"User sign-up information\",\n12  \"fields\": [\n13    {\n14      \"name\": \"userId\",\n15      \"type\": \"int\"\n16    },\n17    {\n18      \"name\": \"userEmail\",\n19      \"type\": \"string\"\n20    }\n21  ]\n22}\n23EOFRememberDownload your Avro schema by visiting the following URL:\nhttp://localhost:8080/apis/registry/v2/groups/my-group/artifacts/UserSignedUp.Update schema referenceOne alternative is to keep your schema in a separate file, as you learned in the previous tutorial, describe Kafka message payload using Avro schema. After uploading your Avro schema, remove the schema from your AsyncAPI document and add a $ref pointing to the previous step's URL.$ref: http://localhost:8080/apis/registry/v2/groups/my-group/artifacts/UserSignedUp1asyncapi: 3.0.0\n2info:\n3  title: User Signup API\n4  version: 1.0.0\n5  description: The API notifies you whenever a new user signs up in the application.\n6servers:\n7  kafkaServer:\n8    host: test.mykafkacluster.org:8092\n9    description: Kafka Server\n10    protocol: kafka\n11operations:\n12  onUserSignedUp:\n13    action: receive\n14    channel:\n15      $ref: '#/channels/userSignedUp'\n16channels:\n17  userSignedUp:\n18    description: This channel contains a message per each user who signs up in our application.\n19    address: user_signedup\n20    messages:\n21      userSignedUp:\n22        $ref: '#/components/messages/userSignedUp'\n23components:\n24  messages:\n25    userSignedUp:\n26      payload:\n27        schemaFormat: 'application/vnd.apache.avro+json;version=1.9.0'\n28        schema:\n29          $ref: http://localhost:8080/apis/registry/v2/groups/my-group/artifacts/UserSignedUp"
      },
      {
        "title": "Start Apicurio Registry",
        "level": 3,
        "text": "Start the Apicurio Registry locally with the following docker command:docker run --env CORS_ALLOWED_ORIGINS='*' -it -p 8080:8080 apicurio/apicurio-registry-mem:2.5.8.Final"
      },
      {
        "title": "Upload Avro schema",
        "level": 3,
        "text": "Once your local instance of Apicurio Registry is running, upload your Avro schema. Open a new terminal window and create an Avro schema artifact with the following command:1curl \\\n2http://localhost:8080/apis/registry/v2/groups/my-group/artifacts \\\n3-X POST  \\\n4-H \"Content-Type: application/json; artifactType=AVRO\" \\\n5-H \"X-Registry-ArtifactId: UserSignedUp\" \\\n6--data @- << EOF\n7{\n8  \"type\": \"record\",\n9  \"name\": \"UserSignedUp\",\n10  \"namespace\": \"com.company\",\n11  \"doc\": \"User sign-up information\",\n12  \"fields\": [\n13    {\n14      \"name\": \"userId\",\n15      \"type\": \"int\"\n16    },\n17    {\n18      \"name\": \"userEmail\",\n19      \"type\": \"string\"\n20    }\n21  ]\n22}\n23EOFRememberDownload your Avro schema by visiting the following URL:\nhttp://localhost:8080/apis/registry/v2/groups/my-group/artifacts/UserSignedUp."
      },
      {
        "title": "Remember",
        "level": 5,
        "text": "Download your Avro schema by visiting the following URL:\nhttp://localhost:8080/apis/registry/v2/groups/my-group/artifacts/UserSignedUp."
      },
      {
        "title": "Update schema reference",
        "level": 3,
        "text": "One alternative is to keep your schema in a separate file, as you learned in the previous tutorial, describe Kafka message payload using Avro schema. After uploading your Avro schema, remove the schema from your AsyncAPI document and add a $ref pointing to the previous step's URL.$ref: http://localhost:8080/apis/registry/v2/groups/my-group/artifacts/UserSignedUp1asyncapi: 3.0.0\n2info:\n3  title: User Signup API\n4  version: 1.0.0\n5  description: The API notifies you whenever a new user signs up in the application.\n6servers:\n7  kafkaServer:\n8    host: test.mykafkacluster.org:8092\n9    description: Kafka Server\n10    protocol: kafka\n11operations:\n12  onUserSignedUp:\n13    action: receive\n14    channel:\n15      $ref: '#/channels/userSignedUp'\n16channels:\n17  userSignedUp:\n18    description: This channel contains a message per each user who signs up in our application.\n19    address: user_signedup\n20    messages:\n21      userSignedUp:\n22        $ref: '#/components/messages/userSignedUp'\n23components:\n24  messages:\n25    userSignedUp:\n26      payload:\n27        schemaFormat: 'application/vnd.apache.avro+json;version=1.9.0'\n28        schema:\n29          $ref: http://localhost:8080/apis/registry/v2/groups/my-group/artifacts/UserSignedUp"
      },
      {
        "title": "Summary",
        "level": 2,
        "text": "In this tutorial, you managed Avro schemas using a centralized schema registry that enables you to share schemas across multiple applications. The good news is that this approach is valid for various other schema types!"
      },
      {
        "title": "Next steps",
        "level": 2,
        "text": "Now that you have learned how to manage schemas, check out the bindings with Kafka tutorial to start sending messages between your services."
      }
    ],
    "svgs": [
      {
        "id": "svg_0",
        "content": "<svg class=\"-mt-0.5 inline-block size-4\" fill=\"currentColor\" viewBox=\"0 0 20 20\"><path d=\"M15.6 2l-1.2 3H5.6L4.4 2C3.629 2 3 2.629 3 3.4v15.2c0 .77.629 1.4 1.399 1.4h11.2c.77 0 1.4-.631 1.4-1.4V3.4C17 2.629 16.369 2 15.6 2zm-2 2l.9-2h-2.181L11.6 0H8.4l-.72 2H5.5l.899 2H13.6z\"></path></svg>",
        "context": "",
        "description": "SVG containing 1 paths, 0 circles, and 0 rectangles."
      },
      {
        "id": "svg_1",
        "content": "<svg class=\"-mt-0.5 inline-block size-4\" fill=\"currentColor\" viewBox=\"0 0 20 20\"><path d=\"M15.6 2l-1.2 3H5.6L4.4 2C3.629 2 3 2.629 3 3.4v15.2c0 .77.629 1.4 1.399 1.4h11.2c.77 0 1.4-.631 1.4-1.4V3.4C17 2.629 16.369 2 15.6 2zm-2 2l.9-2h-2.181L11.6 0H8.4l-.72 2H5.5l.899 2H13.6z\"></path></svg>",
        "context": "",
        "description": "SVG containing 1 paths, 0 circles, and 0 rectangles."
      },
      {
        "id": "svg_2",
        "content": "<svg class=\"-mt-0.5 inline-block size-4\" fill=\"currentColor\" viewBox=\"0 0 20 20\"><path d=\"M15.6 2l-1.2 3H5.6L4.4 2C3.629 2 3 2.629 3 3.4v15.2c0 .77.629 1.4 1.399 1.4h11.2c.77 0 1.4-.631 1.4-1.4V3.4C17 2.629 16.369 2 15.6 2zm-2 2l.9-2h-2.181L11.6 0H8.4l-.72 2H5.5l.899 2H13.6z\"></path></svg>",
        "context": "",
        "description": "SVG containing 1 paths, 0 circles, and 0 rectangles."
      },
      {
        "id": "svg_3",
        "content": "<svg class=\"-mt-0.5 mr-2 inline-block h-8\" xmlns=\"http://www.w3.org/2000/svg\" fill-rule=\"evenodd\" fill=\"currentColor\" clip-rule=\"evenodd\" viewBox=\"0 0 22 25\"><path d=\"M13 24h-2c-.288 0-.563-.125-.753-.341l-.576-.659h4.658l-.576.659c-.19.216-.465.341-.753.341zm1.867-3c.287 0 .52.224.52.5s-.233.5-.52.5h-5.734c-.287 0-.52-.224-.52-.5s.233-.5.52-.5h5.734zm-2.871-17c2.983 0 6.004 1.97 6.004 5.734 0 1.937-.97 3.622-1.907 5.252-.907 1.574-1.843 3.201-1.844 5.014h1.001c0-3.286 3.75-6.103 3.75-10.266 0-4.34-3.502-6.734-7.004-6.734-3.498 0-6.996 2.391-6.996 6.734 0 4.163 3.75 6.98 3.75 10.266h.999c.001-1.813-.936-3.44-1.841-5.014-.938-1.63-1.908-3.315-1.908-5.252 0-3.764 3.017-5.734 5.996-5.734zm9.428 7.958c.251.114.362.411.248.662-.114.251-.41.363-.662.249l-.91-.414c-.252-.114-.363-.41-.249-.662.114-.251.411-.362.662-.248l.911.413zm-18.848 0c-.251.114-.362.411-.248.662.114.251.41.363.662.249l.91-.414c.252-.114.363-.41.249-.662-.114-.251-.411-.362-.662-.248l-.911.413zm18.924-2.958h-1c-.276 0-.5-.224-.5-.5s.224-.5.5-.5h1c.276 0 .5.224.5.5s-.224.5-.5.5zm-18-1c.276 0 .5.224.5.5s-.224.5-.5.5h-1c-.276 0-.5-.224-.5-.5s.224-.5.5-.5h1zm16.818-3.089c.227-.158.284-.469.126-.696-.157-.227-.469-.283-.696-.126l-.821.57c-.227.158-.283.469-.126.696.157.227.469.283.696.126l.821-.57zm-16.636 0c-.227-.158-.284-.469-.126-.696.157-.227.469-.283.696-.126l.821.57c.227.158.283.469.126.696-.157.227-.469.283-.696.126l-.821-.57zm13.333-3.033c.134-.241.048-.546-.193-.68-.241-.135-.546-.048-.68.192l-.488.873c-.135.241-.048.546.192.681.241.134.546.048.681-.193l.488-.873zm-10.03 0c-.134-.241-.048-.546.193-.68.241-.135.546-.048.68.192l.488.873c.135.241.048.546-.192.681-.241.134-.546.048-.681-.193l-.488-.873zm5.515-1.378c0-.276-.224-.5-.5-.5s-.5.224-.5.5v1c0 .276.224.5.5.5s.5-.224.5-.5v-1z\"></path></svg>",
        "context": "Remember",
        "description": "SVG containing 1 paths, 0 circles, and 0 rectangles."
      },
      {
        "id": "svg_4",
        "content": "<svg class=\"-mt-0.5 inline-block size-4\" fill=\"currentColor\" viewBox=\"0 0 20 20\"><path d=\"M15.6 2l-1.2 3H5.6L4.4 2C3.629 2 3 2.629 3 3.4v15.2c0 .77.629 1.4 1.399 1.4h11.2c.77 0 1.4-.631 1.4-1.4V3.4C17 2.629 16.369 2 15.6 2zm-2 2l.9-2h-2.181L11.6 0H8.4l-.72 2H5.5l.899 2H13.6z\"></path></svg>",
        "context": "",
        "description": "SVG containing 1 paths, 0 circles, and 0 rectangles."
      },
      {
        "id": "svg_5",
        "content": "<svg class=\"-mt-0.5 inline-block size-4\" fill=\"currentColor\" viewBox=\"0 0 20 20\"><path d=\"M15.6 2l-1.2 3H5.6L4.4 2C3.629 2 3 2.629 3 3.4v15.2c0 .77.629 1.4 1.399 1.4h11.2c.77 0 1.4-.631 1.4-1.4V3.4C17 2.629 16.369 2 15.6 2zm-2 2l.9-2h-2.181L11.6 0H8.4l-.72 2H5.5l.899 2H13.6z\"></path></svg>",
        "context": "",
        "description": "SVG containing 1 paths, 0 circles, and 0 rectangles."
      }
    ],
    "codeBlocks": [
      {
        "id": "code_0",
        "content": "1asyncapi: 3.0.0\n2info:\n3  title: User Signup API\n4  version: 1.0.0\n5  description: The API notifies you whenever a new user signs up in the application.\n6servers:\n7  kafkaServer:\n8    host: test.mykafkacluster.org:8092\n9    description: Kafka Server\n10    protocol: kafka\n11operations:\n12  onUserSignedUp:\n13    action: receive\n14    channel:\n15      $ref: '#/channels/userSignedUp'\n16channels:\n17  userSignedUp:\n18    description: This channel contains a message per each user who signs up in our application.\n19    address: user_signedup\n20    messages:\n21      userSignedUp:\n22        $ref: '#/components/messages/userSignedUp'\n23components:\n24  messages:\n25    userSignedUp:\n26      payload:\n27        schemaFormat: 'application/vnd.apache.avro;version=1.9.0'\n28        schema:\n29          type: record\n30          name: UserSignedUp\n31          namespace: com.company\n32          doc: User sign-up information\n33          fields:\n34            - name: userId\n35              type: int\n36            - name: userEmail\n37              type: string",
        "rawHtml": "<code class=\"mr-8\" style=\"white-space:pre\"><span style=\"padding-right:2rem\"><span class=\"comment linenumber react-syntax-highlighter-line-number\" style=\"display:inline-block;min-width:3.25em;padding-right:16px;text-align:right;user-select:none;margin-left:16px;background-color:#252f3f;color:#8B9394\">1</span><span style=\"color:#7edcda\">asyncapi:</span><span> </span><span style=\"color:#d8da68\">3.0</span><span style=\"color:#d8da68\">.0</span><span>\n</span></span><span style=\"padding-right:2rem\"><span class=\"comment linenumber react-syntax-highlighter-line-number\" style=\"display:inline-block;min-width:3.25em;padding-right:16px;text-align:right;user-select:none;margin-left:16px;background-color:#252f3f;color:#8B9394\">2</span><span></span><span style=\"color:#7edcda\">info:</span><span>\n</span></span><span style=\"padding-right:2rem\"><span class=\"comment linenumber react-syntax-highlighter-line-number\" style=\"display:inline-block;min-width:3.25em;padding-right:16px;text-align:right;user-select:none;margin-left:16px;background-color:#252f3f;color:#8B9394\">3</span><span>  </span><span style=\"color:#7edcda\">title:</span><span> </span><span style=\"color:#c0e2a3;font-weight:500\">User</span><span> </span><span style=\"color:#c0e2a3;font-weight:500\">Signup</span><span> </span><span style=\"color:#c0e2a3;font-weight:500\">API</span><span>\n</span></span><span style=\"padding-right:2rem\"><span class=\"comment linenumber react-syntax-highlighter-line-number\" style=\"display:inline-block;min-width:3.25em;padding-right:16px;text-align:right;user-select:none;margin-left:16px;background-color:#252f3f;color:#8B9394\">4</span><span>  </span><span style=\"color:#7edcda\">version:</span><span> </span><span style=\"color:#d8da68\">1.0</span><span style=\"color:#d8da68\">.0</span><span>\n</span></span><span style=\"padding-right:2rem\"><span class=\"comment linenumber react-syntax-highlighter-line-number\" style=\"display:inline-block;min-width:3.25em;padding-right:16px;text-align:right;user-select:none;margin-left:16px;background-color:#252f3f;color:#8B9394\">5</span><span>  </span><span style=\"color:#7edcda\">description:</span><span> </span><span style=\"color:#c0e2a3;font-weight:500\">The</span><span> </span><span style=\"color:#c0e2a3;font-weight:500\">API</span><span> </span><span style=\"color:#c0e2a3;font-weight:500\">notifies</span><span> </span><span style=\"color:#c0e2a3;font-weight:500\">you</span><span> </span><span style=\"color:#c0e2a3;font-weight:500\">whenever</span><span> </span><span style=\"color:#c0e2a3;font-weight:500\">a</span><span> </span><span style=\"color:#c0e2a3;font-weight:500\">new</span><span> </span><span style=\"color:#c0e2a3;font-weight:500\">user</span><span> </span><span style=\"color:#c0e2a3;font-weight:500\">signs</span><span> </span><span style=\"color:#c0e2a3;font-weight:500\">up</span><span> </span><span style=\"color:#c0e2a3;font-weight:500\">in</span><span> </span><span style=\"color:#c0e2a3;font-weight:500\">the</span><span> </span><span style=\"color:#c0e2a3;font-weight:500\">application.</span><span>\n</span></span><span style=\"padding-right:2rem\"><span class=\"comment linenumber react-syntax-highlighter-line-number\" style=\"display:inline-block;min-width:3.25em;padding-right:16px;text-align:right;user-select:none;margin-left:16px;background-color:#252f3f;color:#8B9394\">6</span><span></span><span style=\"color:#7edcda\">servers:</span><span>\n</span></span><span style=\"padding-right:2rem\"><span class=\"comment linenumber react-syntax-highlighter-line-number\" style=\"display:inline-block;min-width:3.25em;padding-right:16px;text-align:right;user-select:none;margin-left:16px;background-color:#252f3f;color:#8B9394\">7</span><span>  </span><span style=\"color:#7edcda\">kafkaServer:</span><span>\n</span></span><span style=\"padding-right:2rem\"><span class=\"comment linenumber react-syntax-highlighter-line-number\" style=\"display:inline-block;min-width:3.25em;padding-right:16px;text-align:right;user-select:none;margin-left:16px;background-color:#252f3f;color:#8B9394\">8</span><span>    </span><span style=\"color:#7edcda\">host:</span><span> </span><span style=\"color:#c0e2a3;font-weight:500\">test.mykafkacluster.org:8092</span><span>\n</span></span><span style=\"padding-right:2rem\"><span class=\"comment linenumber react-syntax-highlighter-line-number\" style=\"display:inline-block;min-width:3.25em;padding-right:16px;text-align:right;user-select:none;margin-left:16px;background-color:#252f3f;color:#8B9394\">9</span><span>    </span><span style=\"color:#7edcda\">description:</span><span> </span><span style=\"color:#c0e2a3;font-weight:500\">Kafka</span><span> </span><span style=\"color:#c0e2a3;font-weight:500\">Server</span><span>\n</span></span><span style=\"padding-right:2rem\"><span class=\"comment linenumber react-syntax-highlighter-line-number\" style=\"display:inline-block;min-width:3.25em;padding-right:16px;text-align:right;user-select:none;margin-left:16px;background-color:#252f3f;color:#8B9394\">10</span><span>    </span><span style=\"color:#7edcda\">protocol:</span><span> </span><span style=\"color:#c0e2a3;font-weight:500\">kafka</span><span>\n</span></span><span style=\"padding-right:2rem\"><span class=\"comment linenumber react-syntax-highlighter-line-number\" style=\"display:inline-block;min-width:3.25em;padding-right:16px;text-align:right;user-select:none;margin-left:16px;background-color:#252f3f;color:#8B9394\">11</span><span></span><span style=\"color:#7edcda\">operations:</span><span>\n</span></span><span style=\"padding-right:2rem\"><span class=\"comment linenumber react-syntax-highlighter-line-number\" style=\"display:inline-block;min-width:3.25em;padding-right:16px;text-align:right;user-select:none;margin-left:16px;background-color:#252f3f;color:#8B9394\">12</span><span>  </span><span style=\"color:#7edcda\">onUserSignedUp:</span><span>\n</span></span><span style=\"padding-right:2rem\"><span class=\"comment linenumber react-syntax-highlighter-line-number\" style=\"display:inline-block;min-width:3.25em;padding-right:16px;text-align:right;user-select:none;margin-left:16px;background-color:#252f3f;color:#8B9394\">13</span><span>    </span><span style=\"color:#7edcda\">action:</span><span> </span><span style=\"color:#c0e2a3;font-weight:500\">receive</span><span>\n</span></span><span style=\"padding-right:2rem\"><span class=\"comment linenumber react-syntax-highlighter-line-number\" style=\"display:inline-block;min-width:3.25em;padding-right:16px;text-align:right;user-select:none;margin-left:16px;background-color:#252f3f;color:#8B9394\">14</span><span>    </span><span style=\"color:#7edcda\">channel:</span><span>\n</span></span><span style=\"padding-right:2rem\"><span class=\"comment linenumber react-syntax-highlighter-line-number\" style=\"display:inline-block;min-width:3.25em;padding-right:16px;text-align:right;user-select:none;margin-left:16px;background-color:#252f3f;color:#8B9394\">15</span><span>      </span><span style=\"color:#c0e2a3;font-weight:500\">$ref:</span><span> </span><span style=\"color:#c0e2a3;font-weight:500\">'#/channels/userSignedUp'</span><span>\n</span></span><span style=\"padding-right:2rem\"><span class=\"comment linenumber react-syntax-highlighter-line-number\" style=\"display:inline-block;min-width:3.25em;padding-right:16px;text-align:right;user-select:none;margin-left:16px;background-color:#252f3f;color:#8B9394\">16</span><span></span><span style=\"color:#7edcda\">channels:</span><span>\n</span></span><span style=\"padding-right:2rem\"><span class=\"comment linenumber react-syntax-highlighter-line-number\" style=\"display:inline-block;min-width:3.25em;padding-right:16px;text-align:right;user-select:none;margin-left:16px;background-color:#252f3f;color:#8B9394\">17</span><span>  </span><span style=\"color:#7edcda\">userSignedUp:</span><span>\n</span></span><span style=\"padding-right:2rem\"><span class=\"comment linenumber react-syntax-highlighter-line-number\" style=\"display:inline-block;min-width:3.25em;padding-right:16px;text-align:right;user-select:none;margin-left:16px;background-color:#252f3f;color:#8B9394\">18</span><span>    </span><span style=\"color:#7edcda\">description:</span><span> </span><span style=\"color:#c0e2a3;font-weight:500\">This</span><span> </span><span style=\"color:#c0e2a3;font-weight:500\">channel</span><span> </span><span style=\"color:#c0e2a3;font-weight:500\">contains</span><span> </span><span style=\"color:#c0e2a3;font-weight:500\">a</span><span> </span><span style=\"color:#c0e2a3;font-weight:500\">message</span><span> </span><span style=\"color:#c0e2a3;font-weight:500\">per</span><span> </span><span style=\"color:#c0e2a3;font-weight:500\">each</span><span> </span><span style=\"color:#c0e2a3;font-weight:500\">user</span><span> </span><span style=\"color:#c0e2a3;font-weight:500\">who</span><span> </span><span style=\"color:#c0e2a3;font-weight:500\">signs</span><span> </span><span style=\"color:#c0e2a3;font-weight:500\">up</span><span> </span><span style=\"color:#c0e2a3;font-weight:500\">in</span><span> </span><span style=\"color:#c0e2a3;font-weight:500\">our</span><span> </span><span style=\"color:#c0e2a3;font-weight:500\">application.</span><span>\n</span></span><span style=\"padding-right:2rem\"><span class=\"comment linenumber react-syntax-highlighter-line-number\" style=\"display:inline-block;min-width:3.25em;padding-right:16px;text-align:right;user-select:none;margin-left:16px;background-color:#252f3f;color:#8B9394\">19</span><span>    </span><span style=\"color:#7edcda\">address:</span><span> </span><span style=\"color:#c0e2a3;font-weight:500\">user_signedup</span><span>\n</span></span><span style=\"padding-right:2rem\"><span class=\"comment linenumber react-syntax-highlighter-line-number\" style=\"display:inline-block;min-width:3.25em;padding-right:16px;text-align:right;user-select:none;margin-left:16px;background-color:#252f3f;color:#8B9394\">20</span><span>    </span><span style=\"color:#7edcda\">messages:</span><span>\n</span></span><span style=\"padding-right:2rem\"><span class=\"comment linenumber react-syntax-highlighter-line-number\" style=\"display:inline-block;min-width:3.25em;padding-right:16px;text-align:right;user-select:none;margin-left:16px;background-color:#252f3f;color:#8B9394\">21</span><span>      </span><span style=\"color:#7edcda\">userSignedUp:</span><span>\n</span></span><span style=\"padding-right:2rem\"><span class=\"comment linenumber react-syntax-highlighter-line-number\" style=\"display:inline-block;min-width:3.25em;padding-right:16px;text-align:right;user-select:none;margin-left:16px;background-color:#252f3f;color:#8B9394\">22</span><span>        </span><span style=\"color:#c0e2a3;font-weight:500\">$ref:</span><span> </span><span style=\"color:#c0e2a3;font-weight:500\">'#/components/messages/userSignedUp'</span><span>\n</span></span><span style=\"padding-right:2rem\"><span class=\"comment linenumber react-syntax-highlighter-line-number\" style=\"display:inline-block;min-width:3.25em;padding-right:16px;text-align:right;user-select:none;margin-left:16px;background-color:#252f3f;color:#8B9394\">23</span><span></span><span style=\"color:#7edcda\">components:</span><span>\n</span></span><span style=\"padding-right:2rem\"><span class=\"comment linenumber react-syntax-highlighter-line-number\" style=\"display:inline-block;min-width:3.25em;padding-right:16px;text-align:right;user-select:none;margin-left:16px;background-color:#252f3f;color:#8B9394\">24</span><span>  </span><span style=\"color:#7edcda\">messages:</span><span>\n</span></span><span style=\"padding-right:2rem\"><span class=\"comment linenumber react-syntax-highlighter-line-number\" style=\"display:inline-block;min-width:3.25em;padding-right:16px;text-align:right;user-select:none;margin-left:16px;background-color:#252f3f;color:#8B9394\">25</span><span>    </span><span style=\"color:#7edcda\">userSignedUp:</span><span>\n</span></span><span style=\"padding-right:2rem\"><span class=\"comment linenumber react-syntax-highlighter-line-number\" style=\"display:inline-block;min-width:3.25em;padding-right:16px;text-align:right;user-select:none;margin-left:16px;background-color:#252f3f;color:#8B9394\">26</span><span>      </span><span style=\"color:#7edcda\">payload:</span><span>\n</span></span><span style=\"padding-right:2rem\"><span class=\"comment linenumber react-syntax-highlighter-line-number\" style=\"display:inline-block;min-width:3.25em;padding-right:16px;text-align:right;user-select:none;margin-left:16px;background-color:#252f3f;color:#8B9394\">27</span><span>        </span><span style=\"color:#7edcda\">schemaFormat:</span><span> </span><span style=\"color:#c0e2a3;font-weight:500\">'application/vnd.apache.avro;version=1.9.0'</span><span>\n</span></span><span style=\"padding-right:2rem\"><span class=\"comment linenumber react-syntax-highlighter-line-number\" style=\"display:inline-block;min-width:3.25em;padding-right:16px;text-align:right;user-select:none;margin-left:16px;background-color:#252f3f;color:#8B9394\">28</span><span>        </span><span style=\"color:#7edcda\">schema:</span><span>\n</span></span><span style=\"padding-right:2rem\"><span class=\"comment linenumber react-syntax-highlighter-line-number\" style=\"display:inline-block;min-width:3.25em;padding-right:16px;text-align:right;user-select:none;margin-left:16px;background-color:#252f3f;color:#8B9394\">29</span><span>          </span><span style=\"color:#7edcda\">type:</span><span> </span><span style=\"color:#c0e2a3;font-weight:500\">record</span><span>\n</span></span><span style=\"padding-right:2rem\"><span class=\"comment linenumber react-syntax-highlighter-line-number\" style=\"display:inline-block;min-width:3.25em;padding-right:16px;text-align:right;user-select:none;margin-left:16px;background-color:#252f3f;color:#8B9394\">30</span><span>          </span><span style=\"color:#7edcda\">name:</span><span> </span><span style=\"color:#c0e2a3;font-weight:500\">UserSignedUp</span><span>\n</span></span><span style=\"padding-right:2rem\"><span class=\"comment linenumber react-syntax-highlighter-line-number\" style=\"display:inline-block;min-width:3.25em;padding-right:16px;text-align:right;user-select:none;margin-left:16px;background-color:#252f3f;color:#8B9394\">31</span><span>          </span><span style=\"color:#7edcda\">namespace:</span><span> </span><span style=\"color:#c0e2a3;font-weight:500\">com.company</span><span>\n</span></span><span style=\"padding-right:2rem\"><span class=\"comment linenumber react-syntax-highlighter-line-number\" style=\"display:inline-block;min-width:3.25em;padding-right:16px;text-align:right;user-select:none;margin-left:16px;background-color:#252f3f;color:#8B9394\">32</span><span>          </span><span style=\"color:#7edcda\">doc:</span><span> </span><span style=\"color:#c0e2a3;font-weight:500\">User</span><span> </span><span style=\"color:#c0e2a3;font-weight:500\">sign-up</span><span> </span><span style=\"color:#c0e2a3;font-weight:500\">information</span><span>\n</span></span><span style=\"padding-right:2rem\"><span class=\"comment linenumber react-syntax-highlighter-line-number\" style=\"display:inline-block;min-width:3.25em;padding-right:16px;text-align:right;user-select:none;margin-left:16px;background-color:#252f3f;color:#8B9394\">33</span><span>          </span><span style=\"color:#7edcda\">fields:</span><span>\n</span></span><span style=\"padding-right:2rem\"><span class=\"comment linenumber react-syntax-highlighter-line-number\" style=\"display:inline-block;min-width:3.25em;padding-right:16px;text-align:right;user-select:none;margin-left:16px;background-color:#252f3f;color:#8B9394\">34</span><span>            </span><span style=\"color:#64a0dc\">-</span><span> </span><span style=\"color:#7edcda\">name:</span><span> </span><span style=\"color:#c0e2a3;font-weight:500\">userId</span><span>\n</span></span><span style=\"padding-right:2rem\"><span class=\"comment linenumber react-syntax-highlighter-line-number\" style=\"display:inline-block;min-width:3.25em;padding-right:16px;text-align:right;user-select:none;margin-left:16px;background-color:#252f3f;color:#8B9394\">35</span><span>              </span><span style=\"color:#7edcda\">type:</span><span> </span><span style=\"color:#c0e2a3;font-weight:500\">int</span><span>\n</span></span><span style=\"padding-right:2rem\"><span class=\"comment linenumber react-syntax-highlighter-line-number\" style=\"display:inline-block;min-width:3.25em;padding-right:16px;text-align:right;user-select:none;margin-left:16px;background-color:#252f3f;color:#8B9394\">36</span><span>            </span><span style=\"color:#64a0dc\">-</span><span> </span><span style=\"color:#7edcda\">name:</span><span> </span><span style=\"color:#c0e2a3;font-weight:500\">userEmail</span><span>\n</span></span><span style=\"padding-right:2rem\"><span class=\"comment linenumber react-syntax-highlighter-line-number\" style=\"display:inline-block;min-width:3.25em;padding-right:16px;text-align:right;user-select:none;margin-left:16px;background-color:#252f3f;color:#8B9394\">37</span><span>              </span><span style=\"color:#7edcda\">type:</span><span> </span><span style=\"color:#c0e2a3;font-weight:500\">string</span></span></code>",
        "language": "unknown",
        "context": ""
      },
      {
        "id": "code_1",
        "content": "docker run --env CORS_ALLOWED_ORIGINS='*' -it -p 8080:8080 apicurio/apicurio-registry-mem:2.5.8.Final",
        "rawHtml": "<code class=\"mr-8\" style=\"white-space:pre\"><span style=\"padding-right:2rem\"><span style=\"color:#c0e2a3;font-weight:500\">docker</span><span> </span><span style=\"color:#c0e2a3;font-weight:500\">run</span><span> </span><span style=\"color:#c0e2a3;font-weight:500\">--env</span><span> </span><span style=\"color:#c0e2a3;font-weight:500\">CORS_ALLOWED_ORIGINS='*'</span><span> </span><span style=\"color:#c0e2a3;font-weight:500\">-it</span><span> </span><span style=\"color:#c0e2a3;font-weight:500\">-p</span><span> </span><span style=\"color:#d8da68\">8080</span><span style=\"color:#c0e2a3;font-weight:500\">:8080</span><span> </span><span style=\"color:#c0e2a3;font-weight:500\">apicurio/apicurio-registry-mem:2.5.8.Final</span></span></code>",
        "language": "unknown",
        "context": ""
      },
      {
        "id": "code_2",
        "content": "1curl \\\n2http://localhost:8080/apis/registry/v2/groups/my-group/artifacts \\\n3-X POST  \\\n4-H \"Content-Type: application/json; artifactType=AVRO\" \\\n5-H \"X-Registry-ArtifactId: UserSignedUp\" \\\n6--data @- << EOF\n7{\n8  \"type\": \"record\",\n9  \"name\": \"UserSignedUp\",\n10  \"namespace\": \"com.company\",\n11  \"doc\": \"User sign-up information\",\n12  \"fields\": [\n13    {\n14      \"name\": \"userId\",\n15      \"type\": \"int\"\n16    },\n17    {\n18      \"name\": \"userEmail\",\n19      \"type\": \"string\"\n20    }\n21  ]\n22}\n23EOF",
        "rawHtml": "<code class=\"mr-8\" style=\"white-space:pre\"><span style=\"padding-right:2rem\"><span class=\"comment linenumber react-syntax-highlighter-line-number\" style=\"display:inline-block;min-width:2.25em;padding-right:16px;text-align:right;user-select:none;margin-left:16px;background-color:#252f3f;color:#8B9394\">1</span><span style=\"color:#c0e2a3;font-weight:500\">curl</span><span> </span><span style=\"color:#c0e2a3;font-weight:500\">\\</span><span>\n</span></span><span style=\"padding-right:2rem\"><span class=\"comment linenumber react-syntax-highlighter-line-number\" style=\"display:inline-block;min-width:2.25em;padding-right:16px;text-align:right;user-select:none;margin-left:16px;background-color:#252f3f;color:#8B9394\">2</span><span></span><span style=\"color:#c0e2a3;font-weight:500\">http://localhost:8080/apis/registry/v2/groups/my-group/artifacts</span><span> </span><span style=\"color:#c0e2a3;font-weight:500\">\\</span><span>\n</span></span><span style=\"padding-right:2rem\"><span class=\"comment linenumber react-syntax-highlighter-line-number\" style=\"display:inline-block;min-width:2.25em;padding-right:16px;text-align:right;user-select:none;margin-left:16px;background-color:#252f3f;color:#8B9394\">3</span><span></span><span style=\"color:#c0e2a3;font-weight:500\">-X</span><span> </span><span style=\"color:#c0e2a3;font-weight:500\">POST</span><span>  </span><span style=\"color:#c0e2a3;font-weight:500\">\\</span><span>\n</span></span><span style=\"padding-right:2rem\"><span class=\"comment linenumber react-syntax-highlighter-line-number\" style=\"display:inline-block;min-width:2.25em;padding-right:16px;text-align:right;user-select:none;margin-left:16px;background-color:#252f3f;color:#8B9394\">4</span><span></span><span style=\"color:#c0e2a3;font-weight:500\">-H</span><span> </span><span style=\"color:#c0e2a3;font-weight:500\">\"Content-Type: application/json; artifactType=AVRO\"</span><span> </span><span style=\"color:#c0e2a3;font-weight:500\">\\</span><span>\n</span></span><span style=\"padding-right:2rem\"><span class=\"comment linenumber react-syntax-highlighter-line-number\" style=\"display:inline-block;min-width:2.25em;padding-right:16px;text-align:right;user-select:none;margin-left:16px;background-color:#252f3f;color:#8B9394\">5</span><span></span><span style=\"color:#c0e2a3;font-weight:500\">-H</span><span> </span><span style=\"color:#c0e2a3;font-weight:500\">\"X-Registry-ArtifactId: UserSignedUp\"</span><span> </span><span style=\"color:#c0e2a3;font-weight:500\">\\</span><span>\n</span></span><span style=\"padding-right:2rem\"><span class=\"comment linenumber react-syntax-highlighter-line-number\" style=\"display:inline-block;min-width:2.25em;padding-right:16px;text-align:right;user-select:none;margin-left:16px;background-color:#252f3f;color:#8B9394\">6</span><span></span><span style=\"color:#c0e2a3;font-weight:500\">--data</span><span> </span><span style=\"color:#c0e2a3;font-weight:500\">@-</span><span> </span><span style=\"color:#c0e2a3;font-weight:500\">&lt;&lt;</span><span> </span><span style=\"color:#c0e2a3;font-weight:500\">EOF</span><span>\n</span></span><span style=\"padding-right:2rem\"><span class=\"comment linenumber react-syntax-highlighter-line-number\" style=\"display:inline-block;min-width:2.25em;padding-right:16px;text-align:right;user-select:none;margin-left:16px;background-color:#252f3f;color:#8B9394\">7</span>{\n</span><span style=\"padding-right:2rem\"><span class=\"comment linenumber react-syntax-highlighter-line-number\" style=\"display:inline-block;min-width:2.25em;padding-right:16px;text-align:right;user-select:none;margin-left:16px;background-color:#252f3f;color:#8B9394\">8</span><span>  </span><span style=\"color:#7edcda\">\"type\":</span><span> </span><span style=\"color:#c0e2a3;font-weight:500\">\"record\"</span><span>,\n</span></span><span style=\"padding-right:2rem\"><span class=\"comment linenumber react-syntax-highlighter-line-number\" style=\"display:inline-block;min-width:2.25em;padding-right:16px;text-align:right;user-select:none;margin-left:16px;background-color:#252f3f;color:#8B9394\">9</span><span>  </span><span style=\"color:#7edcda\">\"name\":</span><span> </span><span style=\"color:#c0e2a3;font-weight:500\">\"UserSignedUp\"</span><span>,\n</span></span><span style=\"padding-right:2rem\"><span class=\"comment linenumber react-syntax-highlighter-line-number\" style=\"display:inline-block;min-width:2.25em;padding-right:16px;text-align:right;user-select:none;margin-left:16px;background-color:#252f3f;color:#8B9394\">10</span><span>  </span><span style=\"color:#7edcda\">\"namespace\":</span><span> </span><span style=\"color:#c0e2a3;font-weight:500\">\"com.company\"</span><span>,\n</span></span><span style=\"padding-right:2rem\"><span class=\"comment linenumber react-syntax-highlighter-line-number\" style=\"display:inline-block;min-width:2.25em;padding-right:16px;text-align:right;user-select:none;margin-left:16px;background-color:#252f3f;color:#8B9394\">11</span><span>  </span><span style=\"color:#7edcda\">\"doc\":</span><span> </span><span style=\"color:#c0e2a3;font-weight:500\">\"User sign-up information\"</span><span>,\n</span></span><span style=\"padding-right:2rem\"><span class=\"comment linenumber react-syntax-highlighter-line-number\" style=\"display:inline-block;min-width:2.25em;padding-right:16px;text-align:right;user-select:none;margin-left:16px;background-color:#252f3f;color:#8B9394\">12</span><span>  </span><span style=\"color:#7edcda\">\"fields\":</span><span> [\n</span></span><span style=\"padding-right:2rem\"><span class=\"comment linenumber react-syntax-highlighter-line-number\" style=\"display:inline-block;min-width:2.25em;padding-right:16px;text-align:right;user-select:none;margin-left:16px;background-color:#252f3f;color:#8B9394\">13</span>    {\n</span><span style=\"padding-right:2rem\"><span class=\"comment linenumber react-syntax-highlighter-line-number\" style=\"display:inline-block;min-width:2.25em;padding-right:16px;text-align:right;user-select:none;margin-left:16px;background-color:#252f3f;color:#8B9394\">14</span><span>      </span><span style=\"color:#7edcda\">\"name\":</span><span> </span><span style=\"color:#c0e2a3;font-weight:500\">\"userId\"</span><span>,\n</span></span><span style=\"padding-right:2rem\"><span class=\"comment linenumber react-syntax-highlighter-line-number\" style=\"display:inline-block;min-width:2.25em;padding-right:16px;text-align:right;user-select:none;margin-left:16px;background-color:#252f3f;color:#8B9394\">15</span><span>      </span><span style=\"color:#7edcda\">\"type\":</span><span> </span><span style=\"color:#c0e2a3;font-weight:500\">\"int\"</span><span>\n</span></span><span style=\"padding-right:2rem\"><span class=\"comment linenumber react-syntax-highlighter-line-number\" style=\"display:inline-block;min-width:2.25em;padding-right:16px;text-align:right;user-select:none;margin-left:16px;background-color:#252f3f;color:#8B9394\">16</span>    },\n</span><span style=\"padding-right:2rem\"><span class=\"comment linenumber react-syntax-highlighter-line-number\" style=\"display:inline-block;min-width:2.25em;padding-right:16px;text-align:right;user-select:none;margin-left:16px;background-color:#252f3f;color:#8B9394\">17</span>    {\n</span><span style=\"padding-right:2rem\"><span class=\"comment linenumber react-syntax-highlighter-line-number\" style=\"display:inline-block;min-width:2.25em;padding-right:16px;text-align:right;user-select:none;margin-left:16px;background-color:#252f3f;color:#8B9394\">18</span><span>      </span><span style=\"color:#7edcda\">\"name\":</span><span> </span><span style=\"color:#c0e2a3;font-weight:500\">\"userEmail\"</span><span>,\n</span></span><span style=\"padding-right:2rem\"><span class=\"comment linenumber react-syntax-highlighter-line-number\" style=\"display:inline-block;min-width:2.25em;padding-right:16px;text-align:right;user-select:none;margin-left:16px;background-color:#252f3f;color:#8B9394\">19</span><span>      </span><span style=\"color:#7edcda\">\"type\":</span><span> </span><span style=\"color:#c0e2a3;font-weight:500\">\"string\"</span><span>\n</span></span><span style=\"padding-right:2rem\"><span class=\"comment linenumber react-syntax-highlighter-line-number\" style=\"display:inline-block;min-width:2.25em;padding-right:16px;text-align:right;user-select:none;margin-left:16px;background-color:#252f3f;color:#8B9394\">20</span>    }\n</span><span style=\"padding-right:2rem\"><span class=\"comment linenumber react-syntax-highlighter-line-number\" style=\"display:inline-block;min-width:2.25em;padding-right:16px;text-align:right;user-select:none;margin-left:16px;background-color:#252f3f;color:#8B9394\">21</span>  ]\n</span><span style=\"padding-right:2rem\"><span class=\"comment linenumber react-syntax-highlighter-line-number\" style=\"display:inline-block;min-width:2.25em;padding-right:16px;text-align:right;user-select:none;margin-left:16px;background-color:#252f3f;color:#8B9394\">22</span>}\n</span><span style=\"padding-right:2rem\"><span class=\"comment linenumber react-syntax-highlighter-line-number\" style=\"display:inline-block;min-width:2.25em;padding-right:16px;text-align:right;user-select:none;margin-left:16px;background-color:#252f3f;color:#8B9394\">23</span><span></span><span style=\"color:#c0e2a3;font-weight:500\">EOF</span></span></code>",
        "language": "unknown",
        "context": ""
      },
      {
        "id": "code_3",
        "content": "$ref: http://localhost:8080/apis/registry/v2/groups/my-group/artifacts/UserSignedUp",
        "rawHtml": "<code class=\"mr-8\" style=\"white-space:pre\"><span style=\"padding-right:2rem\"><span style=\"color:#c0e2a3;font-weight:500\">$ref:</span><span> </span><span style=\"color:#c0e2a3;font-weight:500\">http://localhost:8080/apis/registry/v2/groups/my-group/artifacts/UserSignedUp</span></span></code>",
        "language": "unknown",
        "context": ""
      },
      {
        "id": "code_4",
        "content": "1asyncapi: 3.0.0\n2info:\n3  title: User Signup API\n4  version: 1.0.0\n5  description: The API notifies you whenever a new user signs up in the application.\n6servers:\n7  kafkaServer:\n8    host: test.mykafkacluster.org:8092\n9    description: Kafka Server\n10    protocol: kafka\n11operations:\n12  onUserSignedUp:\n13    action: receive\n14    channel:\n15      $ref: '#/channels/userSignedUp'\n16channels:\n17  userSignedUp:\n18    description: This channel contains a message per each user who signs up in our application.\n19    address: user_signedup\n20    messages:\n21      userSignedUp:\n22        $ref: '#/components/messages/userSignedUp'\n23components:\n24  messages:\n25    userSignedUp:\n26      payload:\n27        schemaFormat: 'application/vnd.apache.avro+json;version=1.9.0'\n28        schema:\n29          $ref: http://localhost:8080/apis/registry/v2/groups/my-group/artifacts/UserSignedUp",
        "rawHtml": "<code class=\"mr-8\" style=\"white-space:pre\"><span style=\"padding-right:2rem\"><span class=\"comment linenumber react-syntax-highlighter-line-number\" style=\"display:inline-block;min-width:3.25em;padding-right:16px;text-align:right;user-select:none;margin-left:16px;background-color:#252f3f;color:#8B9394\">1</span><span style=\"color:#7edcda\">asyncapi:</span><span> </span><span style=\"color:#d8da68\">3.0</span><span style=\"color:#d8da68\">.0</span><span>\n</span></span><span style=\"padding-right:2rem\"><span class=\"comment linenumber react-syntax-highlighter-line-number\" style=\"display:inline-block;min-width:3.25em;padding-right:16px;text-align:right;user-select:none;margin-left:16px;background-color:#252f3f;color:#8B9394\">2</span><span></span><span style=\"color:#7edcda\">info:</span><span>\n</span></span><span style=\"padding-right:2rem\"><span class=\"comment linenumber react-syntax-highlighter-line-number\" style=\"display:inline-block;min-width:3.25em;padding-right:16px;text-align:right;user-select:none;margin-left:16px;background-color:#252f3f;color:#8B9394\">3</span><span>  </span><span style=\"color:#7edcda\">title:</span><span> </span><span style=\"color:#c0e2a3;font-weight:500\">User</span><span> </span><span style=\"color:#c0e2a3;font-weight:500\">Signup</span><span> </span><span style=\"color:#c0e2a3;font-weight:500\">API</span><span>\n</span></span><span style=\"padding-right:2rem\"><span class=\"comment linenumber react-syntax-highlighter-line-number\" style=\"display:inline-block;min-width:3.25em;padding-right:16px;text-align:right;user-select:none;margin-left:16px;background-color:#252f3f;color:#8B9394\">4</span><span>  </span><span style=\"color:#7edcda\">version:</span><span> </span><span style=\"color:#d8da68\">1.0</span><span style=\"color:#d8da68\">.0</span><span>\n</span></span><span style=\"padding-right:2rem\"><span class=\"comment linenumber react-syntax-highlighter-line-number\" style=\"display:inline-block;min-width:3.25em;padding-right:16px;text-align:right;user-select:none;margin-left:16px;background-color:#252f3f;color:#8B9394\">5</span><span>  </span><span style=\"color:#7edcda\">description:</span><span> </span><span style=\"color:#c0e2a3;font-weight:500\">The</span><span> </span><span style=\"color:#c0e2a3;font-weight:500\">API</span><span> </span><span style=\"color:#c0e2a3;font-weight:500\">notifies</span><span> </span><span style=\"color:#c0e2a3;font-weight:500\">you</span><span> </span><span style=\"color:#c0e2a3;font-weight:500\">whenever</span><span> </span><span style=\"color:#c0e2a3;font-weight:500\">a</span><span> </span><span style=\"color:#c0e2a3;font-weight:500\">new</span><span> </span><span style=\"color:#c0e2a3;font-weight:500\">user</span><span> </span><span style=\"color:#c0e2a3;font-weight:500\">signs</span><span> </span><span style=\"color:#c0e2a3;font-weight:500\">up</span><span> </span><span style=\"color:#c0e2a3;font-weight:500\">in</span><span> </span><span style=\"color:#c0e2a3;font-weight:500\">the</span><span> </span><span style=\"color:#c0e2a3;font-weight:500\">application.</span><span>\n</span></span><span style=\"padding-right:2rem\"><span class=\"comment linenumber react-syntax-highlighter-line-number\" style=\"display:inline-block;min-width:3.25em;padding-right:16px;text-align:right;user-select:none;margin-left:16px;background-color:#252f3f;color:#8B9394\">6</span><span></span><span style=\"color:#7edcda\">servers:</span><span>\n</span></span><span style=\"padding-right:2rem\"><span class=\"comment linenumber react-syntax-highlighter-line-number\" style=\"display:inline-block;min-width:3.25em;padding-right:16px;text-align:right;user-select:none;margin-left:16px;background-color:#252f3f;color:#8B9394\">7</span><span>  </span><span style=\"color:#7edcda\">kafkaServer:</span><span>\n</span></span><span style=\"padding-right:2rem\"><span class=\"comment linenumber react-syntax-highlighter-line-number\" style=\"display:inline-block;min-width:3.25em;padding-right:16px;text-align:right;user-select:none;margin-left:16px;background-color:#252f3f;color:#8B9394\">8</span><span>    </span><span style=\"color:#7edcda\">host:</span><span> </span><span style=\"color:#c0e2a3;font-weight:500\">test.mykafkacluster.org:8092</span><span>\n</span></span><span style=\"padding-right:2rem\"><span class=\"comment linenumber react-syntax-highlighter-line-number\" style=\"display:inline-block;min-width:3.25em;padding-right:16px;text-align:right;user-select:none;margin-left:16px;background-color:#252f3f;color:#8B9394\">9</span><span>    </span><span style=\"color:#7edcda\">description:</span><span> </span><span style=\"color:#c0e2a3;font-weight:500\">Kafka</span><span> </span><span style=\"color:#c0e2a3;font-weight:500\">Server</span><span>\n</span></span><span style=\"padding-right:2rem\"><span class=\"comment linenumber react-syntax-highlighter-line-number\" style=\"display:inline-block;min-width:3.25em;padding-right:16px;text-align:right;user-select:none;margin-left:16px;background-color:#252f3f;color:#8B9394\">10</span><span>    </span><span style=\"color:#7edcda\">protocol:</span><span> </span><span style=\"color:#c0e2a3;font-weight:500\">kafka</span><span>\n</span></span><span style=\"padding-right:2rem\"><span class=\"comment linenumber react-syntax-highlighter-line-number\" style=\"display:inline-block;min-width:3.25em;padding-right:16px;text-align:right;user-select:none;margin-left:16px;background-color:#252f3f;color:#8B9394\">11</span><span></span><span style=\"color:#7edcda\">operations:</span><span>\n</span></span><span style=\"padding-right:2rem\"><span class=\"comment linenumber react-syntax-highlighter-line-number\" style=\"display:inline-block;min-width:3.25em;padding-right:16px;text-align:right;user-select:none;margin-left:16px;background-color:#252f3f;color:#8B9394\">12</span><span>  </span><span style=\"color:#7edcda\">onUserSignedUp:</span><span>\n</span></span><span style=\"padding-right:2rem\"><span class=\"comment linenumber react-syntax-highlighter-line-number\" style=\"display:inline-block;min-width:3.25em;padding-right:16px;text-align:right;user-select:none;margin-left:16px;background-color:#252f3f;color:#8B9394\">13</span><span>    </span><span style=\"color:#7edcda\">action:</span><span> </span><span style=\"color:#c0e2a3;font-weight:500\">receive</span><span>\n</span></span><span style=\"padding-right:2rem\"><span class=\"comment linenumber react-syntax-highlighter-line-number\" style=\"display:inline-block;min-width:3.25em;padding-right:16px;text-align:right;user-select:none;margin-left:16px;background-color:#252f3f;color:#8B9394\">14</span><span>    </span><span style=\"color:#7edcda\">channel:</span><span>\n</span></span><span style=\"padding-right:2rem\"><span class=\"comment linenumber react-syntax-highlighter-line-number\" style=\"display:inline-block;min-width:3.25em;padding-right:16px;text-align:right;user-select:none;margin-left:16px;background-color:#252f3f;color:#8B9394\">15</span><span>      </span><span style=\"color:#c0e2a3;font-weight:500\">$ref:</span><span> </span><span style=\"color:#c0e2a3;font-weight:500\">'#/channels/userSignedUp'</span><span>\n</span></span><span style=\"padding-right:2rem\"><span class=\"comment linenumber react-syntax-highlighter-line-number\" style=\"display:inline-block;min-width:3.25em;padding-right:16px;text-align:right;user-select:none;margin-left:16px;background-color:#252f3f;color:#8B9394\">16</span><span></span><span style=\"color:#7edcda\">channels:</span><span>\n</span></span><span style=\"padding-right:2rem\"><span class=\"comment linenumber react-syntax-highlighter-line-number\" style=\"display:inline-block;min-width:3.25em;padding-right:16px;text-align:right;user-select:none;margin-left:16px;background-color:#252f3f;color:#8B9394\">17</span><span>  </span><span style=\"color:#7edcda\">userSignedUp:</span><span>\n</span></span><span style=\"padding-right:2rem\"><span class=\"comment linenumber react-syntax-highlighter-line-number\" style=\"display:inline-block;min-width:3.25em;padding-right:16px;text-align:right;user-select:none;margin-left:16px;background-color:#252f3f;color:#8B9394\">18</span><span>    </span><span style=\"color:#7edcda\">description:</span><span> </span><span style=\"color:#c0e2a3;font-weight:500\">This</span><span> </span><span style=\"color:#c0e2a3;font-weight:500\">channel</span><span> </span><span style=\"color:#c0e2a3;font-weight:500\">contains</span><span> </span><span style=\"color:#c0e2a3;font-weight:500\">a</span><span> </span><span style=\"color:#c0e2a3;font-weight:500\">message</span><span> </span><span style=\"color:#c0e2a3;font-weight:500\">per</span><span> </span><span style=\"color:#c0e2a3;font-weight:500\">each</span><span> </span><span style=\"color:#c0e2a3;font-weight:500\">user</span><span> </span><span style=\"color:#c0e2a3;font-weight:500\">who</span><span> </span><span style=\"color:#c0e2a3;font-weight:500\">signs</span><span> </span><span style=\"color:#c0e2a3;font-weight:500\">up</span><span> </span><span style=\"color:#c0e2a3;font-weight:500\">in</span><span> </span><span style=\"color:#c0e2a3;font-weight:500\">our</span><span> </span><span style=\"color:#c0e2a3;font-weight:500\">application.</span><span>\n</span></span><span style=\"padding-right:2rem\"><span class=\"comment linenumber react-syntax-highlighter-line-number\" style=\"display:inline-block;min-width:3.25em;padding-right:16px;text-align:right;user-select:none;margin-left:16px;background-color:#252f3f;color:#8B9394\">19</span><span>    </span><span style=\"color:#7edcda\">address:</span><span> </span><span style=\"color:#c0e2a3;font-weight:500\">user_signedup</span><span>\n</span></span><span style=\"padding-right:2rem\"><span class=\"comment linenumber react-syntax-highlighter-line-number\" style=\"display:inline-block;min-width:3.25em;padding-right:16px;text-align:right;user-select:none;margin-left:16px;background-color:#252f3f;color:#8B9394\">20</span><span>    </span><span style=\"color:#7edcda\">messages:</span><span>\n</span></span><span style=\"padding-right:2rem\"><span class=\"comment linenumber react-syntax-highlighter-line-number\" style=\"display:inline-block;min-width:3.25em;padding-right:16px;text-align:right;user-select:none;margin-left:16px;background-color:#252f3f;color:#8B9394\">21</span><span>      </span><span style=\"color:#7edcda\">userSignedUp:</span><span>\n</span></span><span style=\"padding-right:2rem\"><span class=\"comment linenumber react-syntax-highlighter-line-number\" style=\"display:inline-block;min-width:3.25em;padding-right:16px;text-align:right;user-select:none;margin-left:16px;background-color:#252f3f;color:#8B9394\">22</span><span>        </span><span style=\"color:#c0e2a3;font-weight:500\">$ref:</span><span> </span><span style=\"color:#c0e2a3;font-weight:500\">'#/components/messages/userSignedUp'</span><span>\n</span></span><span style=\"padding-right:2rem\"><span class=\"comment linenumber react-syntax-highlighter-line-number\" style=\"display:inline-block;min-width:3.25em;padding-right:16px;text-align:right;user-select:none;margin-left:16px;background-color:#252f3f;color:#8B9394\">23</span><span></span><span style=\"color:#7edcda\">components:</span><span>\n</span></span><span style=\"padding-right:2rem\"><span class=\"comment linenumber react-syntax-highlighter-line-number\" style=\"display:inline-block;min-width:3.25em;padding-right:16px;text-align:right;user-select:none;margin-left:16px;background-color:#252f3f;color:#8B9394\">24</span><span>  </span><span style=\"color:#7edcda\">messages:</span><span>\n</span></span><span style=\"padding-right:2rem\"><span class=\"comment linenumber react-syntax-highlighter-line-number\" style=\"display:inline-block;min-width:3.25em;padding-right:16px;text-align:right;user-select:none;margin-left:16px;background-color:#252f3f;color:#8B9394\">25</span><span>    </span><span style=\"color:#7edcda\">userSignedUp:</span><span>\n</span></span><span style=\"padding-right:2rem\"><span class=\"comment linenumber react-syntax-highlighter-line-number\" style=\"display:inline-block;min-width:3.25em;padding-right:16px;text-align:right;user-select:none;margin-left:16px;background-color:#252f3f;color:#8B9394\">26</span><span>      </span><span style=\"color:#7edcda\">payload:</span><span>\n</span></span><span style=\"padding-right:2rem\"><span class=\"comment linenumber react-syntax-highlighter-line-number\" style=\"display:inline-block;min-width:3.25em;padding-right:16px;text-align:right;user-select:none;margin-left:16px;background-color:#252f3f;color:#8B9394\">27</span><span>        </span><span style=\"color:#7edcda\">schemaFormat:</span><span> </span><span style=\"color:#c0e2a3;font-weight:500\">'application/vnd.apache.avro+json;version=1.9.0'</span><span>\n</span></span><span style=\"padding-right:2rem\"><span class=\"comment linenumber react-syntax-highlighter-line-number\" style=\"display:inline-block;min-width:3.25em;padding-right:16px;text-align:right;user-select:none;margin-left:16px;background-color:#252f3f;color:#8B9394\">28</span><span>        </span><span style=\"color:#7edcda\">schema:</span><span>\n</span></span><span style=\"padding-right:2rem\"><span class=\"comment linenumber react-syntax-highlighter-line-number\" style=\"display:inline-block;min-width:3.25em;padding-right:16px;text-align:right;user-select:none;margin-left:16px;background-color:#252f3f;color:#8B9394\">29</span><span>          </span><span style=\"color:#c0e2a3;font-weight:500\">$ref:</span><span> </span><span style=\"color:#c0e2a3;font-weight:500\">http://localhost:8080/apis/registry/v2/groups/my-group/artifacts/UserSignedUp</span></span></code>",
        "language": "unknown",
        "context": ""
      }
    ],
    "tables": [],
    "highlights": [
      {
        "id": "highlight_0",
        "content": "$ref",
        "context": "One alternative is to keep your schema in a separate file, as you learned in the previous tutorial, describe Kafka message payload using Avro schema. After uploading your Avro schema, remove the schema from your AsyncAPI document and add a $ref pointing to the previous step's URL."
      }
    ]
  }
}