{
  "metadata": {
    "url": "https://www.asyncapi.com/docs/tutorials/getting-started/request-reply",
    "timestamp": "2025-03-12T17:49:41.332Z",
    "source": "asyncapi_docs"
  },
  "content": {
    "title": "Request Reply",
    "hierarchy": {
      "sections": {
        "Static reply address": {
          "level": 2,
          "content": "Here's how you can implement the request/reply pattern when the response address is known at the compile or design time.A requester can be configured with the send operation, where it dispatches a message to the ping channel and anticipates receiving a response through the pong channel.In the below example, the Operation Reply object within the pingRequest operation provides essential details, like the destination for the reply, which is the pong channel. Since the pong channel is configured with only one message, there's no need to explicitly define the reply message. Similarly, the ping channel has just one message, eliminating the need to specify the message sent in the request.1asyncapi: 3.0.0\n2info:\n3  title: Ping/pong example with static reply channel\n4  version: 1.0.0\n5  description: Requester example that initiates the request/reply pattern on a different channel than the reply is using\n6channels:\n7  ping:\n8    address: /ping\n9    messages:\n10      ping:\n11        $ref: '#/components/messages/ping'\n12  pong:\n13    address: /pong\n14    messages:\n15      pong:\n16        $ref: '#/components/messages/pong'\n17operations:\n18  pingRequest:\n19    action: send\n20    channel: \n21      $ref: '#/channels/ping'\n22    reply:\n23      channel: \n24        $ref: '#/channels/pong'\n25components: \n26  messages: \n27    ping:\n28      payload:\n29        type: object\n30        properties:\n31          event:\n32            type: string\n33            const: ping\n34    pong:\n35      payload:\n36        type: object\n37        properties:\n38          event:\n39            type: string\n40            const: pong"
        },
        "Dynamic reply address": {
          "level": 2,
          "content": "Occasionally, the destination for a reply cannot be predetermined during the design or compile phase. In such cases, the address for the reply is dynamically determined at runtime, allowing for more flexible and adaptive communication.In scenarios where the address or reply channel is unknown at design time, the address property can either be set to null or omitted entirely. To define the reply address dynamically, the Operation Reply Address object can be used, allowing for runtime expressions. That enables the requester to specify where the replier should send the reply, detailing the address's location and its specific position within the request.In this situation, the location property is assigned the runtime expression $message.header#/replyTo. Such an expression indicates that the address for the reply is located within the header of the request, specifically in the replyTo field. This method dynamically determines the reply address based on the content of the request header.1asyncapi: 3.0.0\n2info:\n3  title: Ping/pong example with reply specified as dynamic information provided in the runtime\n4  version: 1.0.0\n5  description: Example document for an application that processes ping requests and replies to the address dynamically specified by the requestor in the message header\n6channels:\n7  ping:\n8    address: /ping\n9    messages:\n10      ping:\n11        $ref: '#/components/messages/ping'\n12  pong:\n13    address: null\n14    messages:\n15      pong:\n16        $ref: '#/components/messages/pong'\n17operations:\n18  pingRequest:\n19    action: receive\n20    channel: \n21      $ref: '#/channels/ping'\n22    reply:\n23      address:\n24        description: Reply is sent to topic specified in 'replyTo' property in the message header\n25        location: \"$message.header#/replyTo\"\n26      channel: \n27        $ref: '#/channels/pong'\n28components:\n29  messages:\n30    ping:\n31      headers:\n32        type: object\n33        properties:\n34          replyTo:\n35            type: string\n36            description: Provide path to which reply must be provided\n37          requestId:\n38            type: string\n39            format: uuid\n40            description: Provide request id that you will use to identify the reply match\n41      payload:\n42        type: object\n43        properties:\n44          event:\n45            type: string\n46            const: ping\n47      correlationId:\n48        $ref: \"#/components/correlationIds/pingCorrelationId\"\n49    pong:\n50      headers:\n51        type: object\n52        properties:\n53          requestId:\n54            type: string\n55            format: uuid\n56            description: Reply message must contain id of the request message\n57      payload:\n58        type: object\n59        properties:\n60          event:\n61            type: string\n62            const: pong\n63      correlationId:\n64        $ref: \"#/components/correlationIds/pingCorrelationId\"\n65  correlationIds:\n66    pingCorrelationId:\n67      location: '$message.header#/requestId'While the above examples are a simple implementation of the request/reply pattern, in a protocol-agnostic world there are many different ways to represent the request/reply pattern. All of which are supported by AsyncAPI."
        }
      },
      "navigation": [
        {
          "text": "Welcome",
          "href": "https://www.asyncapi.com/docs",
          "subItems": []
        },
        {
          "text": "Concepts",
          "href": "https://www.asyncapi.com/docs/concepts",
          "subItems": []
        },
        {
          "text": "Tutorials",
          "href": "https://www.asyncapi.com/docs/tutorials",
          "subItems": [
            {
              "text": "Overview",
              "href": "https://www.asyncapi.com/docs/tutorials"
            },
            {
              "text": "Getting Started",
              "href": "https://www.asyncapi.com/docs/tutorials/getting-started"
            },
            {
              "text": "Introduction",
              "href": "https://www.asyncapi.com/docs/tutorials/getting-started"
            },
            {
              "text": "Event-Driven Architectures",
              "href": "https://www.asyncapi.com/docs/tutorials/getting-started/event-driven-architectures"
            },
            {
              "text": "Coming from OpenAPI",
              "href": "https://www.asyncapi.com/docs/tutorials/getting-started/coming-from-openapi"
            },
            {
              "text": "Hello world",
              "href": "https://www.asyncapi.com/docs/tutorials/getting-started/hello-world"
            },
            {
              "text": "Request/reply pattern",
              "href": "https://www.asyncapi.com/docs/tutorials/getting-started/request-reply"
            },
            {
              "text": "AsyncAPI documents",
              "href": "https://www.asyncapi.com/docs/tutorials/getting-started/asyncapi-documents"
            },
            {
              "text": "Servers",
              "href": "https://www.asyncapi.com/docs/tutorials/getting-started/servers"
            },
            {
              "text": "Adding security",
              "href": "https://www.asyncapi.com/docs/tutorials/getting-started/security"
            },
            {
              "text": "Create AsyncAPI document",
              "href": "https://www.asyncapi.com/docs/tutorials/create-asyncapi-document"
            },
            {
              "text": "Generate code",
              "href": "https://www.asyncapi.com/docs/tutorials/generate-code"
            },
            {
              "text": "Validate AsyncAPI document with Studio",
              "href": "https://www.asyncapi.com/docs/tutorials/studio-document-validation"
            },
            {
              "text": "Message validation in runtime",
              "href": "https://www.asyncapi.com/docs/tutorials/message-validation"
            },
            {
              "text": "Streetlights - Interactive",
              "href": "https://www.asyncapi.com/docs/tutorials/streetlights-interactive"
            },
            {
              "text": "WebSocket",
              "href": "https://www.asyncapi.com/docs/tutorials/websocket"
            },
            {
              "text": "Kafka",
              "href": "https://www.asyncapi.com/docs/tutorials/kafka"
            }
          ]
        },
        {
          "text": "Tools",
          "href": "https://www.asyncapi.com/docs/tools",
          "subItems": []
        },
        {
          "text": "Guides",
          "href": "https://www.asyncapi.com/docs/guides",
          "subItems": []
        },
        {
          "text": "Reference",
          "href": "https://www.asyncapi.com/docs/reference",
          "subItems": []
        },
        {
          "text": "Migrations",
          "href": "https://www.asyncapi.com/docs/migration",
          "subItems": []
        },
        {
          "text": "Community",
          "href": "https://www.asyncapi.com/docs/community",
          "subItems": []
        }
      ]
    },
    "full_text": "In this tutorial, you'll learn how to implement the request/reply pattern in an AsyncAPI document using a straightforward ping-pong example.\nBefore we begin, it would be beneficial for you to have a basic understanding of AsyncAPI and Event-Driven Architectures (EDA). If you need a refresher, refer to our Event-Driven Architecture document.\nRequest/reply is a messaging pattern involving two key components: the requester, which sends a request message, and the replier, responsible for receiving this request and responding with a reply. This pattern fundamentally revolves around these two roles, requester and replier.\nStatic reply address\nHere's how you can implement the request/reply pattern when the response address is known at the compile or design time.\nA requester can be configured with the send operation, where it dispatches a message to the ping channel and anticipates receiving a response through the pong channel.\nIn the below example, the Operation Reply object within the pingRequest operation provides essential details, like the destination for the reply, which is the pong channel. Since the pong channel is configured with only one message, there's no need to explicitly define the reply message. Similarly, the ping channel has just one message, eliminating the need to specify the message sent in the request.\n1asyncapi: 3.0.0\n2info:\n3  title: Ping/pong example with static reply channel\n4  version: 1.0.0\n5  description: Requester example that initiates the request/reply pattern on a different channel than the reply is using\n6channels:\n7  ping:\n8    address: /ping\n9    messages:\n10      ping:\n11        $ref: '#/components/messages/ping'\n12  pong:\n13    address: /pong\n14    messages:\n15      pong:\n16        $ref: '#/components/messages/pong'\n17operations:\n18  pingRequest:\n19    action: send\n20    channel: \n21      $ref: '#/channels/ping'\n22    reply:\n23      channel: \n24        $ref: '#/channels/pong'\n25components: \n26  messages: \n27    ping:\n28      payload:\n29        type: object\n30        properties:\n31          event:\n32            type: string\n33            const: ping\n34    pong:\n35      payload:\n36        type: object\n37        properties:\n38          event:\n39            type: string\n40            const: pong\nDynamic reply address\nOccasionally, the destination for a reply cannot be predetermined during the design or compile phase. In such cases, the address for the reply is dynamically determined at runtime, allowing for more flexible and adaptive communication.\nIn scenarios where the address or reply channel is unknown at design time, the address property can either be set to null or omitted entirely. To define the reply address dynamically, the Operation Reply Address object can be used, allowing for runtime expressions. That enables the requester to specify where the replier should send the reply, detailing the address's location and its specific position within the request.\nIn this situation, the location property is assigned the runtime expression $message.header#/replyTo. Such an expression indicates that the address for the reply is located within the header of the request, specifically in the replyTo field. This method dynamically determines the reply address based on the content of the request header.\n1asyncapi: 3.0.0\n2info:\n3  title: Ping/pong example with reply specified as dynamic information provided in the runtime\n4  version: 1.0.0\n5  description: Example document for an application that processes ping requests and replies to the address dynamically specified by the requestor in the message header\n6channels:\n7  ping:\n8    address: /ping\n9    messages:\n10      ping:\n11        $ref: '#/components/messages/ping'\n12  pong:\n13    address: null\n14    messages:\n15      pong:\n16        $ref: '#/components/messages/pong'\n17operations:\n18  pingRequest:\n19    action: receive\n20    channel: \n21      $ref: '#/channels/ping'\n22    reply:\n23      address:\n24        description: Reply is sent to topic specified in 'replyTo' property in the message header\n25        location: \"$message.header#/replyTo\"\n26      channel: \n27        $ref: '#/channels/pong'\n28components:\n29  messages:\n30    ping:\n31      headers:\n32        type: object\n33        properties:\n34          replyTo:\n35            type: string\n36            description: Provide path to which reply must be provided\n37          requestId:\n38            type: string\n39            format: uuid\n40            description: Provide request id that you will use to identify the reply match\n41      payload:\n42        type: object\n43        properties:\n44          event:\n45            type: string\n46            const: ping\n47      correlationId:\n48        $ref: \"#/components/correlationIds/pingCorrelationId\"\n49    pong:\n50      headers:\n51        type: object\n52        properties:\n53          requestId:\n54            type: string\n55            format: uuid\n56            description: Reply message must contain id of the request message\n57      payload:\n58        type: object\n59        properties:\n60          event:\n61            type: string\n62            const: pong\n63      correlationId:\n64        $ref: \"#/components/correlationIds/pingCorrelationId\"\n65  correlationIds:\n66    pingCorrelationId:\n67      location: '$message.header#/requestId'\nWhile the above examples are a simple implementation of the request/reply pattern, in a protocol-agnostic world there are many different ways to represent the request/reply pattern. All of which are supported by AsyncAPI.",
    "sections": [
      {
        "title": "Static reply address",
        "level": 2,
        "text": "Here's how you can implement the request/reply pattern when the response address is known at the compile or design time.A requester can be configured with the send operation, where it dispatches a message to the ping channel and anticipates receiving a response through the pong channel.In the below example, the Operation Reply object within the pingRequest operation provides essential details, like the destination for the reply, which is the pong channel. Since the pong channel is configured with only one message, there's no need to explicitly define the reply message. Similarly, the ping channel has just one message, eliminating the need to specify the message sent in the request.1asyncapi: 3.0.0\n2info:\n3  title: Ping/pong example with static reply channel\n4  version: 1.0.0\n5  description: Requester example that initiates the request/reply pattern on a different channel than the reply is using\n6channels:\n7  ping:\n8    address: /ping\n9    messages:\n10      ping:\n11        $ref: '#/components/messages/ping'\n12  pong:\n13    address: /pong\n14    messages:\n15      pong:\n16        $ref: '#/components/messages/pong'\n17operations:\n18  pingRequest:\n19    action: send\n20    channel: \n21      $ref: '#/channels/ping'\n22    reply:\n23      channel: \n24        $ref: '#/channels/pong'\n25components: \n26  messages: \n27    ping:\n28      payload:\n29        type: object\n30        properties:\n31          event:\n32            type: string\n33            const: ping\n34    pong:\n35      payload:\n36        type: object\n37        properties:\n38          event:\n39            type: string\n40            const: pong"
      },
      {
        "title": "Dynamic reply address",
        "level": 2,
        "text": "Occasionally, the destination for a reply cannot be predetermined during the design or compile phase. In such cases, the address for the reply is dynamically determined at runtime, allowing for more flexible and adaptive communication.In scenarios where the address or reply channel is unknown at design time, the address property can either be set to null or omitted entirely. To define the reply address dynamically, the Operation Reply Address object can be used, allowing for runtime expressions. That enables the requester to specify where the replier should send the reply, detailing the address's location and its specific position within the request.In this situation, the location property is assigned the runtime expression $message.header#/replyTo. Such an expression indicates that the address for the reply is located within the header of the request, specifically in the replyTo field. This method dynamically determines the reply address based on the content of the request header.1asyncapi: 3.0.0\n2info:\n3  title: Ping/pong example with reply specified as dynamic information provided in the runtime\n4  version: 1.0.0\n5  description: Example document for an application that processes ping requests and replies to the address dynamically specified by the requestor in the message header\n6channels:\n7  ping:\n8    address: /ping\n9    messages:\n10      ping:\n11        $ref: '#/components/messages/ping'\n12  pong:\n13    address: null\n14    messages:\n15      pong:\n16        $ref: '#/components/messages/pong'\n17operations:\n18  pingRequest:\n19    action: receive\n20    channel: \n21      $ref: '#/channels/ping'\n22    reply:\n23      address:\n24        description: Reply is sent to topic specified in 'replyTo' property in the message header\n25        location: \"$message.header#/replyTo\"\n26      channel: \n27        $ref: '#/channels/pong'\n28components:\n29  messages:\n30    ping:\n31      headers:\n32        type: object\n33        properties:\n34          replyTo:\n35            type: string\n36            description: Provide path to which reply must be provided\n37          requestId:\n38            type: string\n39            format: uuid\n40            description: Provide request id that you will use to identify the reply match\n41      payload:\n42        type: object\n43        properties:\n44          event:\n45            type: string\n46            const: ping\n47      correlationId:\n48        $ref: \"#/components/correlationIds/pingCorrelationId\"\n49    pong:\n50      headers:\n51        type: object\n52        properties:\n53          requestId:\n54            type: string\n55            format: uuid\n56            description: Reply message must contain id of the request message\n57      payload:\n58        type: object\n59        properties:\n60          event:\n61            type: string\n62            const: pong\n63      correlationId:\n64        $ref: \"#/components/correlationIds/pingCorrelationId\"\n65  correlationIds:\n66    pingCorrelationId:\n67      location: '$message.header#/requestId'While the above examples are a simple implementation of the request/reply pattern, in a protocol-agnostic world there are many different ways to represent the request/reply pattern. All of which are supported by AsyncAPI."
      }
    ],
    "svgs": [
      {
        "id": "svg_0",
        "content": "<svg class=\"-mt-0.5 inline-block size-4\" fill=\"currentColor\" viewBox=\"0 0 20 20\"><path d=\"M15.6 2l-1.2 3H5.6L4.4 2C3.629 2 3 2.629 3 3.4v15.2c0 .77.629 1.4 1.399 1.4h11.2c.77 0 1.4-.631 1.4-1.4V3.4C17 2.629 16.369 2 15.6 2zm-2 2l.9-2h-2.181L11.6 0H8.4l-.72 2H5.5l.899 2H13.6z\"></path></svg>",
        "context": "",
        "description": "SVG containing 1 paths, 0 circles, and 0 rectangles."
      },
      {
        "id": "svg_1",
        "content": "<svg class=\"-mt-0.5 inline-block size-4\" fill=\"currentColor\" viewBox=\"0 0 20 20\"><path d=\"M15.6 2l-1.2 3H5.6L4.4 2C3.629 2 3 2.629 3 3.4v15.2c0 .77.629 1.4 1.399 1.4h11.2c.77 0 1.4-.631 1.4-1.4V3.4C17 2.629 16.369 2 15.6 2zm-2 2l.9-2h-2.181L11.6 0H8.4l-.72 2H5.5l.899 2H13.6z\"></path></svg>",
        "context": "",
        "description": "SVG containing 1 paths, 0 circles, and 0 rectangles."
      }
    ],
    "codeBlocks": [
      {
        "id": "code_0",
        "content": "1asyncapi: 3.0.0\n2info:\n3  title: Ping/pong example with static reply channel\n4  version: 1.0.0\n5  description: Requester example that initiates the request/reply pattern on a different channel than the reply is using\n6channels:\n7  ping:\n8    address: /ping\n9    messages:\n10      ping:\n11        $ref: '#/components/messages/ping'\n12  pong:\n13    address: /pong\n14    messages:\n15      pong:\n16        $ref: '#/components/messages/pong'\n17operations:\n18  pingRequest:\n19    action: send\n20    channel: \n21      $ref: '#/channels/ping'\n22    reply:\n23      channel: \n24        $ref: '#/channels/pong'\n25components: \n26  messages: \n27    ping:\n28      payload:\n29        type: object\n30        properties:\n31          event:\n32            type: string\n33            const: ping\n34    pong:\n35      payload:\n36        type: object\n37        properties:\n38          event:\n39            type: string\n40            const: pong",
        "rawHtml": "<code class=\"mr-8\" style=\"white-space:pre\"><span style=\"padding-right:2rem\"><span class=\"comment linenumber react-syntax-highlighter-line-number\" style=\"display:inline-block;min-width:3.25em;padding-right:16px;text-align:right;user-select:none;margin-left:16px;background-color:#252f3f;color:#8B9394\">1</span><span style=\"color:#7edcda\">asyncapi:</span><span> </span><span style=\"color:#d8da68\">3.0</span><span style=\"color:#d8da68\">.0</span><span>\n</span></span><span style=\"padding-right:2rem\"><span class=\"comment linenumber react-syntax-highlighter-line-number\" style=\"display:inline-block;min-width:3.25em;padding-right:16px;text-align:right;user-select:none;margin-left:16px;background-color:#252f3f;color:#8B9394\">2</span><span></span><span style=\"color:#7edcda\">info:</span><span>\n</span></span><span style=\"padding-right:2rem\"><span class=\"comment linenumber react-syntax-highlighter-line-number\" style=\"display:inline-block;min-width:3.25em;padding-right:16px;text-align:right;user-select:none;margin-left:16px;background-color:#252f3f;color:#8B9394\">3</span><span>  </span><span style=\"color:#7edcda\">title:</span><span> </span><span style=\"color:#c0e2a3;font-weight:500\">Ping/pong</span><span> </span><span style=\"color:#c0e2a3;font-weight:500\">example</span><span> </span><span style=\"color:#c0e2a3;font-weight:500\">with</span><span> </span><span style=\"color:#c0e2a3;font-weight:500\">static</span><span> </span><span style=\"color:#c0e2a3;font-weight:500\">reply</span><span> </span><span style=\"color:#c0e2a3;font-weight:500\">channel</span><span>\n</span></span><span style=\"padding-right:2rem\"><span class=\"comment linenumber react-syntax-highlighter-line-number\" style=\"display:inline-block;min-width:3.25em;padding-right:16px;text-align:right;user-select:none;margin-left:16px;background-color:#252f3f;color:#8B9394\">4</span><span>  </span><span style=\"color:#7edcda\">version:</span><span> </span><span style=\"color:#d8da68\">1.0</span><span style=\"color:#d8da68\">.0</span><span>\n</span></span><span style=\"padding-right:2rem\"><span class=\"comment linenumber react-syntax-highlighter-line-number\" style=\"display:inline-block;min-width:3.25em;padding-right:16px;text-align:right;user-select:none;margin-left:16px;background-color:#252f3f;color:#8B9394\">5</span><span>  </span><span style=\"color:#7edcda\">description:</span><span> </span><span style=\"color:#c0e2a3;font-weight:500\">Requester</span><span> </span><span style=\"color:#c0e2a3;font-weight:500\">example</span><span> </span><span style=\"color:#c0e2a3;font-weight:500\">that</span><span> </span><span style=\"color:#c0e2a3;font-weight:500\">initiates</span><span> </span><span style=\"color:#c0e2a3;font-weight:500\">the</span><span> </span><span style=\"color:#c0e2a3;font-weight:500\">request/reply</span><span> </span><span style=\"color:#c0e2a3;font-weight:500\">pattern</span><span> </span><span style=\"color:#c0e2a3;font-weight:500\">on</span><span> </span><span style=\"color:#c0e2a3;font-weight:500\">a</span><span> </span><span style=\"color:#c0e2a3;font-weight:500\">different</span><span> </span><span style=\"color:#c0e2a3;font-weight:500\">channel</span><span> </span><span style=\"color:#c0e2a3;font-weight:500\">than</span><span> </span><span style=\"color:#c0e2a3;font-weight:500\">the</span><span> </span><span style=\"color:#c0e2a3;font-weight:500\">reply</span><span> </span><span style=\"color:#c0e2a3;font-weight:500\">is</span><span> </span><span style=\"color:#c0e2a3;font-weight:500\">using</span><span>\n</span></span><span style=\"padding-right:2rem;display:block;width:100%;background-color:#3e4d64\"><span class=\"comment linenumber react-syntax-highlighter-line-number\" style=\"display:inline-block;min-width:3.25em;padding-right:16px;text-align:right;user-select:none;margin-left:16px;background-color:#3e4d64;color:#A3ACAD\">6</span><span></span><span style=\"color:#7edcda\">channels:</span><span>\n</span></span><span style=\"padding-right:2rem;display:block;width:100%;background-color:#3e4d64\"><span class=\"comment linenumber react-syntax-highlighter-line-number\" style=\"display:inline-block;min-width:3.25em;padding-right:16px;text-align:right;user-select:none;margin-left:16px;background-color:#3e4d64;color:#A3ACAD\">7</span><span>  </span><span style=\"color:#7edcda\">ping:</span><span>\n</span></span><span style=\"padding-right:2rem;display:block;width:100%;background-color:#3e4d64\"><span class=\"comment linenumber react-syntax-highlighter-line-number\" style=\"display:inline-block;min-width:3.25em;padding-right:16px;text-align:right;user-select:none;margin-left:16px;background-color:#3e4d64;color:#A3ACAD\">8</span><span>    </span><span style=\"color:#7edcda\">address:</span><span> </span><span style=\"color:#c0e2a3;font-weight:500\">/ping</span><span>\n</span></span><span style=\"padding-right:2rem;display:block;width:100%;background-color:#3e4d64\"><span class=\"comment linenumber react-syntax-highlighter-line-number\" style=\"display:inline-block;min-width:3.25em;padding-right:16px;text-align:right;user-select:none;margin-left:16px;background-color:#3e4d64;color:#A3ACAD\">9</span><span>    </span><span style=\"color:#7edcda\">messages:</span><span>\n</span></span><span style=\"padding-right:2rem;display:block;width:100%;background-color:#3e4d64\"><span class=\"comment linenumber react-syntax-highlighter-line-number\" style=\"display:inline-block;min-width:3.25em;padding-right:16px;text-align:right;user-select:none;margin-left:16px;background-color:#3e4d64;color:#A3ACAD\">10</span><span>      </span><span style=\"color:#7edcda\">ping:</span><span>\n</span></span><span style=\"padding-right:2rem;display:block;width:100%;background-color:#3e4d64\"><span class=\"comment linenumber react-syntax-highlighter-line-number\" style=\"display:inline-block;min-width:3.25em;padding-right:16px;text-align:right;user-select:none;margin-left:16px;background-color:#3e4d64;color:#A3ACAD\">11</span><span>        </span><span style=\"color:#c0e2a3;font-weight:500\">$ref:</span><span> </span><span style=\"color:#c0e2a3;font-weight:500\">'#/components/messages/ping'</span><span>\n</span></span><span style=\"padding-right:2rem\"><span class=\"comment linenumber react-syntax-highlighter-line-number\" style=\"display:inline-block;min-width:3.25em;padding-right:16px;text-align:right;user-select:none;margin-left:16px;background-color:#252f3f;color:#8B9394\">12</span><span>  </span><span style=\"color:#7edcda\">pong:</span><span>\n</span></span><span style=\"padding-right:2rem\"><span class=\"comment linenumber react-syntax-highlighter-line-number\" style=\"display:inline-block;min-width:3.25em;padding-right:16px;text-align:right;user-select:none;margin-left:16px;background-color:#252f3f;color:#8B9394\">13</span><span>    </span><span style=\"color:#7edcda\">address:</span><span> </span><span style=\"color:#c0e2a3;font-weight:500\">/pong</span><span>\n</span></span><span style=\"padding-right:2rem\"><span class=\"comment linenumber react-syntax-highlighter-line-number\" style=\"display:inline-block;min-width:3.25em;padding-right:16px;text-align:right;user-select:none;margin-left:16px;background-color:#252f3f;color:#8B9394\">14</span><span>    </span><span style=\"color:#7edcda\">messages:</span><span>\n</span></span><span style=\"padding-right:2rem\"><span class=\"comment linenumber react-syntax-highlighter-line-number\" style=\"display:inline-block;min-width:3.25em;padding-right:16px;text-align:right;user-select:none;margin-left:16px;background-color:#252f3f;color:#8B9394\">15</span><span>      </span><span style=\"color:#7edcda\">pong:</span><span>\n</span></span><span style=\"padding-right:2rem\"><span class=\"comment linenumber react-syntax-highlighter-line-number\" style=\"display:inline-block;min-width:3.25em;padding-right:16px;text-align:right;user-select:none;margin-left:16px;background-color:#252f3f;color:#8B9394\">16</span><span>        </span><span style=\"color:#c0e2a3;font-weight:500\">$ref:</span><span> </span><span style=\"color:#c0e2a3;font-weight:500\">'#/components/messages/pong'</span><span>\n</span></span><span style=\"padding-right:2rem\"><span class=\"comment linenumber react-syntax-highlighter-line-number\" style=\"display:inline-block;min-width:3.25em;padding-right:16px;text-align:right;user-select:none;margin-left:16px;background-color:#252f3f;color:#8B9394\">17</span><span></span><span style=\"color:#7edcda\">operations:</span><span>\n</span></span><span style=\"padding-right:2rem;display:block;width:100%;background-color:#3e4d64\"><span class=\"comment linenumber react-syntax-highlighter-line-number\" style=\"display:inline-block;min-width:3.25em;padding-right:16px;text-align:right;user-select:none;margin-left:16px;background-color:#3e4d64;color:#A3ACAD\">18</span><span>  </span><span style=\"color:#7edcda\">pingRequest:</span><span>\n</span></span><span style=\"padding-right:2rem;display:block;width:100%;background-color:#3e4d64\"><span class=\"comment linenumber react-syntax-highlighter-line-number\" style=\"display:inline-block;min-width:3.25em;padding-right:16px;text-align:right;user-select:none;margin-left:16px;background-color:#3e4d64;color:#A3ACAD\">19</span><span>    </span><span style=\"color:#7edcda\">action:</span><span> </span><span style=\"color:#c0e2a3;font-weight:500\">send</span><span>\n</span></span><span style=\"padding-right:2rem;display:block;width:100%;background-color:#3e4d64\"><span class=\"comment linenumber react-syntax-highlighter-line-number\" style=\"display:inline-block;min-width:3.25em;padding-right:16px;text-align:right;user-select:none;margin-left:16px;background-color:#3e4d64;color:#A3ACAD\">20</span><span>    </span><span style=\"color:#7edcda\">channel:</span><span> \n</span></span><span style=\"padding-right:2rem;display:block;width:100%;background-color:#3e4d64\"><span class=\"comment linenumber react-syntax-highlighter-line-number\" style=\"display:inline-block;min-width:3.25em;padding-right:16px;text-align:right;user-select:none;margin-left:16px;background-color:#3e4d64;color:#A3ACAD\">21</span><span>      </span><span style=\"color:#c0e2a3;font-weight:500\">$ref:</span><span> </span><span style=\"color:#c0e2a3;font-weight:500\">'#/channels/ping'</span><span>\n</span></span><span style=\"padding-right:2rem;display:block;width:100%;background-color:#3e4d64\"><span class=\"comment linenumber react-syntax-highlighter-line-number\" style=\"display:inline-block;min-width:3.25em;padding-right:16px;text-align:right;user-select:none;margin-left:16px;background-color:#3e4d64;color:#A3ACAD\">22</span><span>    </span><span style=\"color:#7edcda\">reply:</span><span>\n</span></span><span style=\"padding-right:2rem;display:block;width:100%;background-color:#3e4d64\"><span class=\"comment linenumber react-syntax-highlighter-line-number\" style=\"display:inline-block;min-width:3.25em;padding-right:16px;text-align:right;user-select:none;margin-left:16px;background-color:#3e4d64;color:#A3ACAD\">23</span><span>      </span><span style=\"color:#7edcda\">channel:</span><span> \n</span></span><span style=\"padding-right:2rem;display:block;width:100%;background-color:#3e4d64\"><span class=\"comment linenumber react-syntax-highlighter-line-number\" style=\"display:inline-block;min-width:3.25em;padding-right:16px;text-align:right;user-select:none;margin-left:16px;background-color:#3e4d64;color:#A3ACAD\">24</span><span>        </span><span style=\"color:#c0e2a3;font-weight:500\">$ref:</span><span> </span><span style=\"color:#c0e2a3;font-weight:500\">'#/channels/pong'</span><span>\n</span></span><span style=\"padding-right:2rem\"><span class=\"comment linenumber react-syntax-highlighter-line-number\" style=\"display:inline-block;min-width:3.25em;padding-right:16px;text-align:right;user-select:none;margin-left:16px;background-color:#252f3f;color:#8B9394\">25</span><span></span><span style=\"color:#7edcda\">components:</span><span> \n</span></span><span style=\"padding-right:2rem\"><span class=\"comment linenumber react-syntax-highlighter-line-number\" style=\"display:inline-block;min-width:3.25em;padding-right:16px;text-align:right;user-select:none;margin-left:16px;background-color:#252f3f;color:#8B9394\">26</span><span>  </span><span style=\"color:#7edcda\">messages:</span><span> \n</span></span><span style=\"padding-right:2rem\"><span class=\"comment linenumber react-syntax-highlighter-line-number\" style=\"display:inline-block;min-width:3.25em;padding-right:16px;text-align:right;user-select:none;margin-left:16px;background-color:#252f3f;color:#8B9394\">27</span><span>    </span><span style=\"color:#7edcda\">ping:</span><span>\n</span></span><span style=\"padding-right:2rem\"><span class=\"comment linenumber react-syntax-highlighter-line-number\" style=\"display:inline-block;min-width:3.25em;padding-right:16px;text-align:right;user-select:none;margin-left:16px;background-color:#252f3f;color:#8B9394\">28</span><span>      </span><span style=\"color:#7edcda\">payload:</span><span>\n</span></span><span style=\"padding-right:2rem\"><span class=\"comment linenumber react-syntax-highlighter-line-number\" style=\"display:inline-block;min-width:3.25em;padding-right:16px;text-align:right;user-select:none;margin-left:16px;background-color:#252f3f;color:#8B9394\">29</span><span>        </span><span style=\"color:#7edcda\">type:</span><span> </span><span style=\"color:#c0e2a3;font-weight:500\">object</span><span>\n</span></span><span style=\"padding-right:2rem\"><span class=\"comment linenumber react-syntax-highlighter-line-number\" style=\"display:inline-block;min-width:3.25em;padding-right:16px;text-align:right;user-select:none;margin-left:16px;background-color:#252f3f;color:#8B9394\">30</span><span>        </span><span style=\"color:#7edcda\">properties:</span><span>\n</span></span><span style=\"padding-right:2rem\"><span class=\"comment linenumber react-syntax-highlighter-line-number\" style=\"display:inline-block;min-width:3.25em;padding-right:16px;text-align:right;user-select:none;margin-left:16px;background-color:#252f3f;color:#8B9394\">31</span><span>          </span><span style=\"color:#7edcda\">event:</span><span>\n</span></span><span style=\"padding-right:2rem\"><span class=\"comment linenumber react-syntax-highlighter-line-number\" style=\"display:inline-block;min-width:3.25em;padding-right:16px;text-align:right;user-select:none;margin-left:16px;background-color:#252f3f;color:#8B9394\">32</span><span>            </span><span style=\"color:#7edcda\">type:</span><span> </span><span style=\"color:#c0e2a3;font-weight:500\">string</span><span>\n</span></span><span style=\"padding-right:2rem\"><span class=\"comment linenumber react-syntax-highlighter-line-number\" style=\"display:inline-block;min-width:3.25em;padding-right:16px;text-align:right;user-select:none;margin-left:16px;background-color:#252f3f;color:#8B9394\">33</span><span>            </span><span style=\"color:#7edcda\">const:</span><span> </span><span style=\"color:#c0e2a3;font-weight:500\">ping</span><span>\n</span></span><span style=\"padding-right:2rem\"><span class=\"comment linenumber react-syntax-highlighter-line-number\" style=\"display:inline-block;min-width:3.25em;padding-right:16px;text-align:right;user-select:none;margin-left:16px;background-color:#252f3f;color:#8B9394\">34</span><span>    </span><span style=\"color:#7edcda\">pong:</span><span>\n</span></span><span style=\"padding-right:2rem\"><span class=\"comment linenumber react-syntax-highlighter-line-number\" style=\"display:inline-block;min-width:3.25em;padding-right:16px;text-align:right;user-select:none;margin-left:16px;background-color:#252f3f;color:#8B9394\">35</span><span>      </span><span style=\"color:#7edcda\">payload:</span><span>\n</span></span><span style=\"padding-right:2rem\"><span class=\"comment linenumber react-syntax-highlighter-line-number\" style=\"display:inline-block;min-width:3.25em;padding-right:16px;text-align:right;user-select:none;margin-left:16px;background-color:#252f3f;color:#8B9394\">36</span><span>        </span><span style=\"color:#7edcda\">type:</span><span> </span><span style=\"color:#c0e2a3;font-weight:500\">object</span><span>\n</span></span><span style=\"padding-right:2rem\"><span class=\"comment linenumber react-syntax-highlighter-line-number\" style=\"display:inline-block;min-width:3.25em;padding-right:16px;text-align:right;user-select:none;margin-left:16px;background-color:#252f3f;color:#8B9394\">37</span><span>        </span><span style=\"color:#7edcda\">properties:</span><span>\n</span></span><span style=\"padding-right:2rem\"><span class=\"comment linenumber react-syntax-highlighter-line-number\" style=\"display:inline-block;min-width:3.25em;padding-right:16px;text-align:right;user-select:none;margin-left:16px;background-color:#252f3f;color:#8B9394\">38</span><span>          </span><span style=\"color:#7edcda\">event:</span><span>\n</span></span><span style=\"padding-right:2rem\"><span class=\"comment linenumber react-syntax-highlighter-line-number\" style=\"display:inline-block;min-width:3.25em;padding-right:16px;text-align:right;user-select:none;margin-left:16px;background-color:#252f3f;color:#8B9394\">39</span><span>            </span><span style=\"color:#7edcda\">type:</span><span> </span><span style=\"color:#c0e2a3;font-weight:500\">string</span><span>\n</span></span><span style=\"padding-right:2rem\"><span class=\"comment linenumber react-syntax-highlighter-line-number\" style=\"display:inline-block;min-width:3.25em;padding-right:16px;text-align:right;user-select:none;margin-left:16px;background-color:#252f3f;color:#8B9394\">40</span><span>            </span><span style=\"color:#7edcda\">const:</span><span> </span><span style=\"color:#c0e2a3;font-weight:500\">pong</span></span></code>",
        "language": "unknown",
        "context": ""
      },
      {
        "id": "code_1",
        "content": "1asyncapi: 3.0.0\n2info:\n3  title: Ping/pong example with reply specified as dynamic information provided in the runtime\n4  version: 1.0.0\n5  description: Example document for an application that processes ping requests and replies to the address dynamically specified by the requestor in the message header\n6channels:\n7  ping:\n8    address: /ping\n9    messages:\n10      ping:\n11        $ref: '#/components/messages/ping'\n12  pong:\n13    address: null\n14    messages:\n15      pong:\n16        $ref: '#/components/messages/pong'\n17operations:\n18  pingRequest:\n19    action: receive\n20    channel: \n21      $ref: '#/channels/ping'\n22    reply:\n23      address:\n24        description: Reply is sent to topic specified in 'replyTo' property in the message header\n25        location: \"$message.header#/replyTo\"\n26      channel: \n27        $ref: '#/channels/pong'\n28components:\n29  messages:\n30    ping:\n31      headers:\n32        type: object\n33        properties:\n34          replyTo:\n35            type: string\n36            description: Provide path to which reply must be provided\n37          requestId:\n38            type: string\n39            format: uuid\n40            description: Provide request id that you will use to identify the reply match\n41      payload:\n42        type: object\n43        properties:\n44          event:\n45            type: string\n46            const: ping\n47      correlationId:\n48        $ref: \"#/components/correlationIds/pingCorrelationId\"\n49    pong:\n50      headers:\n51        type: object\n52        properties:\n53          requestId:\n54            type: string\n55            format: uuid\n56            description: Reply message must contain id of the request message\n57      payload:\n58        type: object\n59        properties:\n60          event:\n61            type: string\n62            const: pong\n63      correlationId:\n64        $ref: \"#/components/correlationIds/pingCorrelationId\"\n65  correlationIds:\n66    pingCorrelationId:\n67      location: '$message.header#/requestId'",
        "rawHtml": "<code class=\"mr-8\" style=\"white-space:pre\"><span style=\"padding-right:2rem\"><span class=\"comment linenumber react-syntax-highlighter-line-number\" style=\"display:inline-block;min-width:3.25em;padding-right:16px;text-align:right;user-select:none;margin-left:16px;background-color:#252f3f;color:#8B9394\">1</span><span style=\"color:#7edcda\">asyncapi:</span><span> </span><span style=\"color:#d8da68\">3.0</span><span style=\"color:#d8da68\">.0</span><span>\n</span></span><span style=\"padding-right:2rem\"><span class=\"comment linenumber react-syntax-highlighter-line-number\" style=\"display:inline-block;min-width:3.25em;padding-right:16px;text-align:right;user-select:none;margin-left:16px;background-color:#252f3f;color:#8B9394\">2</span><span></span><span style=\"color:#7edcda\">info:</span><span>\n</span></span><span style=\"padding-right:2rem\"><span class=\"comment linenumber react-syntax-highlighter-line-number\" style=\"display:inline-block;min-width:3.25em;padding-right:16px;text-align:right;user-select:none;margin-left:16px;background-color:#252f3f;color:#8B9394\">3</span><span>  </span><span style=\"color:#7edcda\">title:</span><span> </span><span style=\"color:#c0e2a3;font-weight:500\">Ping/pong</span><span> </span><span style=\"color:#c0e2a3;font-weight:500\">example</span><span> </span><span style=\"color:#c0e2a3;font-weight:500\">with</span><span> </span><span style=\"color:#c0e2a3;font-weight:500\">reply</span><span> </span><span style=\"color:#c0e2a3;font-weight:500\">specified</span><span> </span><span style=\"color:#c0e2a3;font-weight:500\">as</span><span> </span><span style=\"color:#c0e2a3;font-weight:500\">dynamic</span><span> </span><span style=\"color:#c0e2a3;font-weight:500\">information</span><span> </span><span style=\"color:#c0e2a3;font-weight:500\">provided</span><span> </span><span style=\"color:#c0e2a3;font-weight:500\">in</span><span> </span><span style=\"color:#c0e2a3;font-weight:500\">the</span><span> </span><span style=\"color:#c0e2a3;font-weight:500\">runtime</span><span>\n</span></span><span style=\"padding-right:2rem\"><span class=\"comment linenumber react-syntax-highlighter-line-number\" style=\"display:inline-block;min-width:3.25em;padding-right:16px;text-align:right;user-select:none;margin-left:16px;background-color:#252f3f;color:#8B9394\">4</span><span>  </span><span style=\"color:#7edcda\">version:</span><span> </span><span style=\"color:#d8da68\">1.0</span><span style=\"color:#d8da68\">.0</span><span>\n</span></span><span style=\"padding-right:2rem\"><span class=\"comment linenumber react-syntax-highlighter-line-number\" style=\"display:inline-block;min-width:3.25em;padding-right:16px;text-align:right;user-select:none;margin-left:16px;background-color:#252f3f;color:#8B9394\">5</span><span>  </span><span style=\"color:#7edcda\">description:</span><span> </span><span style=\"color:#c0e2a3;font-weight:500\">Example</span><span> </span><span style=\"color:#c0e2a3;font-weight:500\">document</span><span> </span><span style=\"color:#c0e2a3;font-weight:500\">for</span><span> </span><span style=\"color:#c0e2a3;font-weight:500\">an</span><span> </span><span style=\"color:#c0e2a3;font-weight:500\">application</span><span> </span><span style=\"color:#c0e2a3;font-weight:500\">that</span><span> </span><span style=\"color:#c0e2a3;font-weight:500\">processes</span><span> </span><span style=\"color:#c0e2a3;font-weight:500\">ping</span><span> </span><span style=\"color:#c0e2a3;font-weight:500\">requests</span><span> </span><span style=\"color:#c0e2a3;font-weight:500\">and</span><span> </span><span style=\"color:#c0e2a3;font-weight:500\">replies</span><span> </span><span style=\"color:#c0e2a3;font-weight:500\">to</span><span> </span><span style=\"color:#c0e2a3;font-weight:500\">the</span><span> </span><span style=\"color:#c0e2a3;font-weight:500\">address</span><span> </span><span style=\"color:#c0e2a3;font-weight:500\">dynamically</span><span> </span><span style=\"color:#c0e2a3;font-weight:500\">specified</span><span> </span><span style=\"color:#c0e2a3;font-weight:500\">by</span><span> </span><span style=\"color:#c0e2a3;font-weight:500\">the</span><span> </span><span style=\"color:#c0e2a3;font-weight:500\">requestor</span><span> </span><span style=\"color:#c0e2a3;font-weight:500\">in</span><span> </span><span style=\"color:#c0e2a3;font-weight:500\">the</span><span> </span><span style=\"color:#c0e2a3;font-weight:500\">message</span><span> </span><span style=\"color:#c0e2a3;font-weight:500\">header</span><span>\n</span></span><span style=\"padding-right:2rem\"><span class=\"comment linenumber react-syntax-highlighter-line-number\" style=\"display:inline-block;min-width:3.25em;padding-right:16px;text-align:right;user-select:none;margin-left:16px;background-color:#252f3f;color:#8B9394\">6</span><span></span><span style=\"color:#7edcda\">channels:</span><span>\n</span></span><span style=\"padding-right:2rem\"><span class=\"comment linenumber react-syntax-highlighter-line-number\" style=\"display:inline-block;min-width:3.25em;padding-right:16px;text-align:right;user-select:none;margin-left:16px;background-color:#252f3f;color:#8B9394\">7</span><span>  </span><span style=\"color:#7edcda\">ping:</span><span>\n</span></span><span style=\"padding-right:2rem\"><span class=\"comment linenumber react-syntax-highlighter-line-number\" style=\"display:inline-block;min-width:3.25em;padding-right:16px;text-align:right;user-select:none;margin-left:16px;background-color:#252f3f;color:#8B9394\">8</span><span>    </span><span style=\"color:#7edcda\">address:</span><span> </span><span style=\"color:#c0e2a3;font-weight:500\">/ping</span><span>\n</span></span><span style=\"padding-right:2rem\"><span class=\"comment linenumber react-syntax-highlighter-line-number\" style=\"display:inline-block;min-width:3.25em;padding-right:16px;text-align:right;user-select:none;margin-left:16px;background-color:#252f3f;color:#8B9394\">9</span><span>    </span><span style=\"color:#7edcda\">messages:</span><span>\n</span></span><span style=\"padding-right:2rem\"><span class=\"comment linenumber react-syntax-highlighter-line-number\" style=\"display:inline-block;min-width:3.25em;padding-right:16px;text-align:right;user-select:none;margin-left:16px;background-color:#252f3f;color:#8B9394\">10</span><span>      </span><span style=\"color:#7edcda\">ping:</span><span>\n</span></span><span style=\"padding-right:2rem\"><span class=\"comment linenumber react-syntax-highlighter-line-number\" style=\"display:inline-block;min-width:3.25em;padding-right:16px;text-align:right;user-select:none;margin-left:16px;background-color:#252f3f;color:#8B9394\">11</span><span>        </span><span style=\"color:#c0e2a3;font-weight:500\">$ref:</span><span> </span><span style=\"color:#c0e2a3;font-weight:500\">'#/components/messages/ping'</span><span>\n</span></span><span style=\"padding-right:2rem\"><span class=\"comment linenumber react-syntax-highlighter-line-number\" style=\"display:inline-block;min-width:3.25em;padding-right:16px;text-align:right;user-select:none;margin-left:16px;background-color:#252f3f;color:#8B9394\">12</span><span>  </span><span style=\"color:#7edcda\">pong:</span><span>\n</span></span><span style=\"padding-right:2rem;display:block;width:100%;background-color:#3e4d64\"><span class=\"comment linenumber react-syntax-highlighter-line-number\" style=\"display:inline-block;min-width:3.25em;padding-right:16px;text-align:right;user-select:none;margin-left:16px;background-color:#3e4d64;color:#A3ACAD\">13</span><span>    </span><span style=\"color:#7edcda\">address:</span><span> </span><span style=\"color:#64a0dc\">null</span><span>\n</span></span><span style=\"padding-right:2rem;display:block;width:100%;background-color:#3e4d64\"><span class=\"comment linenumber react-syntax-highlighter-line-number\" style=\"display:inline-block;min-width:3.25em;padding-right:16px;text-align:right;user-select:none;margin-left:16px;background-color:#3e4d64;color:#A3ACAD\">14</span><span>    </span><span style=\"color:#7edcda\">messages:</span><span>\n</span></span><span style=\"padding-right:2rem;display:block;width:100%;background-color:#3e4d64\"><span class=\"comment linenumber react-syntax-highlighter-line-number\" style=\"display:inline-block;min-width:3.25em;padding-right:16px;text-align:right;user-select:none;margin-left:16px;background-color:#3e4d64;color:#A3ACAD\">15</span><span>      </span><span style=\"color:#7edcda\">pong:</span><span>\n</span></span><span style=\"padding-right:2rem;display:block;width:100%;background-color:#3e4d64\"><span class=\"comment linenumber react-syntax-highlighter-line-number\" style=\"display:inline-block;min-width:3.25em;padding-right:16px;text-align:right;user-select:none;margin-left:16px;background-color:#3e4d64;color:#A3ACAD\">16</span><span>        </span><span style=\"color:#c0e2a3;font-weight:500\">$ref:</span><span> </span><span style=\"color:#c0e2a3;font-weight:500\">'#/components/messages/pong'</span><span>\n</span></span><span style=\"padding-right:2rem\"><span class=\"comment linenumber react-syntax-highlighter-line-number\" style=\"display:inline-block;min-width:3.25em;padding-right:16px;text-align:right;user-select:none;margin-left:16px;background-color:#252f3f;color:#8B9394\">17</span><span></span><span style=\"color:#7edcda\">operations:</span><span>\n</span></span><span style=\"padding-right:2rem\"><span class=\"comment linenumber react-syntax-highlighter-line-number\" style=\"display:inline-block;min-width:3.25em;padding-right:16px;text-align:right;user-select:none;margin-left:16px;background-color:#252f3f;color:#8B9394\">18</span><span>  </span><span style=\"color:#7edcda\">pingRequest:</span><span>\n</span></span><span style=\"padding-right:2rem\"><span class=\"comment linenumber react-syntax-highlighter-line-number\" style=\"display:inline-block;min-width:3.25em;padding-right:16px;text-align:right;user-select:none;margin-left:16px;background-color:#252f3f;color:#8B9394\">19</span><span>    </span><span style=\"color:#7edcda\">action:</span><span> </span><span style=\"color:#c0e2a3;font-weight:500\">receive</span><span>\n</span></span><span style=\"padding-right:2rem\"><span class=\"comment linenumber react-syntax-highlighter-line-number\" style=\"display:inline-block;min-width:3.25em;padding-right:16px;text-align:right;user-select:none;margin-left:16px;background-color:#252f3f;color:#8B9394\">20</span><span>    </span><span style=\"color:#7edcda\">channel:</span><span> \n</span></span><span style=\"padding-right:2rem\"><span class=\"comment linenumber react-syntax-highlighter-line-number\" style=\"display:inline-block;min-width:3.25em;padding-right:16px;text-align:right;user-select:none;margin-left:16px;background-color:#252f3f;color:#8B9394\">21</span><span>      </span><span style=\"color:#c0e2a3;font-weight:500\">$ref:</span><span> </span><span style=\"color:#c0e2a3;font-weight:500\">'#/channels/ping'</span><span>\n</span></span><span style=\"padding-right:2rem;display:block;width:100%;background-color:#3e4d64\"><span class=\"comment linenumber react-syntax-highlighter-line-number\" style=\"display:inline-block;min-width:3.25em;padding-right:16px;text-align:right;user-select:none;margin-left:16px;background-color:#3e4d64;color:#A3ACAD\">22</span><span>    </span><span style=\"color:#7edcda\">reply:</span><span>\n</span></span><span style=\"padding-right:2rem;display:block;width:100%;background-color:#3e4d64\"><span class=\"comment linenumber react-syntax-highlighter-line-number\" style=\"display:inline-block;min-width:3.25em;padding-right:16px;text-align:right;user-select:none;margin-left:16px;background-color:#3e4d64;color:#A3ACAD\">23</span><span>      </span><span style=\"color:#7edcda\">address:</span><span>\n</span></span><span style=\"padding-right:2rem;display:block;width:100%;background-color:#3e4d64\"><span class=\"comment linenumber react-syntax-highlighter-line-number\" style=\"display:inline-block;min-width:3.25em;padding-right:16px;text-align:right;user-select:none;margin-left:16px;background-color:#3e4d64;color:#A3ACAD\">24</span><span>        </span><span style=\"color:#7edcda\">description:</span><span> </span><span style=\"color:#c0e2a3;font-weight:500\">Reply</span><span> </span><span style=\"color:#c0e2a3;font-weight:500\">is</span><span> </span><span style=\"color:#c0e2a3;font-weight:500\">sent</span><span> </span><span style=\"color:#c0e2a3;font-weight:500\">to</span><span> </span><span style=\"color:#c0e2a3;font-weight:500\">topic</span><span> </span><span style=\"color:#c0e2a3;font-weight:500\">specified</span><span> </span><span style=\"color:#c0e2a3;font-weight:500\">in</span><span> </span><span style=\"color:#c0e2a3;font-weight:500\">'replyTo'</span><span> </span><span style=\"color:#c0e2a3;font-weight:500\">property</span><span> </span><span style=\"color:#c0e2a3;font-weight:500\">in</span><span> </span><span style=\"color:#c0e2a3;font-weight:500\">the</span><span> </span><span style=\"color:#c0e2a3;font-weight:500\">message</span><span> </span><span style=\"color:#c0e2a3;font-weight:500\">header</span><span>\n</span></span><span style=\"padding-right:2rem;display:block;width:100%;background-color:#3e4d64\"><span class=\"comment linenumber react-syntax-highlighter-line-number\" style=\"display:inline-block;min-width:3.25em;padding-right:16px;text-align:right;user-select:none;margin-left:16px;background-color:#3e4d64;color:#A3ACAD\">25</span><span>        </span><span style=\"color:#7edcda\">location:</span><span> </span><span style=\"color:#c0e2a3;font-weight:500\">\"$message.header#/replyTo\"</span><span>\n</span></span><span style=\"padding-right:2rem;display:block;width:100%;background-color:#3e4d64\"><span class=\"comment linenumber react-syntax-highlighter-line-number\" style=\"display:inline-block;min-width:3.25em;padding-right:16px;text-align:right;user-select:none;margin-left:16px;background-color:#3e4d64;color:#A3ACAD\">26</span><span>      </span><span style=\"color:#7edcda\">channel:</span><span> \n</span></span><span style=\"padding-right:2rem;display:block;width:100%;background-color:#3e4d64\"><span class=\"comment linenumber react-syntax-highlighter-line-number\" style=\"display:inline-block;min-width:3.25em;padding-right:16px;text-align:right;user-select:none;margin-left:16px;background-color:#3e4d64;color:#A3ACAD\">27</span><span>        </span><span style=\"color:#c0e2a3;font-weight:500\">$ref:</span><span> </span><span style=\"color:#c0e2a3;font-weight:500\">'#/channels/pong'</span><span>\n</span></span><span style=\"padding-right:2rem\"><span class=\"comment linenumber react-syntax-highlighter-line-number\" style=\"display:inline-block;min-width:3.25em;padding-right:16px;text-align:right;user-select:none;margin-left:16px;background-color:#252f3f;color:#8B9394\">28</span><span></span><span style=\"color:#7edcda\">components:</span><span>\n</span></span><span style=\"padding-right:2rem\"><span class=\"comment linenumber react-syntax-highlighter-line-number\" style=\"display:inline-block;min-width:3.25em;padding-right:16px;text-align:right;user-select:none;margin-left:16px;background-color:#252f3f;color:#8B9394\">29</span><span>  </span><span style=\"color:#7edcda\">messages:</span><span>\n</span></span><span style=\"padding-right:2rem;display:block;width:100%;background-color:#3e4d64\"><span class=\"comment linenumber react-syntax-highlighter-line-number\" style=\"display:inline-block;min-width:3.25em;padding-right:16px;text-align:right;user-select:none;margin-left:16px;background-color:#3e4d64;color:#A3ACAD\">30</span><span>    </span><span style=\"color:#7edcda\">ping:</span><span>\n</span></span><span style=\"padding-right:2rem;display:block;width:100%;background-color:#3e4d64\"><span class=\"comment linenumber react-syntax-highlighter-line-number\" style=\"display:inline-block;min-width:3.25em;padding-right:16px;text-align:right;user-select:none;margin-left:16px;background-color:#3e4d64;color:#A3ACAD\">31</span><span>      </span><span style=\"color:#7edcda\">headers:</span><span>\n</span></span><span style=\"padding-right:2rem;display:block;width:100%;background-color:#3e4d64\"><span class=\"comment linenumber react-syntax-highlighter-line-number\" style=\"display:inline-block;min-width:3.25em;padding-right:16px;text-align:right;user-select:none;margin-left:16px;background-color:#3e4d64;color:#A3ACAD\">32</span><span>        </span><span style=\"color:#7edcda\">type:</span><span> </span><span style=\"color:#c0e2a3;font-weight:500\">object</span><span>\n</span></span><span style=\"padding-right:2rem;display:block;width:100%;background-color:#3e4d64\"><span class=\"comment linenumber react-syntax-highlighter-line-number\" style=\"display:inline-block;min-width:3.25em;padding-right:16px;text-align:right;user-select:none;margin-left:16px;background-color:#3e4d64;color:#A3ACAD\">33</span><span>        </span><span style=\"color:#7edcda\">properties:</span><span>\n</span></span><span style=\"padding-right:2rem;display:block;width:100%;background-color:#3e4d64\"><span class=\"comment linenumber react-syntax-highlighter-line-number\" style=\"display:inline-block;min-width:3.25em;padding-right:16px;text-align:right;user-select:none;margin-left:16px;background-color:#3e4d64;color:#A3ACAD\">34</span><span>          </span><span style=\"color:#7edcda\">replyTo:</span><span>\n</span></span><span style=\"padding-right:2rem;display:block;width:100%;background-color:#3e4d64\"><span class=\"comment linenumber react-syntax-highlighter-line-number\" style=\"display:inline-block;min-width:3.25em;padding-right:16px;text-align:right;user-select:none;margin-left:16px;background-color:#3e4d64;color:#A3ACAD\">35</span><span>            </span><span style=\"color:#7edcda\">type:</span><span> </span><span style=\"color:#c0e2a3;font-weight:500\">string</span><span>\n</span></span><span style=\"padding-right:2rem\"><span class=\"comment linenumber react-syntax-highlighter-line-number\" style=\"display:inline-block;min-width:3.25em;padding-right:16px;text-align:right;user-select:none;margin-left:16px;background-color:#252f3f;color:#8B9394\">36</span><span>            </span><span style=\"color:#7edcda\">description:</span><span> </span><span style=\"color:#c0e2a3;font-weight:500\">Provide</span><span> </span><span style=\"color:#c0e2a3;font-weight:500\">path</span><span> </span><span style=\"color:#c0e2a3;font-weight:500\">to</span><span> </span><span style=\"color:#c0e2a3;font-weight:500\">which</span><span> </span><span style=\"color:#c0e2a3;font-weight:500\">reply</span><span> </span><span style=\"color:#c0e2a3;font-weight:500\">must</span><span> </span><span style=\"color:#c0e2a3;font-weight:500\">be</span><span> </span><span style=\"color:#c0e2a3;font-weight:500\">provided</span><span>\n</span></span><span style=\"padding-right:2rem\"><span class=\"comment linenumber react-syntax-highlighter-line-number\" style=\"display:inline-block;min-width:3.25em;padding-right:16px;text-align:right;user-select:none;margin-left:16px;background-color:#252f3f;color:#8B9394\">37</span><span>          </span><span style=\"color:#7edcda\">requestId:</span><span>\n</span></span><span style=\"padding-right:2rem\"><span class=\"comment linenumber react-syntax-highlighter-line-number\" style=\"display:inline-block;min-width:3.25em;padding-right:16px;text-align:right;user-select:none;margin-left:16px;background-color:#252f3f;color:#8B9394\">38</span><span>            </span><span style=\"color:#7edcda\">type:</span><span> </span><span style=\"color:#c0e2a3;font-weight:500\">string</span><span>\n</span></span><span style=\"padding-right:2rem\"><span class=\"comment linenumber react-syntax-highlighter-line-number\" style=\"display:inline-block;min-width:3.25em;padding-right:16px;text-align:right;user-select:none;margin-left:16px;background-color:#252f3f;color:#8B9394\">39</span><span>            </span><span style=\"color:#7edcda\">format:</span><span> </span><span style=\"color:#c0e2a3;font-weight:500\">uuid</span><span>\n</span></span><span style=\"padding-right:2rem\"><span class=\"comment linenumber react-syntax-highlighter-line-number\" style=\"display:inline-block;min-width:3.25em;padding-right:16px;text-align:right;user-select:none;margin-left:16px;background-color:#252f3f;color:#8B9394\">40</span><span>            </span><span style=\"color:#7edcda\">description:</span><span> </span><span style=\"color:#c0e2a3;font-weight:500\">Provide</span><span> </span><span style=\"color:#c0e2a3;font-weight:500\">request</span><span> </span><span style=\"color:#c0e2a3;font-weight:500\">id</span><span> </span><span style=\"color:#c0e2a3;font-weight:500\">that</span><span> </span><span style=\"color:#c0e2a3;font-weight:500\">you</span><span> </span><span style=\"color:#c0e2a3;font-weight:500\">will</span><span> </span><span style=\"color:#c0e2a3;font-weight:500\">use</span><span> </span><span style=\"color:#c0e2a3;font-weight:500\">to</span><span> </span><span style=\"color:#c0e2a3;font-weight:500\">identify</span><span> </span><span style=\"color:#c0e2a3;font-weight:500\">the</span><span> </span><span style=\"color:#c0e2a3;font-weight:500\">reply</span><span> </span><span style=\"color:#c0e2a3;font-weight:500\">match</span><span>\n</span></span><span style=\"padding-right:2rem\"><span class=\"comment linenumber react-syntax-highlighter-line-number\" style=\"display:inline-block;min-width:3.25em;padding-right:16px;text-align:right;user-select:none;margin-left:16px;background-color:#252f3f;color:#8B9394\">41</span><span>      </span><span style=\"color:#7edcda\">payload:</span><span>\n</span></span><span style=\"padding-right:2rem\"><span class=\"comment linenumber react-syntax-highlighter-line-number\" style=\"display:inline-block;min-width:3.25em;padding-right:16px;text-align:right;user-select:none;margin-left:16px;background-color:#252f3f;color:#8B9394\">42</span><span>        </span><span style=\"color:#7edcda\">type:</span><span> </span><span style=\"color:#c0e2a3;font-weight:500\">object</span><span>\n</span></span><span style=\"padding-right:2rem\"><span class=\"comment linenumber react-syntax-highlighter-line-number\" style=\"display:inline-block;min-width:3.25em;padding-right:16px;text-align:right;user-select:none;margin-left:16px;background-color:#252f3f;color:#8B9394\">43</span><span>        </span><span style=\"color:#7edcda\">properties:</span><span>\n</span></span><span style=\"padding-right:2rem\"><span class=\"comment linenumber react-syntax-highlighter-line-number\" style=\"display:inline-block;min-width:3.25em;padding-right:16px;text-align:right;user-select:none;margin-left:16px;background-color:#252f3f;color:#8B9394\">44</span><span>          </span><span style=\"color:#7edcda\">event:</span><span>\n</span></span><span style=\"padding-right:2rem\"><span class=\"comment linenumber react-syntax-highlighter-line-number\" style=\"display:inline-block;min-width:3.25em;padding-right:16px;text-align:right;user-select:none;margin-left:16px;background-color:#252f3f;color:#8B9394\">45</span><span>            </span><span style=\"color:#7edcda\">type:</span><span> </span><span style=\"color:#c0e2a3;font-weight:500\">string</span><span>\n</span></span><span style=\"padding-right:2rem\"><span class=\"comment linenumber react-syntax-highlighter-line-number\" style=\"display:inline-block;min-width:3.25em;padding-right:16px;text-align:right;user-select:none;margin-left:16px;background-color:#252f3f;color:#8B9394\">46</span><span>            </span><span style=\"color:#7edcda\">const:</span><span> </span><span style=\"color:#c0e2a3;font-weight:500\">ping</span><span>\n</span></span><span style=\"padding-right:2rem\"><span class=\"comment linenumber react-syntax-highlighter-line-number\" style=\"display:inline-block;min-width:3.25em;padding-right:16px;text-align:right;user-select:none;margin-left:16px;background-color:#252f3f;color:#8B9394\">47</span><span>      </span><span style=\"color:#7edcda\">correlationId:</span><span>\n</span></span><span style=\"padding-right:2rem\"><span class=\"comment linenumber react-syntax-highlighter-line-number\" style=\"display:inline-block;min-width:3.25em;padding-right:16px;text-align:right;user-select:none;margin-left:16px;background-color:#252f3f;color:#8B9394\">48</span><span>        </span><span style=\"color:#c0e2a3;font-weight:500\">$ref:</span><span> </span><span style=\"color:#c0e2a3;font-weight:500\">\"#/components/correlationIds/pingCorrelationId\"</span><span>\n</span></span><span style=\"padding-right:2rem\"><span class=\"comment linenumber react-syntax-highlighter-line-number\" style=\"display:inline-block;min-width:3.25em;padding-right:16px;text-align:right;user-select:none;margin-left:16px;background-color:#252f3f;color:#8B9394\">49</span><span>    </span><span style=\"color:#7edcda\">pong:</span><span>\n</span></span><span style=\"padding-right:2rem\"><span class=\"comment linenumber react-syntax-highlighter-line-number\" style=\"display:inline-block;min-width:3.25em;padding-right:16px;text-align:right;user-select:none;margin-left:16px;background-color:#252f3f;color:#8B9394\">50</span><span>      </span><span style=\"color:#7edcda\">headers:</span><span>\n</span></span><span style=\"padding-right:2rem\"><span class=\"comment linenumber react-syntax-highlighter-line-number\" style=\"display:inline-block;min-width:3.25em;padding-right:16px;text-align:right;user-select:none;margin-left:16px;background-color:#252f3f;color:#8B9394\">51</span><span>        </span><span style=\"color:#7edcda\">type:</span><span> </span><span style=\"color:#c0e2a3;font-weight:500\">object</span><span>\n</span></span><span style=\"padding-right:2rem\"><span class=\"comment linenumber react-syntax-highlighter-line-number\" style=\"display:inline-block;min-width:3.25em;padding-right:16px;text-align:right;user-select:none;margin-left:16px;background-color:#252f3f;color:#8B9394\">52</span><span>        </span><span style=\"color:#7edcda\">properties:</span><span>\n</span></span><span style=\"padding-right:2rem\"><span class=\"comment linenumber react-syntax-highlighter-line-number\" style=\"display:inline-block;min-width:3.25em;padding-right:16px;text-align:right;user-select:none;margin-left:16px;background-color:#252f3f;color:#8B9394\">53</span><span>          </span><span style=\"color:#7edcda\">requestId:</span><span>\n</span></span><span style=\"padding-right:2rem\"><span class=\"comment linenumber react-syntax-highlighter-line-number\" style=\"display:inline-block;min-width:3.25em;padding-right:16px;text-align:right;user-select:none;margin-left:16px;background-color:#252f3f;color:#8B9394\">54</span><span>            </span><span style=\"color:#7edcda\">type:</span><span> </span><span style=\"color:#c0e2a3;font-weight:500\">string</span><span>\n</span></span><span style=\"padding-right:2rem\"><span class=\"comment linenumber react-syntax-highlighter-line-number\" style=\"display:inline-block;min-width:3.25em;padding-right:16px;text-align:right;user-select:none;margin-left:16px;background-color:#252f3f;color:#8B9394\">55</span><span>            </span><span style=\"color:#7edcda\">format:</span><span> </span><span style=\"color:#c0e2a3;font-weight:500\">uuid</span><span>\n</span></span><span style=\"padding-right:2rem\"><span class=\"comment linenumber react-syntax-highlighter-line-number\" style=\"display:inline-block;min-width:3.25em;padding-right:16px;text-align:right;user-select:none;margin-left:16px;background-color:#252f3f;color:#8B9394\">56</span><span>            </span><span style=\"color:#7edcda\">description:</span><span> </span><span style=\"color:#c0e2a3;font-weight:500\">Reply</span><span> </span><span style=\"color:#c0e2a3;font-weight:500\">message</span><span> </span><span style=\"color:#c0e2a3;font-weight:500\">must</span><span> </span><span style=\"color:#c0e2a3;font-weight:500\">contain</span><span> </span><span style=\"color:#c0e2a3;font-weight:500\">id</span><span> </span><span style=\"color:#c0e2a3;font-weight:500\">of</span><span> </span><span style=\"color:#c0e2a3;font-weight:500\">the</span><span> </span><span style=\"color:#c0e2a3;font-weight:500\">request</span><span> </span><span style=\"color:#c0e2a3;font-weight:500\">message</span><span>\n</span></span><span style=\"padding-right:2rem\"><span class=\"comment linenumber react-syntax-highlighter-line-number\" style=\"display:inline-block;min-width:3.25em;padding-right:16px;text-align:right;user-select:none;margin-left:16px;background-color:#252f3f;color:#8B9394\">57</span><span>      </span><span style=\"color:#7edcda\">payload:</span><span>\n</span></span><span style=\"padding-right:2rem\"><span class=\"comment linenumber react-syntax-highlighter-line-number\" style=\"display:inline-block;min-width:3.25em;padding-right:16px;text-align:right;user-select:none;margin-left:16px;background-color:#252f3f;color:#8B9394\">58</span><span>        </span><span style=\"color:#7edcda\">type:</span><span> </span><span style=\"color:#c0e2a3;font-weight:500\">object</span><span>\n</span></span><span style=\"padding-right:2rem\"><span class=\"comment linenumber react-syntax-highlighter-line-number\" style=\"display:inline-block;min-width:3.25em;padding-right:16px;text-align:right;user-select:none;margin-left:16px;background-color:#252f3f;color:#8B9394\">59</span><span>        </span><span style=\"color:#7edcda\">properties:</span><span>\n</span></span><span style=\"padding-right:2rem\"><span class=\"comment linenumber react-syntax-highlighter-line-number\" style=\"display:inline-block;min-width:3.25em;padding-right:16px;text-align:right;user-select:none;margin-left:16px;background-color:#252f3f;color:#8B9394\">60</span><span>          </span><span style=\"color:#7edcda\">event:</span><span>\n</span></span><span style=\"padding-right:2rem\"><span class=\"comment linenumber react-syntax-highlighter-line-number\" style=\"display:inline-block;min-width:3.25em;padding-right:16px;text-align:right;user-select:none;margin-left:16px;background-color:#252f3f;color:#8B9394\">61</span><span>            </span><span style=\"color:#7edcda\">type:</span><span> </span><span style=\"color:#c0e2a3;font-weight:500\">string</span><span>\n</span></span><span style=\"padding-right:2rem\"><span class=\"comment linenumber react-syntax-highlighter-line-number\" style=\"display:inline-block;min-width:3.25em;padding-right:16px;text-align:right;user-select:none;margin-left:16px;background-color:#252f3f;color:#8B9394\">62</span><span>            </span><span style=\"color:#7edcda\">const:</span><span> </span><span style=\"color:#c0e2a3;font-weight:500\">pong</span><span>\n</span></span><span style=\"padding-right:2rem\"><span class=\"comment linenumber react-syntax-highlighter-line-number\" style=\"display:inline-block;min-width:3.25em;padding-right:16px;text-align:right;user-select:none;margin-left:16px;background-color:#252f3f;color:#8B9394\">63</span><span>      </span><span style=\"color:#7edcda\">correlationId:</span><span>\n</span></span><span style=\"padding-right:2rem\"><span class=\"comment linenumber react-syntax-highlighter-line-number\" style=\"display:inline-block;min-width:3.25em;padding-right:16px;text-align:right;user-select:none;margin-left:16px;background-color:#252f3f;color:#8B9394\">64</span><span>        </span><span style=\"color:#c0e2a3;font-weight:500\">$ref:</span><span> </span><span style=\"color:#c0e2a3;font-weight:500\">\"#/components/correlationIds/pingCorrelationId\"</span><span>\n</span></span><span style=\"padding-right:2rem\"><span class=\"comment linenumber react-syntax-highlighter-line-number\" style=\"display:inline-block;min-width:3.25em;padding-right:16px;text-align:right;user-select:none;margin-left:16px;background-color:#252f3f;color:#8B9394\">65</span><span>  </span><span style=\"color:#7edcda\">correlationIds:</span><span>\n</span></span><span style=\"padding-right:2rem\"><span class=\"comment linenumber react-syntax-highlighter-line-number\" style=\"display:inline-block;min-width:3.25em;padding-right:16px;text-align:right;user-select:none;margin-left:16px;background-color:#252f3f;color:#8B9394\">66</span><span>    </span><span style=\"color:#7edcda\">pingCorrelationId:</span><span>\n</span></span><span style=\"padding-right:2rem\"><span class=\"comment linenumber react-syntax-highlighter-line-number\" style=\"display:inline-block;min-width:3.25em;padding-right:16px;text-align:right;user-select:none;margin-left:16px;background-color:#252f3f;color:#8B9394\">67</span><span>      </span><span style=\"color:#7edcda\">location:</span><span> </span><span style=\"color:#c0e2a3;font-weight:500\">'$message.header#/requestId'</span></span></code>",
        "language": "unknown",
        "context": ""
      }
    ],
    "tables": [],
    "highlights": [
      {
        "id": "highlight_0",
        "content": "send",
        "context": "A requester can be configured with the send operation, where it dispatches a message to the ping channel and anticipates receiving a response through the pong channel."
      },
      {
        "id": "highlight_1",
        "content": "ping",
        "context": "A requester can be configured with the send operation, where it dispatches a message to the ping channel and anticipates receiving a response through the pong channel."
      },
      {
        "id": "highlight_2",
        "content": "pong",
        "context": "A requester can be configured with the send operation, where it dispatches a message to the ping channel and anticipates receiving a response through the pong channel."
      },
      {
        "id": "highlight_3",
        "content": "Operation Reply",
        "context": "In the below example, the Operation Reply object within the pingRequest operation provides essential details, like the destination for the reply, which is the pong channel. Since the pong channel is configured with only one message, there's no need to explicitly define the reply message. Similarly, the ping channel has just one message, eliminating the need to specify the message sent in the request."
      },
      {
        "id": "highlight_4",
        "content": "pingRequest",
        "context": "In the below example, the Operation Reply object within the pingRequest operation provides essential details, like the destination for the reply, which is the pong channel. Since the pong channel is configured with only one message, there's no need to explicitly define the reply message. Similarly, the ping channel has just one message, eliminating the need to specify the message sent in the request."
      },
      {
        "id": "highlight_5",
        "content": "pong",
        "context": "In the below example, the Operation Reply object within the pingRequest operation provides essential details, like the destination for the reply, which is the pong channel. Since the pong channel is configured with only one message, there's no need to explicitly define the reply message. Similarly, the ping channel has just one message, eliminating the need to specify the message sent in the request."
      },
      {
        "id": "highlight_6",
        "content": "pong",
        "context": "In the below example, the Operation Reply object within the pingRequest operation provides essential details, like the destination for the reply, which is the pong channel. Since the pong channel is configured with only one message, there's no need to explicitly define the reply message. Similarly, the ping channel has just one message, eliminating the need to specify the message sent in the request."
      },
      {
        "id": "highlight_7",
        "content": "ping",
        "context": "In the below example, the Operation Reply object within the pingRequest operation provides essential details, like the destination for the reply, which is the pong channel. Since the pong channel is configured with only one message, there's no need to explicitly define the reply message. Similarly, the ping channel has just one message, eliminating the need to specify the message sent in the request."
      },
      {
        "id": "highlight_8",
        "content": "address",
        "context": "In scenarios where the address or reply channel is unknown at design time, the address property can either be set to null or omitted entirely. To define the reply address dynamically, the Operation Reply Address object can be used, allowing for runtime expressions. That enables the requester to specify where the replier should send the reply, detailing the address's location and its specific position within the request."
      },
      {
        "id": "highlight_9",
        "content": "null",
        "context": "In scenarios where the address or reply channel is unknown at design time, the address property can either be set to null or omitted entirely. To define the reply address dynamically, the Operation Reply Address object can be used, allowing for runtime expressions. That enables the requester to specify where the replier should send the reply, detailing the address's location and its specific position within the request."
      },
      {
        "id": "highlight_10",
        "content": "Operation Reply Address",
        "context": "In scenarios where the address or reply channel is unknown at design time, the address property can either be set to null or omitted entirely. To define the reply address dynamically, the Operation Reply Address object can be used, allowing for runtime expressions. That enables the requester to specify where the replier should send the reply, detailing the address's location and its specific position within the request."
      },
      {
        "id": "highlight_11",
        "content": "requester",
        "context": "In scenarios where the address or reply channel is unknown at design time, the address property can either be set to null or omitted entirely. To define the reply address dynamically, the Operation Reply Address object can be used, allowing for runtime expressions. That enables the requester to specify where the replier should send the reply, detailing the address's location and its specific position within the request."
      },
      {
        "id": "highlight_12",
        "content": "replier",
        "context": "In scenarios where the address or reply channel is unknown at design time, the address property can either be set to null or omitted entirely. To define the reply address dynamically, the Operation Reply Address object can be used, allowing for runtime expressions. That enables the requester to specify where the replier should send the reply, detailing the address's location and its specific position within the request."
      },
      {
        "id": "highlight_13",
        "content": "location",
        "context": "In this situation, the location property is assigned the runtime expression $message.header#/replyTo. Such an expression indicates that the address for the reply is located within the header of the request, specifically in the replyTo field. This method dynamically determines the reply address based on the content of the request header."
      },
      {
        "id": "highlight_14",
        "content": "$message.header#/replyTo",
        "context": "In this situation, the location property is assigned the runtime expression $message.header#/replyTo. Such an expression indicates that the address for the reply is located within the header of the request, specifically in the replyTo field. This method dynamically determines the reply address based on the content of the request header."
      },
      {
        "id": "highlight_15",
        "content": "replyTo",
        "context": "In this situation, the location property is assigned the runtime expression $message.header#/replyTo. Such an expression indicates that the address for the reply is located within the header of the request, specifically in the replyTo field. This method dynamically determines the reply address based on the content of the request header."
      }
    ]
  }
}