{
  "metadata": {
    "url": "https://www.asyncapi.com/docs/tutorials/kafka/configure-kafka-avro",
    "timestamp": "2025-03-12T17:50:31.200Z",
    "source": "asyncapi_docs"
  },
  "content": {
    "title": "Configure Kafka Avro",
    "hierarchy": {
      "sections": {
        "Introduction": {
          "level": 2,
          "content": "The previous tutorial on creating an AsyncAPI document for applications consuming from Kafka taught you about writing an AsyncAPI document for Kafka messages using the default schema. This tutorial will teach you to write the same document using Avro Schema.While AsyncAPI schema can be the default choice for describing payloads, many prefer using Avro Schemas to define messages in Kafka. This tutorial teaches you to modify your existing AsyncAPI schema to add Avro schema into your document in both YAML and JSON formats."
        },
        "Background context": {
          "level": 2,
          "content": "AsyncAPI is a specification for describing Event-Driven Architectures (EDAs) in a machine-readable format. AsyncAPI schema outlines the format and content specifications that enable a consistent representation of agreements for communication between services in an Event-Driven Architecture.Avro is a sophisticated tool in Apache Kafka that handles data communication efficiently. It provides a standardized method for organizing and transmitting data, ensuring that different parts of the system can understand each other effectively. With Avro, there's a common language for messages, promoting compatibility and smooth operation between various components. It's like having a shared rulebook that helps different system parts communicate and exchange information seamlessly."
        },
        "Define message payload with Avro Schema directly in AsyncAPI document": {
          "level": 2,
          "content": "Defining message schema with the default schema is already covered in the previous Kafka tutorial. The default choice was the AsyncAPI schema, a JSON Schema superset. Here's an example of what the AsyncAPI schema looks like:1messages:\n2  userSignedUp:\n3    payload:\n4      type: object\n5      properties:\n6        userId:\n7          type: integer\n8          description: This property describes the ID of the user\n9        userEmail:\n10          type: string\n11          description: This property describes the email of the userNow it's time to shift your focus to defining messages using Avro Schemas directly within your document.1messages:\n2  userSignedUp:\n3    payload:\n4      schemaFormat: 'application/vnd.apache.avro;version=1.9.0'\n5      schema:\n6        type: record\n7        name: UserSignedUp\n8        namespace: com.company\n9        doc: User sign-up information\n10        fields:\n11          - name: userId\n12            type: int\n13          - name: userEmail\n14            type: stringIn the above code snippet:\nThe userSignedUp message is defined with Avro Schema, using the specified schemaFormat and the schema.\nUse the schemaFormat to indicate that you're using Avro and specify the version of Avro Schema by using a MIME type.\nThe schema includes a record named UserSignedUp within the com.company namespace. It also describes two fields, userId and userEmail, defining their data types as int and string, respectively.\nNow let's combine the above Avro Schema with the AsyncAPI document that you created in the previous tutorial. Check out below what an AsyncAPI document fully equipped with Avro Schema looks like!1asyncapi: 3.0.0\n2info:\n3  title: User Signup API\n4  version: 1.0.0\n5  description: The API notifies you whenever a new user signs up in the application.\n6servers:\n7  kafkaServer:\n8    host: test.mykafkacluster.org:8092\n9    description: Kafka Server\n10    protocol: kafka\n11operations:\n12  onUserSignedUp:\n13    action: receive\n14    channel:\n15      $ref: '#/channels/userSignedUp'\n16channels:\n17  userSignedUp:\n18    description: This channel contains a message per each user who signs up in our application.\n19    address: user_signedup\n20    messages:\n21      userSignedUp:\n22        $ref: '#/components/messages/userSignedUp'\n23components:\n24  messages:\n25    userSignedUp:\n26      payload:\n27        schemaFormat: 'application/vnd.apache.avro;version=1.9.0'\n28        schema:\n29          type: record\n30          name: UserSignedUp\n31          namespace: com.company\n32          doc: User sign-up information\n33          fields:\n34            - name: userId\n35              type: int\n36            - name: userEmail\n37              type: string"
        },
        "Reusing existing Avro Schemas": {
          "level": 2,
          "content": "Occasionally, you might find yourself with an existing set of Avro Schemas. In such cases, instead of repeatedly defining these schemas in your AsyncAPI document, integrate them seamlessly by calling out existing files.Assume you have a file named userSchema.json that encapsulates the Avro Schema that resembles the following:1// userSchema.json\n2{\n3  \"type\": \"record\",\n4  \"name\": \"UserSignedUp\",\n5  \"namespace\": \"com.company\",\n6  \"doc\": \"User sign-up information\",\n7  \"fields\": [\n8    { \"name\": \"userId\", \"type\": \"int\" },\n9    { \"name\": \"userEmail\", \"type\": \"string\" }\n10  ]\n11}To seamlessly incorporate this existing Avro schema into your AsyncAPI document, you can use the $ref property to reference the path to the JSON file. This way, your AsyncAPI document will incorporate the Avro Schema from the external JSON file, ensuring consistency and interoperability in your Kafka ecosystem.1asyncapi: 3.0.0\n2info:\n3  title: User Signup API\n4  version: 1.0.0\n5  description: The API notifies you whenever a new user signs up in the application.\n6servers:\n7  kafkaServer:\n8    host: test.mykafkacluster.org:8092\n9    description: Kafka Server\n10    protocol: kafka\n11operations:\n12  onUserSignedUp:\n13    action: receive\n14    channel:\n15      $ref: '#/channels/userSignedUp'\n16channels:\n17  userSignedUp:\n18    description: This channel contains a message per each user who signs up in our application.\n19    address: user_signedup\n20    messages:\n21      userSignedUp:\n22        $ref: '#/components/messages/userSignedUp'\n23components:\n24  messages:\n25    userSignedUp:\n26      payload:\n27        schemaFormat: 'application/vnd.apache.avro;version=1.9.0'\n28        schema:\n29          $ref: './userSchema.json'"
        },
        "Summary": {
          "level": 2,
          "content": "In this tutorial, you smoothly updated from the default schema to utilize the capabilities of Avro Schema. The use of Avro Schema with AsyncAPI ensures improved communication in event-driven systems.  Now, you can further experiment by incorporating your business logic and experimenting with more advanced capabilities."
        },
        "Next Steps": {
          "level": 2,
          "content": "Now that you know how to write an AsyncAPI document using Avro Schemas, let's learn how to use Schema Registry with AsyncAPI."
        }
      },
      "navigation": [
        {
          "text": "Welcome",
          "href": "https://www.asyncapi.com/docs",
          "subItems": []
        },
        {
          "text": "Concepts",
          "href": "https://www.asyncapi.com/docs/concepts",
          "subItems": []
        },
        {
          "text": "Tutorials",
          "href": "https://www.asyncapi.com/docs/tutorials",
          "subItems": [
            {
              "text": "Overview",
              "href": "https://www.asyncapi.com/docs/tutorials"
            },
            {
              "text": "Getting Started",
              "href": "https://www.asyncapi.com/docs/tutorials/getting-started"
            },
            {
              "text": "Create AsyncAPI document",
              "href": "https://www.asyncapi.com/docs/tutorials/create-asyncapi-document"
            },
            {
              "text": "Generate code",
              "href": "https://www.asyncapi.com/docs/tutorials/generate-code"
            },
            {
              "text": "Validate AsyncAPI document with Studio",
              "href": "https://www.asyncapi.com/docs/tutorials/studio-document-validation"
            },
            {
              "text": "Message validation in runtime",
              "href": "https://www.asyncapi.com/docs/tutorials/message-validation"
            },
            {
              "text": "Streetlights - Interactive",
              "href": "https://www.asyncapi.com/docs/tutorials/streetlights-interactive"
            },
            {
              "text": "WebSocket",
              "href": "https://www.asyncapi.com/docs/tutorials/websocket"
            },
            {
              "text": "Kafka",
              "href": "https://www.asyncapi.com/docs/tutorials/kafka"
            },
            {
              "text": "Create AsyncAPI document for applications consuming from Kafka",
              "href": "https://www.asyncapi.com/docs/tutorials/kafka"
            },
            {
              "text": "Describe Kafka message payload using Avro Schema",
              "href": "https://www.asyncapi.com/docs/tutorials/kafka/configure-kafka-avro"
            },
            {
              "text": "Managing schemas using Schema Registry",
              "href": "https://www.asyncapi.com/docs/tutorials/kafka/managing-schemas-using-schema-registry"
            },
            {
              "text": "Kafka bindings",
              "href": "https://www.asyncapi.com/docs/tutorials/kafka/bindings-with-kafka"
            }
          ]
        },
        {
          "text": "Tools",
          "href": "https://www.asyncapi.com/docs/tools",
          "subItems": []
        },
        {
          "text": "Guides",
          "href": "https://www.asyncapi.com/docs/guides",
          "subItems": []
        },
        {
          "text": "Reference",
          "href": "https://www.asyncapi.com/docs/reference",
          "subItems": []
        },
        {
          "text": "Migrations",
          "href": "https://www.asyncapi.com/docs/migration",
          "subItems": []
        },
        {
          "text": "Community",
          "href": "https://www.asyncapi.com/docs/community",
          "subItems": []
        }
      ]
    },
    "full_text": "Introduction\nThe previous tutorial on creating an AsyncAPI document for applications consuming from Kafka taught you about writing an AsyncAPI document for Kafka messages using the default schema. This tutorial will teach you to write the same document using Avro Schema.\nWhile AsyncAPI schema can be the default choice for describing payloads, many prefer using Avro Schemas to define messages in Kafka. This tutorial teaches you to modify your existing AsyncAPI schema to add Avro schema into your document in both YAML and JSON formats.\nBackground context\nAsyncAPI is a specification for describing Event-Driven Architectures (EDAs) in a machine-readable format. AsyncAPI schema outlines the format and content specifications that enable a consistent representation of agreements for communication between services in an Event-Driven Architecture.\nAvro is a sophisticated tool in Apache Kafka that handles data communication efficiently. It provides a standardized method for organizing and transmitting data, ensuring that different parts of the system can understand each other effectively. With Avro, there's a common language for messages, promoting compatibility and smooth operation between various components. It's like having a shared rulebook that helps different system parts communicate and exchange information seamlessly.\nDefine message payload with Avro Schema directly in AsyncAPI document\nDefining message schema with the default schema is already covered in the previous Kafka tutorial. The default choice was the AsyncAPI schema, a JSON Schema superset. Here's an example of what the AsyncAPI schema looks like:\n1messages:\n2  userSignedUp:\n3    payload:\n4      type: object\n5      properties:\n6        userId:\n7          type: integer\n8          description: This property describes the ID of the user\n9        userEmail:\n10          type: string\n11          description: This property describes the email of the user\nNow it's time to shift your focus to defining messages using Avro Schemas directly within your document.\n1messages:\n2  userSignedUp:\n3    payload:\n4      schemaFormat: 'application/vnd.apache.avro;version=1.9.0'\n5      schema:\n6        type: record\n7        name: UserSignedUp\n8        namespace: com.company\n9        doc: User sign-up information\n10        fields:\n11          - name: userId\n12            type: int\n13          - name: userEmail\n14            type: string\nIn the above code snippet:\n\nThe userSignedUp message is defined with Avro Schema, using the specified schemaFormat and the schema.\nUse the schemaFormat to indicate that you're using Avro and specify the version of Avro Schema by using a MIME type.\nThe schema includes a record named UserSignedUp within the com.company namespace. It also describes two fields, userId and userEmail, defining their data types as int and string, respectively.\n\nNow let's combine the above Avro Schema with the AsyncAPI document that you created in the previous tutorial. Check out below what an AsyncAPI document fully equipped with Avro Schema looks like!\n1asyncapi: 3.0.0\n2info:\n3  title: User Signup API\n4  version: 1.0.0\n5  description: The API notifies you whenever a new user signs up in the application.\n6servers:\n7  kafkaServer:\n8    host: test.mykafkacluster.org:8092\n9    description: Kafka Server\n10    protocol: kafka\n11operations:\n12  onUserSignedUp:\n13    action: receive\n14    channel:\n15      $ref: '#/channels/userSignedUp'\n16channels:\n17  userSignedUp:\n18    description: This channel contains a message per each user who signs up in our application.\n19    address: user_signedup\n20    messages:\n21      userSignedUp:\n22        $ref: '#/components/messages/userSignedUp'\n23components:\n24  messages:\n25    userSignedUp:\n26      payload:\n27        schemaFormat: 'application/vnd.apache.avro;version=1.9.0'\n28        schema:\n29          type: record\n30          name: UserSignedUp\n31          namespace: com.company\n32          doc: User sign-up information\n33          fields:\n34            - name: userId\n35              type: int\n36            - name: userEmail\n37              type: string\nReusing existing Avro Schemas\nOccasionally, you might find yourself with an existing set of Avro Schemas. In such cases, instead of repeatedly defining these schemas in your AsyncAPI document, integrate them seamlessly by calling out existing files.\nAssume you have a file named userSchema.json that encapsulates the Avro Schema that resembles the following:\n1// userSchema.json\n2{\n3  \"type\": \"record\",\n4  \"name\": \"UserSignedUp\",\n5  \"namespace\": \"com.company\",\n6  \"doc\": \"User sign-up information\",\n7  \"fields\": [\n8    { \"name\": \"userId\", \"type\": \"int\" },\n9    { \"name\": \"userEmail\", \"type\": \"string\" }\n10  ]\n11}\nTo seamlessly incorporate this existing Avro schema into your AsyncAPI document, you can use the $ref property to reference the path to the JSON file. This way, your AsyncAPI document will incorporate the Avro Schema from the external JSON file, ensuring consistency and interoperability in your Kafka ecosystem.\n1asyncapi: 3.0.0\n2info:\n3  title: User Signup API\n4  version: 1.0.0\n5  description: The API notifies you whenever a new user signs up in the application.\n6servers:\n7  kafkaServer:\n8    host: test.mykafkacluster.org:8092\n9    description: Kafka Server\n10    protocol: kafka\n11operations:\n12  onUserSignedUp:\n13    action: receive\n14    channel:\n15      $ref: '#/channels/userSignedUp'\n16channels:\n17  userSignedUp:\n18    description: This channel contains a message per each user who signs up in our application.\n19    address: user_signedup\n20    messages:\n21      userSignedUp:\n22        $ref: '#/components/messages/userSignedUp'\n23components:\n24  messages:\n25    userSignedUp:\n26      payload:\n27        schemaFormat: 'application/vnd.apache.avro;version=1.9.0'\n28        schema:\n29          $ref: './userSchema.json'\nSummary\nIn this tutorial, you smoothly updated from the default schema to utilize the capabilities of Avro Schema. The use of Avro Schema with AsyncAPI ensures improved communication in event-driven systems.  Now, you can further experiment by incorporating your business logic and experimenting with more advanced capabilities.\nNext Steps\nNow that you know how to write an AsyncAPI document using Avro Schemas, let's learn how to use Schema Registry with AsyncAPI.",
    "sections": [
      {
        "title": "Introduction",
        "level": 2,
        "text": "The previous tutorial on creating an AsyncAPI document for applications consuming from Kafka taught you about writing an AsyncAPI document for Kafka messages using the default schema. This tutorial will teach you to write the same document using Avro Schema.While AsyncAPI schema can be the default choice for describing payloads, many prefer using Avro Schemas to define messages in Kafka. This tutorial teaches you to modify your existing AsyncAPI schema to add Avro schema into your document in both YAML and JSON formats."
      },
      {
        "title": "Background context",
        "level": 2,
        "text": "AsyncAPI is a specification for describing Event-Driven Architectures (EDAs) in a machine-readable format. AsyncAPI schema outlines the format and content specifications that enable a consistent representation of agreements for communication between services in an Event-Driven Architecture.Avro is a sophisticated tool in Apache Kafka that handles data communication efficiently. It provides a standardized method for organizing and transmitting data, ensuring that different parts of the system can understand each other effectively. With Avro, there's a common language for messages, promoting compatibility and smooth operation between various components. It's like having a shared rulebook that helps different system parts communicate and exchange information seamlessly."
      },
      {
        "title": "Define message payload with Avro Schema directly in AsyncAPI document",
        "level": 2,
        "text": "Defining message schema with the default schema is already covered in the previous Kafka tutorial. The default choice was the AsyncAPI schema, a JSON Schema superset. Here's an example of what the AsyncAPI schema looks like:1messages:\n2  userSignedUp:\n3    payload:\n4      type: object\n5      properties:\n6        userId:\n7          type: integer\n8          description: This property describes the ID of the user\n9        userEmail:\n10          type: string\n11          description: This property describes the email of the userNow it's time to shift your focus to defining messages using Avro Schemas directly within your document.1messages:\n2  userSignedUp:\n3    payload:\n4      schemaFormat: 'application/vnd.apache.avro;version=1.9.0'\n5      schema:\n6        type: record\n7        name: UserSignedUp\n8        namespace: com.company\n9        doc: User sign-up information\n10        fields:\n11          - name: userId\n12            type: int\n13          - name: userEmail\n14            type: stringIn the above code snippet:\nThe userSignedUp message is defined with Avro Schema, using the specified schemaFormat and the schema.\nUse the schemaFormat to indicate that you're using Avro and specify the version of Avro Schema by using a MIME type.\nThe schema includes a record named UserSignedUp within the com.company namespace. It also describes two fields, userId and userEmail, defining their data types as int and string, respectively.\nNow let's combine the above Avro Schema with the AsyncAPI document that you created in the previous tutorial. Check out below what an AsyncAPI document fully equipped with Avro Schema looks like!1asyncapi: 3.0.0\n2info:\n3  title: User Signup API\n4  version: 1.0.0\n5  description: The API notifies you whenever a new user signs up in the application.\n6servers:\n7  kafkaServer:\n8    host: test.mykafkacluster.org:8092\n9    description: Kafka Server\n10    protocol: kafka\n11operations:\n12  onUserSignedUp:\n13    action: receive\n14    channel:\n15      $ref: '#/channels/userSignedUp'\n16channels:\n17  userSignedUp:\n18    description: This channel contains a message per each user who signs up in our application.\n19    address: user_signedup\n20    messages:\n21      userSignedUp:\n22        $ref: '#/components/messages/userSignedUp'\n23components:\n24  messages:\n25    userSignedUp:\n26      payload:\n27        schemaFormat: 'application/vnd.apache.avro;version=1.9.0'\n28        schema:\n29          type: record\n30          name: UserSignedUp\n31          namespace: com.company\n32          doc: User sign-up information\n33          fields:\n34            - name: userId\n35              type: int\n36            - name: userEmail\n37              type: string"
      },
      {
        "title": "Reusing existing Avro Schemas",
        "level": 2,
        "text": "Occasionally, you might find yourself with an existing set of Avro Schemas. In such cases, instead of repeatedly defining these schemas in your AsyncAPI document, integrate them seamlessly by calling out existing files.Assume you have a file named userSchema.json that encapsulates the Avro Schema that resembles the following:1// userSchema.json\n2{\n3  \"type\": \"record\",\n4  \"name\": \"UserSignedUp\",\n5  \"namespace\": \"com.company\",\n6  \"doc\": \"User sign-up information\",\n7  \"fields\": [\n8    { \"name\": \"userId\", \"type\": \"int\" },\n9    { \"name\": \"userEmail\", \"type\": \"string\" }\n10  ]\n11}To seamlessly incorporate this existing Avro schema into your AsyncAPI document, you can use the $ref property to reference the path to the JSON file. This way, your AsyncAPI document will incorporate the Avro Schema from the external JSON file, ensuring consistency and interoperability in your Kafka ecosystem.1asyncapi: 3.0.0\n2info:\n3  title: User Signup API\n4  version: 1.0.0\n5  description: The API notifies you whenever a new user signs up in the application.\n6servers:\n7  kafkaServer:\n8    host: test.mykafkacluster.org:8092\n9    description: Kafka Server\n10    protocol: kafka\n11operations:\n12  onUserSignedUp:\n13    action: receive\n14    channel:\n15      $ref: '#/channels/userSignedUp'\n16channels:\n17  userSignedUp:\n18    description: This channel contains a message per each user who signs up in our application.\n19    address: user_signedup\n20    messages:\n21      userSignedUp:\n22        $ref: '#/components/messages/userSignedUp'\n23components:\n24  messages:\n25    userSignedUp:\n26      payload:\n27        schemaFormat: 'application/vnd.apache.avro;version=1.9.0'\n28        schema:\n29          $ref: './userSchema.json'"
      },
      {
        "title": "Summary",
        "level": 2,
        "text": "In this tutorial, you smoothly updated from the default schema to utilize the capabilities of Avro Schema. The use of Avro Schema with AsyncAPI ensures improved communication in event-driven systems.  Now, you can further experiment by incorporating your business logic and experimenting with more advanced capabilities."
      },
      {
        "title": "Next Steps",
        "level": 2,
        "text": "Now that you know how to write an AsyncAPI document using Avro Schemas, let's learn how to use Schema Registry with AsyncAPI."
      }
    ],
    "svgs": [
      {
        "id": "svg_0",
        "content": "<svg class=\"-mt-0.5 inline-block size-4\" fill=\"currentColor\" viewBox=\"0 0 20 20\"><path d=\"M15.6 2l-1.2 3H5.6L4.4 2C3.629 2 3 2.629 3 3.4v15.2c0 .77.629 1.4 1.399 1.4h11.2c.77 0 1.4-.631 1.4-1.4V3.4C17 2.629 16.369 2 15.6 2zm-2 2l.9-2h-2.181L11.6 0H8.4l-.72 2H5.5l.899 2H13.6z\"></path></svg>",
        "context": "",
        "description": "SVG containing 1 paths, 0 circles, and 0 rectangles."
      },
      {
        "id": "svg_1",
        "content": "<svg class=\"-mt-0.5 inline-block size-4\" fill=\"currentColor\" viewBox=\"0 0 20 20\"><path d=\"M15.6 2l-1.2 3H5.6L4.4 2C3.629 2 3 2.629 3 3.4v15.2c0 .77.629 1.4 1.399 1.4h11.2c.77 0 1.4-.631 1.4-1.4V3.4C17 2.629 16.369 2 15.6 2zm-2 2l.9-2h-2.181L11.6 0H8.4l-.72 2H5.5l.899 2H13.6z\"></path></svg>",
        "context": "",
        "description": "SVG containing 1 paths, 0 circles, and 0 rectangles."
      },
      {
        "id": "svg_2",
        "content": "<svg class=\"-mt-0.5 inline-block size-4\" fill=\"currentColor\" viewBox=\"0 0 20 20\"><path d=\"M15.6 2l-1.2 3H5.6L4.4 2C3.629 2 3 2.629 3 3.4v15.2c0 .77.629 1.4 1.399 1.4h11.2c.77 0 1.4-.631 1.4-1.4V3.4C17 2.629 16.369 2 15.6 2zm-2 2l.9-2h-2.181L11.6 0H8.4l-.72 2H5.5l.899 2H13.6z\"></path></svg>",
        "context": "",
        "description": "SVG containing 1 paths, 0 circles, and 0 rectangles."
      },
      {
        "id": "svg_3",
        "content": "<svg class=\"-mt-0.5 inline-block size-4\" fill=\"currentColor\" viewBox=\"0 0 20 20\"><path d=\"M15.6 2l-1.2 3H5.6L4.4 2C3.629 2 3 2.629 3 3.4v15.2c0 .77.629 1.4 1.399 1.4h11.2c.77 0 1.4-.631 1.4-1.4V3.4C17 2.629 16.369 2 15.6 2zm-2 2l.9-2h-2.181L11.6 0H8.4l-.72 2H5.5l.899 2H13.6z\"></path></svg>",
        "context": "",
        "description": "SVG containing 1 paths, 0 circles, and 0 rectangles."
      },
      {
        "id": "svg_4",
        "content": "<svg class=\"-mt-0.5 inline-block size-4\" fill=\"currentColor\" viewBox=\"0 0 20 20\"><path d=\"M15.6 2l-1.2 3H5.6L4.4 2C3.629 2 3 2.629 3 3.4v15.2c0 .77.629 1.4 1.399 1.4h11.2c.77 0 1.4-.631 1.4-1.4V3.4C17 2.629 16.369 2 15.6 2zm-2 2l.9-2h-2.181L11.6 0H8.4l-.72 2H5.5l.899 2H13.6z\"></path></svg>",
        "context": "",
        "description": "SVG containing 1 paths, 0 circles, and 0 rectangles."
      }
    ],
    "codeBlocks": [
      {
        "id": "code_0",
        "content": "1messages:\n2  userSignedUp:\n3    payload:\n4      type: object\n5      properties:\n6        userId:\n7          type: integer\n8          description: This property describes the ID of the user\n9        userEmail:\n10          type: string\n11          description: This property describes the email of the user",
        "rawHtml": "<code class=\"mr-8\" style=\"white-space:pre\"><span style=\"padding-right:2rem\"><span class=\"comment linenumber react-syntax-highlighter-line-number\" style=\"display:inline-block;min-width:2.25em;padding-right:16px;text-align:right;user-select:none;margin-left:16px;background-color:#252f3f;color:#8B9394\">1</span><span style=\"color:#7edcda\">messages:</span><span>\n</span></span><span style=\"padding-right:2rem\"><span class=\"comment linenumber react-syntax-highlighter-line-number\" style=\"display:inline-block;min-width:2.25em;padding-right:16px;text-align:right;user-select:none;margin-left:16px;background-color:#252f3f;color:#8B9394\">2</span><span>  </span><span style=\"color:#7edcda\">userSignedUp:</span><span>\n</span></span><span style=\"padding-right:2rem\"><span class=\"comment linenumber react-syntax-highlighter-line-number\" style=\"display:inline-block;min-width:2.25em;padding-right:16px;text-align:right;user-select:none;margin-left:16px;background-color:#252f3f;color:#8B9394\">3</span><span>    </span><span style=\"color:#7edcda\">payload:</span><span>\n</span></span><span style=\"padding-right:2rem\"><span class=\"comment linenumber react-syntax-highlighter-line-number\" style=\"display:inline-block;min-width:2.25em;padding-right:16px;text-align:right;user-select:none;margin-left:16px;background-color:#252f3f;color:#8B9394\">4</span><span>      </span><span style=\"color:#7edcda\">type:</span><span> </span><span style=\"color:#c0e2a3;font-weight:500\">object</span><span>\n</span></span><span style=\"padding-right:2rem\"><span class=\"comment linenumber react-syntax-highlighter-line-number\" style=\"display:inline-block;min-width:2.25em;padding-right:16px;text-align:right;user-select:none;margin-left:16px;background-color:#252f3f;color:#8B9394\">5</span><span>      </span><span style=\"color:#7edcda\">properties:</span><span>\n</span></span><span style=\"padding-right:2rem\"><span class=\"comment linenumber react-syntax-highlighter-line-number\" style=\"display:inline-block;min-width:2.25em;padding-right:16px;text-align:right;user-select:none;margin-left:16px;background-color:#252f3f;color:#8B9394\">6</span><span>        </span><span style=\"color:#7edcda\">userId:</span><span>\n</span></span><span style=\"padding-right:2rem\"><span class=\"comment linenumber react-syntax-highlighter-line-number\" style=\"display:inline-block;min-width:2.25em;padding-right:16px;text-align:right;user-select:none;margin-left:16px;background-color:#252f3f;color:#8B9394\">7</span><span>          </span><span style=\"color:#7edcda\">type:</span><span> </span><span style=\"color:#c0e2a3;font-weight:500\">integer</span><span>\n</span></span><span style=\"padding-right:2rem\"><span class=\"comment linenumber react-syntax-highlighter-line-number\" style=\"display:inline-block;min-width:2.25em;padding-right:16px;text-align:right;user-select:none;margin-left:16px;background-color:#252f3f;color:#8B9394\">8</span><span>          </span><span style=\"color:#7edcda\">description:</span><span> </span><span style=\"color:#c0e2a3;font-weight:500\">This</span><span> </span><span style=\"color:#c0e2a3;font-weight:500\">property</span><span> </span><span style=\"color:#c0e2a3;font-weight:500\">describes</span><span> </span><span style=\"color:#c0e2a3;font-weight:500\">the</span><span> </span><span style=\"color:#c0e2a3;font-weight:500\">ID</span><span> </span><span style=\"color:#c0e2a3;font-weight:500\">of</span><span> </span><span style=\"color:#c0e2a3;font-weight:500\">the</span><span> </span><span style=\"color:#c0e2a3;font-weight:500\">user</span><span>\n</span></span><span style=\"padding-right:2rem\"><span class=\"comment linenumber react-syntax-highlighter-line-number\" style=\"display:inline-block;min-width:2.25em;padding-right:16px;text-align:right;user-select:none;margin-left:16px;background-color:#252f3f;color:#8B9394\">9</span><span>        </span><span style=\"color:#7edcda\">userEmail:</span><span>\n</span></span><span style=\"padding-right:2rem\"><span class=\"comment linenumber react-syntax-highlighter-line-number\" style=\"display:inline-block;min-width:2.25em;padding-right:16px;text-align:right;user-select:none;margin-left:16px;background-color:#252f3f;color:#8B9394\">10</span><span>          </span><span style=\"color:#7edcda\">type:</span><span> </span><span style=\"color:#c0e2a3;font-weight:500\">string</span><span>\n</span></span><span style=\"padding-right:2rem\"><span class=\"comment linenumber react-syntax-highlighter-line-number\" style=\"display:inline-block;min-width:2.25em;padding-right:16px;text-align:right;user-select:none;margin-left:16px;background-color:#252f3f;color:#8B9394\">11</span><span>          </span><span style=\"color:#7edcda\">description:</span><span> </span><span style=\"color:#c0e2a3;font-weight:500\">This</span><span> </span><span style=\"color:#c0e2a3;font-weight:500\">property</span><span> </span><span style=\"color:#c0e2a3;font-weight:500\">describes</span><span> </span><span style=\"color:#c0e2a3;font-weight:500\">the</span><span> </span><span style=\"color:#c0e2a3;font-weight:500\">email</span><span> </span><span style=\"color:#c0e2a3;font-weight:500\">of</span><span> </span><span style=\"color:#c0e2a3;font-weight:500\">the</span><span> </span><span style=\"color:#c0e2a3;font-weight:500\">user</span></span></code>",
        "language": "unknown",
        "context": ""
      },
      {
        "id": "code_1",
        "content": "1messages:\n2  userSignedUp:\n3    payload:\n4      schemaFormat: 'application/vnd.apache.avro;version=1.9.0'\n5      schema:\n6        type: record\n7        name: UserSignedUp\n8        namespace: com.company\n9        doc: User sign-up information\n10        fields:\n11          - name: userId\n12            type: int\n13          - name: userEmail\n14            type: string",
        "rawHtml": "<code class=\"mr-8\" style=\"white-space:pre\"><span style=\"padding-right:2rem\"><span class=\"comment linenumber react-syntax-highlighter-line-number\" style=\"display:inline-block;min-width:2.25em;padding-right:16px;text-align:right;user-select:none;margin-left:16px;background-color:#252f3f;color:#8B9394\">1</span><span style=\"color:#7edcda\">messages:</span><span>\n</span></span><span style=\"padding-right:2rem\"><span class=\"comment linenumber react-syntax-highlighter-line-number\" style=\"display:inline-block;min-width:2.25em;padding-right:16px;text-align:right;user-select:none;margin-left:16px;background-color:#252f3f;color:#8B9394\">2</span><span>  </span><span style=\"color:#7edcda\">userSignedUp:</span><span>\n</span></span><span style=\"padding-right:2rem\"><span class=\"comment linenumber react-syntax-highlighter-line-number\" style=\"display:inline-block;min-width:2.25em;padding-right:16px;text-align:right;user-select:none;margin-left:16px;background-color:#252f3f;color:#8B9394\">3</span><span>    </span><span style=\"color:#7edcda\">payload:</span><span>\n</span></span><span style=\"padding-right:2rem\"><span class=\"comment linenumber react-syntax-highlighter-line-number\" style=\"display:inline-block;min-width:2.25em;padding-right:16px;text-align:right;user-select:none;margin-left:16px;background-color:#252f3f;color:#8B9394\">4</span><span>      </span><span style=\"color:#7edcda\">schemaFormat:</span><span> </span><span style=\"color:#c0e2a3;font-weight:500\">'application/vnd.apache.avro;version=1.9.0'</span><span>\n</span></span><span style=\"padding-right:2rem\"><span class=\"comment linenumber react-syntax-highlighter-line-number\" style=\"display:inline-block;min-width:2.25em;padding-right:16px;text-align:right;user-select:none;margin-left:16px;background-color:#252f3f;color:#8B9394\">5</span><span>      </span><span style=\"color:#7edcda\">schema:</span><span>\n</span></span><span style=\"padding-right:2rem\"><span class=\"comment linenumber react-syntax-highlighter-line-number\" style=\"display:inline-block;min-width:2.25em;padding-right:16px;text-align:right;user-select:none;margin-left:16px;background-color:#252f3f;color:#8B9394\">6</span><span>        </span><span style=\"color:#7edcda\">type:</span><span> </span><span style=\"color:#c0e2a3;font-weight:500\">record</span><span>\n</span></span><span style=\"padding-right:2rem\"><span class=\"comment linenumber react-syntax-highlighter-line-number\" style=\"display:inline-block;min-width:2.25em;padding-right:16px;text-align:right;user-select:none;margin-left:16px;background-color:#252f3f;color:#8B9394\">7</span><span>        </span><span style=\"color:#7edcda\">name:</span><span> </span><span style=\"color:#c0e2a3;font-weight:500\">UserSignedUp</span><span>\n</span></span><span style=\"padding-right:2rem\"><span class=\"comment linenumber react-syntax-highlighter-line-number\" style=\"display:inline-block;min-width:2.25em;padding-right:16px;text-align:right;user-select:none;margin-left:16px;background-color:#252f3f;color:#8B9394\">8</span><span>        </span><span style=\"color:#7edcda\">namespace:</span><span> </span><span style=\"color:#c0e2a3;font-weight:500\">com.company</span><span>\n</span></span><span style=\"padding-right:2rem\"><span class=\"comment linenumber react-syntax-highlighter-line-number\" style=\"display:inline-block;min-width:2.25em;padding-right:16px;text-align:right;user-select:none;margin-left:16px;background-color:#252f3f;color:#8B9394\">9</span><span>        </span><span style=\"color:#7edcda\">doc:</span><span> </span><span style=\"color:#c0e2a3;font-weight:500\">User</span><span> </span><span style=\"color:#c0e2a3;font-weight:500\">sign-up</span><span> </span><span style=\"color:#c0e2a3;font-weight:500\">information</span><span>\n</span></span><span style=\"padding-right:2rem\"><span class=\"comment linenumber react-syntax-highlighter-line-number\" style=\"display:inline-block;min-width:2.25em;padding-right:16px;text-align:right;user-select:none;margin-left:16px;background-color:#252f3f;color:#8B9394\">10</span><span>        </span><span style=\"color:#7edcda\">fields:</span><span>\n</span></span><span style=\"padding-right:2rem\"><span class=\"comment linenumber react-syntax-highlighter-line-number\" style=\"display:inline-block;min-width:2.25em;padding-right:16px;text-align:right;user-select:none;margin-left:16px;background-color:#252f3f;color:#8B9394\">11</span><span>          </span><span style=\"color:#64a0dc\">-</span><span> </span><span style=\"color:#7edcda\">name:</span><span> </span><span style=\"color:#c0e2a3;font-weight:500\">userId</span><span>\n</span></span><span style=\"padding-right:2rem\"><span class=\"comment linenumber react-syntax-highlighter-line-number\" style=\"display:inline-block;min-width:2.25em;padding-right:16px;text-align:right;user-select:none;margin-left:16px;background-color:#252f3f;color:#8B9394\">12</span><span>            </span><span style=\"color:#7edcda\">type:</span><span> </span><span style=\"color:#c0e2a3;font-weight:500\">int</span><span>\n</span></span><span style=\"padding-right:2rem\"><span class=\"comment linenumber react-syntax-highlighter-line-number\" style=\"display:inline-block;min-width:2.25em;padding-right:16px;text-align:right;user-select:none;margin-left:16px;background-color:#252f3f;color:#8B9394\">13</span><span>          </span><span style=\"color:#64a0dc\">-</span><span> </span><span style=\"color:#7edcda\">name:</span><span> </span><span style=\"color:#c0e2a3;font-weight:500\">userEmail</span><span>\n</span></span><span style=\"padding-right:2rem\"><span class=\"comment linenumber react-syntax-highlighter-line-number\" style=\"display:inline-block;min-width:2.25em;padding-right:16px;text-align:right;user-select:none;margin-left:16px;background-color:#252f3f;color:#8B9394\">14</span><span>            </span><span style=\"color:#7edcda\">type:</span><span> </span><span style=\"color:#c0e2a3;font-weight:500\">string</span></span></code>",
        "language": "unknown",
        "context": ""
      },
      {
        "id": "code_2",
        "content": "1asyncapi: 3.0.0\n2info:\n3  title: User Signup API\n4  version: 1.0.0\n5  description: The API notifies you whenever a new user signs up in the application.\n6servers:\n7  kafkaServer:\n8    host: test.mykafkacluster.org:8092\n9    description: Kafka Server\n10    protocol: kafka\n11operations:\n12  onUserSignedUp:\n13    action: receive\n14    channel:\n15      $ref: '#/channels/userSignedUp'\n16channels:\n17  userSignedUp:\n18    description: This channel contains a message per each user who signs up in our application.\n19    address: user_signedup\n20    messages:\n21      userSignedUp:\n22        $ref: '#/components/messages/userSignedUp'\n23components:\n24  messages:\n25    userSignedUp:\n26      payload:\n27        schemaFormat: 'application/vnd.apache.avro;version=1.9.0'\n28        schema:\n29          type: record\n30          name: UserSignedUp\n31          namespace: com.company\n32          doc: User sign-up information\n33          fields:\n34            - name: userId\n35              type: int\n36            - name: userEmail\n37              type: string",
        "rawHtml": "<code class=\"mr-8\" style=\"white-space:pre\"><span style=\"padding-right:2rem\"><span class=\"comment linenumber react-syntax-highlighter-line-number\" style=\"display:inline-block;min-width:3.25em;padding-right:16px;text-align:right;user-select:none;margin-left:16px;background-color:#252f3f;color:#8B9394\">1</span><span style=\"color:#7edcda\">asyncapi:</span><span> </span><span style=\"color:#d8da68\">3.0</span><span style=\"color:#d8da68\">.0</span><span>\n</span></span><span style=\"padding-right:2rem\"><span class=\"comment linenumber react-syntax-highlighter-line-number\" style=\"display:inline-block;min-width:3.25em;padding-right:16px;text-align:right;user-select:none;margin-left:16px;background-color:#252f3f;color:#8B9394\">2</span><span></span><span style=\"color:#7edcda\">info:</span><span>\n</span></span><span style=\"padding-right:2rem\"><span class=\"comment linenumber react-syntax-highlighter-line-number\" style=\"display:inline-block;min-width:3.25em;padding-right:16px;text-align:right;user-select:none;margin-left:16px;background-color:#252f3f;color:#8B9394\">3</span><span>  </span><span style=\"color:#7edcda\">title:</span><span> </span><span style=\"color:#c0e2a3;font-weight:500\">User</span><span> </span><span style=\"color:#c0e2a3;font-weight:500\">Signup</span><span> </span><span style=\"color:#c0e2a3;font-weight:500\">API</span><span>\n</span></span><span style=\"padding-right:2rem\"><span class=\"comment linenumber react-syntax-highlighter-line-number\" style=\"display:inline-block;min-width:3.25em;padding-right:16px;text-align:right;user-select:none;margin-left:16px;background-color:#252f3f;color:#8B9394\">4</span><span>  </span><span style=\"color:#7edcda\">version:</span><span> </span><span style=\"color:#d8da68\">1.0</span><span style=\"color:#d8da68\">.0</span><span>\n</span></span><span style=\"padding-right:2rem\"><span class=\"comment linenumber react-syntax-highlighter-line-number\" style=\"display:inline-block;min-width:3.25em;padding-right:16px;text-align:right;user-select:none;margin-left:16px;background-color:#252f3f;color:#8B9394\">5</span><span>  </span><span style=\"color:#7edcda\">description:</span><span> </span><span style=\"color:#c0e2a3;font-weight:500\">The</span><span> </span><span style=\"color:#c0e2a3;font-weight:500\">API</span><span> </span><span style=\"color:#c0e2a3;font-weight:500\">notifies</span><span> </span><span style=\"color:#c0e2a3;font-weight:500\">you</span><span> </span><span style=\"color:#c0e2a3;font-weight:500\">whenever</span><span> </span><span style=\"color:#c0e2a3;font-weight:500\">a</span><span> </span><span style=\"color:#c0e2a3;font-weight:500\">new</span><span> </span><span style=\"color:#c0e2a3;font-weight:500\">user</span><span> </span><span style=\"color:#c0e2a3;font-weight:500\">signs</span><span> </span><span style=\"color:#c0e2a3;font-weight:500\">up</span><span> </span><span style=\"color:#c0e2a3;font-weight:500\">in</span><span> </span><span style=\"color:#c0e2a3;font-weight:500\">the</span><span> </span><span style=\"color:#c0e2a3;font-weight:500\">application.</span><span>\n</span></span><span style=\"padding-right:2rem\"><span class=\"comment linenumber react-syntax-highlighter-line-number\" style=\"display:inline-block;min-width:3.25em;padding-right:16px;text-align:right;user-select:none;margin-left:16px;background-color:#252f3f;color:#8B9394\">6</span><span></span><span style=\"color:#7edcda\">servers:</span><span>\n</span></span><span style=\"padding-right:2rem\"><span class=\"comment linenumber react-syntax-highlighter-line-number\" style=\"display:inline-block;min-width:3.25em;padding-right:16px;text-align:right;user-select:none;margin-left:16px;background-color:#252f3f;color:#8B9394\">7</span><span>  </span><span style=\"color:#7edcda\">kafkaServer:</span><span>\n</span></span><span style=\"padding-right:2rem\"><span class=\"comment linenumber react-syntax-highlighter-line-number\" style=\"display:inline-block;min-width:3.25em;padding-right:16px;text-align:right;user-select:none;margin-left:16px;background-color:#252f3f;color:#8B9394\">8</span><span>    </span><span style=\"color:#7edcda\">host:</span><span> </span><span style=\"color:#c0e2a3;font-weight:500\">test.mykafkacluster.org:8092</span><span>\n</span></span><span style=\"padding-right:2rem\"><span class=\"comment linenumber react-syntax-highlighter-line-number\" style=\"display:inline-block;min-width:3.25em;padding-right:16px;text-align:right;user-select:none;margin-left:16px;background-color:#252f3f;color:#8B9394\">9</span><span>    </span><span style=\"color:#7edcda\">description:</span><span> </span><span style=\"color:#c0e2a3;font-weight:500\">Kafka</span><span> </span><span style=\"color:#c0e2a3;font-weight:500\">Server</span><span>\n</span></span><span style=\"padding-right:2rem\"><span class=\"comment linenumber react-syntax-highlighter-line-number\" style=\"display:inline-block;min-width:3.25em;padding-right:16px;text-align:right;user-select:none;margin-left:16px;background-color:#252f3f;color:#8B9394\">10</span><span>    </span><span style=\"color:#7edcda\">protocol:</span><span> </span><span style=\"color:#c0e2a3;font-weight:500\">kafka</span><span>\n</span></span><span style=\"padding-right:2rem\"><span class=\"comment linenumber react-syntax-highlighter-line-number\" style=\"display:inline-block;min-width:3.25em;padding-right:16px;text-align:right;user-select:none;margin-left:16px;background-color:#252f3f;color:#8B9394\">11</span><span></span><span style=\"color:#7edcda\">operations:</span><span>\n</span></span><span style=\"padding-right:2rem\"><span class=\"comment linenumber react-syntax-highlighter-line-number\" style=\"display:inline-block;min-width:3.25em;padding-right:16px;text-align:right;user-select:none;margin-left:16px;background-color:#252f3f;color:#8B9394\">12</span><span>  </span><span style=\"color:#7edcda\">onUserSignedUp:</span><span>\n</span></span><span style=\"padding-right:2rem\"><span class=\"comment linenumber react-syntax-highlighter-line-number\" style=\"display:inline-block;min-width:3.25em;padding-right:16px;text-align:right;user-select:none;margin-left:16px;background-color:#252f3f;color:#8B9394\">13</span><span>    </span><span style=\"color:#7edcda\">action:</span><span> </span><span style=\"color:#c0e2a3;font-weight:500\">receive</span><span>\n</span></span><span style=\"padding-right:2rem\"><span class=\"comment linenumber react-syntax-highlighter-line-number\" style=\"display:inline-block;min-width:3.25em;padding-right:16px;text-align:right;user-select:none;margin-left:16px;background-color:#252f3f;color:#8B9394\">14</span><span>    </span><span style=\"color:#7edcda\">channel:</span><span>\n</span></span><span style=\"padding-right:2rem\"><span class=\"comment linenumber react-syntax-highlighter-line-number\" style=\"display:inline-block;min-width:3.25em;padding-right:16px;text-align:right;user-select:none;margin-left:16px;background-color:#252f3f;color:#8B9394\">15</span><span>      </span><span style=\"color:#c0e2a3;font-weight:500\">$ref:</span><span> </span><span style=\"color:#c0e2a3;font-weight:500\">'#/channels/userSignedUp'</span><span>\n</span></span><span style=\"padding-right:2rem\"><span class=\"comment linenumber react-syntax-highlighter-line-number\" style=\"display:inline-block;min-width:3.25em;padding-right:16px;text-align:right;user-select:none;margin-left:16px;background-color:#252f3f;color:#8B9394\">16</span><span></span><span style=\"color:#7edcda\">channels:</span><span>\n</span></span><span style=\"padding-right:2rem\"><span class=\"comment linenumber react-syntax-highlighter-line-number\" style=\"display:inline-block;min-width:3.25em;padding-right:16px;text-align:right;user-select:none;margin-left:16px;background-color:#252f3f;color:#8B9394\">17</span><span>  </span><span style=\"color:#7edcda\">userSignedUp:</span><span>\n</span></span><span style=\"padding-right:2rem\"><span class=\"comment linenumber react-syntax-highlighter-line-number\" style=\"display:inline-block;min-width:3.25em;padding-right:16px;text-align:right;user-select:none;margin-left:16px;background-color:#252f3f;color:#8B9394\">18</span><span>    </span><span style=\"color:#7edcda\">description:</span><span> </span><span style=\"color:#c0e2a3;font-weight:500\">This</span><span> </span><span style=\"color:#c0e2a3;font-weight:500\">channel</span><span> </span><span style=\"color:#c0e2a3;font-weight:500\">contains</span><span> </span><span style=\"color:#c0e2a3;font-weight:500\">a</span><span> </span><span style=\"color:#c0e2a3;font-weight:500\">message</span><span> </span><span style=\"color:#c0e2a3;font-weight:500\">per</span><span> </span><span style=\"color:#c0e2a3;font-weight:500\">each</span><span> </span><span style=\"color:#c0e2a3;font-weight:500\">user</span><span> </span><span style=\"color:#c0e2a3;font-weight:500\">who</span><span> </span><span style=\"color:#c0e2a3;font-weight:500\">signs</span><span> </span><span style=\"color:#c0e2a3;font-weight:500\">up</span><span> </span><span style=\"color:#c0e2a3;font-weight:500\">in</span><span> </span><span style=\"color:#c0e2a3;font-weight:500\">our</span><span> </span><span style=\"color:#c0e2a3;font-weight:500\">application.</span><span>\n</span></span><span style=\"padding-right:2rem\"><span class=\"comment linenumber react-syntax-highlighter-line-number\" style=\"display:inline-block;min-width:3.25em;padding-right:16px;text-align:right;user-select:none;margin-left:16px;background-color:#252f3f;color:#8B9394\">19</span><span>    </span><span style=\"color:#7edcda\">address:</span><span> </span><span style=\"color:#c0e2a3;font-weight:500\">user_signedup</span><span>\n</span></span><span style=\"padding-right:2rem\"><span class=\"comment linenumber react-syntax-highlighter-line-number\" style=\"display:inline-block;min-width:3.25em;padding-right:16px;text-align:right;user-select:none;margin-left:16px;background-color:#252f3f;color:#8B9394\">20</span><span>    </span><span style=\"color:#7edcda\">messages:</span><span>\n</span></span><span style=\"padding-right:2rem\"><span class=\"comment linenumber react-syntax-highlighter-line-number\" style=\"display:inline-block;min-width:3.25em;padding-right:16px;text-align:right;user-select:none;margin-left:16px;background-color:#252f3f;color:#8B9394\">21</span><span>      </span><span style=\"color:#7edcda\">userSignedUp:</span><span>\n</span></span><span style=\"padding-right:2rem\"><span class=\"comment linenumber react-syntax-highlighter-line-number\" style=\"display:inline-block;min-width:3.25em;padding-right:16px;text-align:right;user-select:none;margin-left:16px;background-color:#252f3f;color:#8B9394\">22</span><span>        </span><span style=\"color:#c0e2a3;font-weight:500\">$ref:</span><span> </span><span style=\"color:#c0e2a3;font-weight:500\">'#/components/messages/userSignedUp'</span><span>\n</span></span><span style=\"padding-right:2rem\"><span class=\"comment linenumber react-syntax-highlighter-line-number\" style=\"display:inline-block;min-width:3.25em;padding-right:16px;text-align:right;user-select:none;margin-left:16px;background-color:#252f3f;color:#8B9394\">23</span><span></span><span style=\"color:#7edcda\">components:</span><span>\n</span></span><span style=\"padding-right:2rem\"><span class=\"comment linenumber react-syntax-highlighter-line-number\" style=\"display:inline-block;min-width:3.25em;padding-right:16px;text-align:right;user-select:none;margin-left:16px;background-color:#252f3f;color:#8B9394\">24</span><span>  </span><span style=\"color:#7edcda\">messages:</span><span>\n</span></span><span style=\"padding-right:2rem\"><span class=\"comment linenumber react-syntax-highlighter-line-number\" style=\"display:inline-block;min-width:3.25em;padding-right:16px;text-align:right;user-select:none;margin-left:16px;background-color:#252f3f;color:#8B9394\">25</span><span>    </span><span style=\"color:#7edcda\">userSignedUp:</span><span>\n</span></span><span style=\"padding-right:2rem\"><span class=\"comment linenumber react-syntax-highlighter-line-number\" style=\"display:inline-block;min-width:3.25em;padding-right:16px;text-align:right;user-select:none;margin-left:16px;background-color:#252f3f;color:#8B9394\">26</span><span>      </span><span style=\"color:#7edcda\">payload:</span><span>\n</span></span><span style=\"padding-right:2rem\"><span class=\"comment linenumber react-syntax-highlighter-line-number\" style=\"display:inline-block;min-width:3.25em;padding-right:16px;text-align:right;user-select:none;margin-left:16px;background-color:#252f3f;color:#8B9394\">27</span><span>        </span><span style=\"color:#7edcda\">schemaFormat:</span><span> </span><span style=\"color:#c0e2a3;font-weight:500\">'application/vnd.apache.avro;version=1.9.0'</span><span>\n</span></span><span style=\"padding-right:2rem\"><span class=\"comment linenumber react-syntax-highlighter-line-number\" style=\"display:inline-block;min-width:3.25em;padding-right:16px;text-align:right;user-select:none;margin-left:16px;background-color:#252f3f;color:#8B9394\">28</span><span>        </span><span style=\"color:#7edcda\">schema:</span><span>\n</span></span><span style=\"padding-right:2rem\"><span class=\"comment linenumber react-syntax-highlighter-line-number\" style=\"display:inline-block;min-width:3.25em;padding-right:16px;text-align:right;user-select:none;margin-left:16px;background-color:#252f3f;color:#8B9394\">29</span><span>          </span><span style=\"color:#7edcda\">type:</span><span> </span><span style=\"color:#c0e2a3;font-weight:500\">record</span><span>\n</span></span><span style=\"padding-right:2rem\"><span class=\"comment linenumber react-syntax-highlighter-line-number\" style=\"display:inline-block;min-width:3.25em;padding-right:16px;text-align:right;user-select:none;margin-left:16px;background-color:#252f3f;color:#8B9394\">30</span><span>          </span><span style=\"color:#7edcda\">name:</span><span> </span><span style=\"color:#c0e2a3;font-weight:500\">UserSignedUp</span><span>\n</span></span><span style=\"padding-right:2rem\"><span class=\"comment linenumber react-syntax-highlighter-line-number\" style=\"display:inline-block;min-width:3.25em;padding-right:16px;text-align:right;user-select:none;margin-left:16px;background-color:#252f3f;color:#8B9394\">31</span><span>          </span><span style=\"color:#7edcda\">namespace:</span><span> </span><span style=\"color:#c0e2a3;font-weight:500\">com.company</span><span>\n</span></span><span style=\"padding-right:2rem\"><span class=\"comment linenumber react-syntax-highlighter-line-number\" style=\"display:inline-block;min-width:3.25em;padding-right:16px;text-align:right;user-select:none;margin-left:16px;background-color:#252f3f;color:#8B9394\">32</span><span>          </span><span style=\"color:#7edcda\">doc:</span><span> </span><span style=\"color:#c0e2a3;font-weight:500\">User</span><span> </span><span style=\"color:#c0e2a3;font-weight:500\">sign-up</span><span> </span><span style=\"color:#c0e2a3;font-weight:500\">information</span><span>\n</span></span><span style=\"padding-right:2rem\"><span class=\"comment linenumber react-syntax-highlighter-line-number\" style=\"display:inline-block;min-width:3.25em;padding-right:16px;text-align:right;user-select:none;margin-left:16px;background-color:#252f3f;color:#8B9394\">33</span><span>          </span><span style=\"color:#7edcda\">fields:</span><span>\n</span></span><span style=\"padding-right:2rem\"><span class=\"comment linenumber react-syntax-highlighter-line-number\" style=\"display:inline-block;min-width:3.25em;padding-right:16px;text-align:right;user-select:none;margin-left:16px;background-color:#252f3f;color:#8B9394\">34</span><span>            </span><span style=\"color:#64a0dc\">-</span><span> </span><span style=\"color:#7edcda\">name:</span><span> </span><span style=\"color:#c0e2a3;font-weight:500\">userId</span><span>\n</span></span><span style=\"padding-right:2rem\"><span class=\"comment linenumber react-syntax-highlighter-line-number\" style=\"display:inline-block;min-width:3.25em;padding-right:16px;text-align:right;user-select:none;margin-left:16px;background-color:#252f3f;color:#8B9394\">35</span><span>              </span><span style=\"color:#7edcda\">type:</span><span> </span><span style=\"color:#c0e2a3;font-weight:500\">int</span><span>\n</span></span><span style=\"padding-right:2rem\"><span class=\"comment linenumber react-syntax-highlighter-line-number\" style=\"display:inline-block;min-width:3.25em;padding-right:16px;text-align:right;user-select:none;margin-left:16px;background-color:#252f3f;color:#8B9394\">36</span><span>            </span><span style=\"color:#64a0dc\">-</span><span> </span><span style=\"color:#7edcda\">name:</span><span> </span><span style=\"color:#c0e2a3;font-weight:500\">userEmail</span><span>\n</span></span><span style=\"padding-right:2rem\"><span class=\"comment linenumber react-syntax-highlighter-line-number\" style=\"display:inline-block;min-width:3.25em;padding-right:16px;text-align:right;user-select:none;margin-left:16px;background-color:#252f3f;color:#8B9394\">37</span><span>              </span><span style=\"color:#7edcda\">type:</span><span> </span><span style=\"color:#c0e2a3;font-weight:500\">string</span></span></code>",
        "language": "unknown",
        "context": ""
      },
      {
        "id": "code_3",
        "content": "1// userSchema.json\n2{\n3  \"type\": \"record\",\n4  \"name\": \"UserSignedUp\",\n5  \"namespace\": \"com.company\",\n6  \"doc\": \"User sign-up information\",\n7  \"fields\": [\n8    { \"name\": \"userId\", \"type\": \"int\" },\n9    { \"name\": \"userEmail\", \"type\": \"string\" }\n10  ]\n11}",
        "rawHtml": "<code class=\"mr-8\" style=\"white-space:pre\"><span style=\"padding-right:2rem\"><span class=\"comment linenumber react-syntax-highlighter-line-number\" style=\"display:inline-block;min-width:2.25em;padding-right:16px;text-align:right;user-select:none;margin-left:16px;background-color:#252f3f;color:#8B9394\">1</span><span style=\"color:#c0e2a3;font-weight:500\">//</span><span> </span><span style=\"color:#c0e2a3;font-weight:500\">userSchema.json</span><span>\n</span></span><span style=\"padding-right:2rem\"><span class=\"comment linenumber react-syntax-highlighter-line-number\" style=\"display:inline-block;min-width:2.25em;padding-right:16px;text-align:right;user-select:none;margin-left:16px;background-color:#252f3f;color:#8B9394\">2</span>{\n</span><span style=\"padding-right:2rem\"><span class=\"comment linenumber react-syntax-highlighter-line-number\" style=\"display:inline-block;min-width:2.25em;padding-right:16px;text-align:right;user-select:none;margin-left:16px;background-color:#252f3f;color:#8B9394\">3</span><span>  </span><span style=\"color:#7edcda\">\"type\":</span><span> </span><span style=\"color:#c0e2a3;font-weight:500\">\"record\"</span><span>,\n</span></span><span style=\"padding-right:2rem\"><span class=\"comment linenumber react-syntax-highlighter-line-number\" style=\"display:inline-block;min-width:2.25em;padding-right:16px;text-align:right;user-select:none;margin-left:16px;background-color:#252f3f;color:#8B9394\">4</span><span>  </span><span style=\"color:#7edcda\">\"name\":</span><span> </span><span style=\"color:#c0e2a3;font-weight:500\">\"UserSignedUp\"</span><span>,\n</span></span><span style=\"padding-right:2rem\"><span class=\"comment linenumber react-syntax-highlighter-line-number\" style=\"display:inline-block;min-width:2.25em;padding-right:16px;text-align:right;user-select:none;margin-left:16px;background-color:#252f3f;color:#8B9394\">5</span><span>  </span><span style=\"color:#7edcda\">\"namespace\":</span><span> </span><span style=\"color:#c0e2a3;font-weight:500\">\"com.company\"</span><span>,\n</span></span><span style=\"padding-right:2rem\"><span class=\"comment linenumber react-syntax-highlighter-line-number\" style=\"display:inline-block;min-width:2.25em;padding-right:16px;text-align:right;user-select:none;margin-left:16px;background-color:#252f3f;color:#8B9394\">6</span><span>  </span><span style=\"color:#7edcda\">\"doc\":</span><span> </span><span style=\"color:#c0e2a3;font-weight:500\">\"User sign-up information\"</span><span>,\n</span></span><span style=\"padding-right:2rem\"><span class=\"comment linenumber react-syntax-highlighter-line-number\" style=\"display:inline-block;min-width:2.25em;padding-right:16px;text-align:right;user-select:none;margin-left:16px;background-color:#252f3f;color:#8B9394\">7</span><span>  </span><span style=\"color:#7edcda\">\"fields\":</span><span> [\n</span></span><span style=\"padding-right:2rem\"><span class=\"comment linenumber react-syntax-highlighter-line-number\" style=\"display:inline-block;min-width:2.25em;padding-right:16px;text-align:right;user-select:none;margin-left:16px;background-color:#252f3f;color:#8B9394\">8</span><span>    { </span><span style=\"color:#7edcda\">\"name\":</span><span> </span><span style=\"color:#c0e2a3;font-weight:500\">\"userId\"</span><span>, </span><span style=\"color:#7edcda\">\"type\":</span><span> </span><span style=\"color:#c0e2a3;font-weight:500\">\"int\"</span><span> },\n</span></span><span style=\"padding-right:2rem\"><span class=\"comment linenumber react-syntax-highlighter-line-number\" style=\"display:inline-block;min-width:2.25em;padding-right:16px;text-align:right;user-select:none;margin-left:16px;background-color:#252f3f;color:#8B9394\">9</span><span>    { </span><span style=\"color:#7edcda\">\"name\":</span><span> </span><span style=\"color:#c0e2a3;font-weight:500\">\"userEmail\"</span><span>, </span><span style=\"color:#7edcda\">\"type\":</span><span> </span><span style=\"color:#c0e2a3;font-weight:500\">\"string\"</span><span> }\n</span></span><span style=\"padding-right:2rem\"><span class=\"comment linenumber react-syntax-highlighter-line-number\" style=\"display:inline-block;min-width:2.25em;padding-right:16px;text-align:right;user-select:none;margin-left:16px;background-color:#252f3f;color:#8B9394\">10</span>  ]\n</span><span style=\"padding-right:2rem\"><span class=\"comment linenumber react-syntax-highlighter-line-number\" style=\"display:inline-block;min-width:2.25em;padding-right:16px;text-align:right;user-select:none;margin-left:16px;background-color:#252f3f;color:#8B9394\">11</span>}</span></code>",
        "language": "unknown",
        "context": ""
      },
      {
        "id": "code_4",
        "content": "1asyncapi: 3.0.0\n2info:\n3  title: User Signup API\n4  version: 1.0.0\n5  description: The API notifies you whenever a new user signs up in the application.\n6servers:\n7  kafkaServer:\n8    host: test.mykafkacluster.org:8092\n9    description: Kafka Server\n10    protocol: kafka\n11operations:\n12  onUserSignedUp:\n13    action: receive\n14    channel:\n15      $ref: '#/channels/userSignedUp'\n16channels:\n17  userSignedUp:\n18    description: This channel contains a message per each user who signs up in our application.\n19    address: user_signedup\n20    messages:\n21      userSignedUp:\n22        $ref: '#/components/messages/userSignedUp'\n23components:\n24  messages:\n25    userSignedUp:\n26      payload:\n27        schemaFormat: 'application/vnd.apache.avro;version=1.9.0'\n28        schema:\n29          $ref: './userSchema.json'",
        "rawHtml": "<code class=\"mr-8\" style=\"white-space:pre\"><span style=\"padding-right:2rem\"><span class=\"comment linenumber react-syntax-highlighter-line-number\" style=\"display:inline-block;min-width:3.25em;padding-right:16px;text-align:right;user-select:none;margin-left:16px;background-color:#252f3f;color:#8B9394\">1</span><span style=\"color:#7edcda\">asyncapi:</span><span> </span><span style=\"color:#d8da68\">3.0</span><span style=\"color:#d8da68\">.0</span><span>\n</span></span><span style=\"padding-right:2rem\"><span class=\"comment linenumber react-syntax-highlighter-line-number\" style=\"display:inline-block;min-width:3.25em;padding-right:16px;text-align:right;user-select:none;margin-left:16px;background-color:#252f3f;color:#8B9394\">2</span><span></span><span style=\"color:#7edcda\">info:</span><span>\n</span></span><span style=\"padding-right:2rem\"><span class=\"comment linenumber react-syntax-highlighter-line-number\" style=\"display:inline-block;min-width:3.25em;padding-right:16px;text-align:right;user-select:none;margin-left:16px;background-color:#252f3f;color:#8B9394\">3</span><span>  </span><span style=\"color:#7edcda\">title:</span><span> </span><span style=\"color:#c0e2a3;font-weight:500\">User</span><span> </span><span style=\"color:#c0e2a3;font-weight:500\">Signup</span><span> </span><span style=\"color:#c0e2a3;font-weight:500\">API</span><span>\n</span></span><span style=\"padding-right:2rem\"><span class=\"comment linenumber react-syntax-highlighter-line-number\" style=\"display:inline-block;min-width:3.25em;padding-right:16px;text-align:right;user-select:none;margin-left:16px;background-color:#252f3f;color:#8B9394\">4</span><span>  </span><span style=\"color:#7edcda\">version:</span><span> </span><span style=\"color:#d8da68\">1.0</span><span style=\"color:#d8da68\">.0</span><span>\n</span></span><span style=\"padding-right:2rem\"><span class=\"comment linenumber react-syntax-highlighter-line-number\" style=\"display:inline-block;min-width:3.25em;padding-right:16px;text-align:right;user-select:none;margin-left:16px;background-color:#252f3f;color:#8B9394\">5</span><span>  </span><span style=\"color:#7edcda\">description:</span><span> </span><span style=\"color:#c0e2a3;font-weight:500\">The</span><span> </span><span style=\"color:#c0e2a3;font-weight:500\">API</span><span> </span><span style=\"color:#c0e2a3;font-weight:500\">notifies</span><span> </span><span style=\"color:#c0e2a3;font-weight:500\">you</span><span> </span><span style=\"color:#c0e2a3;font-weight:500\">whenever</span><span> </span><span style=\"color:#c0e2a3;font-weight:500\">a</span><span> </span><span style=\"color:#c0e2a3;font-weight:500\">new</span><span> </span><span style=\"color:#c0e2a3;font-weight:500\">user</span><span> </span><span style=\"color:#c0e2a3;font-weight:500\">signs</span><span> </span><span style=\"color:#c0e2a3;font-weight:500\">up</span><span> </span><span style=\"color:#c0e2a3;font-weight:500\">in</span><span> </span><span style=\"color:#c0e2a3;font-weight:500\">the</span><span> </span><span style=\"color:#c0e2a3;font-weight:500\">application.</span><span>\n</span></span><span style=\"padding-right:2rem\"><span class=\"comment linenumber react-syntax-highlighter-line-number\" style=\"display:inline-block;min-width:3.25em;padding-right:16px;text-align:right;user-select:none;margin-left:16px;background-color:#252f3f;color:#8B9394\">6</span><span></span><span style=\"color:#7edcda\">servers:</span><span>\n</span></span><span style=\"padding-right:2rem\"><span class=\"comment linenumber react-syntax-highlighter-line-number\" style=\"display:inline-block;min-width:3.25em;padding-right:16px;text-align:right;user-select:none;margin-left:16px;background-color:#252f3f;color:#8B9394\">7</span><span>  </span><span style=\"color:#7edcda\">kafkaServer:</span><span>\n</span></span><span style=\"padding-right:2rem\"><span class=\"comment linenumber react-syntax-highlighter-line-number\" style=\"display:inline-block;min-width:3.25em;padding-right:16px;text-align:right;user-select:none;margin-left:16px;background-color:#252f3f;color:#8B9394\">8</span><span>    </span><span style=\"color:#7edcda\">host:</span><span> </span><span style=\"color:#c0e2a3;font-weight:500\">test.mykafkacluster.org:8092</span><span>\n</span></span><span style=\"padding-right:2rem\"><span class=\"comment linenumber react-syntax-highlighter-line-number\" style=\"display:inline-block;min-width:3.25em;padding-right:16px;text-align:right;user-select:none;margin-left:16px;background-color:#252f3f;color:#8B9394\">9</span><span>    </span><span style=\"color:#7edcda\">description:</span><span> </span><span style=\"color:#c0e2a3;font-weight:500\">Kafka</span><span> </span><span style=\"color:#c0e2a3;font-weight:500\">Server</span><span>\n</span></span><span style=\"padding-right:2rem\"><span class=\"comment linenumber react-syntax-highlighter-line-number\" style=\"display:inline-block;min-width:3.25em;padding-right:16px;text-align:right;user-select:none;margin-left:16px;background-color:#252f3f;color:#8B9394\">10</span><span>    </span><span style=\"color:#7edcda\">protocol:</span><span> </span><span style=\"color:#c0e2a3;font-weight:500\">kafka</span><span>\n</span></span><span style=\"padding-right:2rem\"><span class=\"comment linenumber react-syntax-highlighter-line-number\" style=\"display:inline-block;min-width:3.25em;padding-right:16px;text-align:right;user-select:none;margin-left:16px;background-color:#252f3f;color:#8B9394\">11</span><span></span><span style=\"color:#7edcda\">operations:</span><span>\n</span></span><span style=\"padding-right:2rem\"><span class=\"comment linenumber react-syntax-highlighter-line-number\" style=\"display:inline-block;min-width:3.25em;padding-right:16px;text-align:right;user-select:none;margin-left:16px;background-color:#252f3f;color:#8B9394\">12</span><span>  </span><span style=\"color:#7edcda\">onUserSignedUp:</span><span>\n</span></span><span style=\"padding-right:2rem\"><span class=\"comment linenumber react-syntax-highlighter-line-number\" style=\"display:inline-block;min-width:3.25em;padding-right:16px;text-align:right;user-select:none;margin-left:16px;background-color:#252f3f;color:#8B9394\">13</span><span>    </span><span style=\"color:#7edcda\">action:</span><span> </span><span style=\"color:#c0e2a3;font-weight:500\">receive</span><span>\n</span></span><span style=\"padding-right:2rem\"><span class=\"comment linenumber react-syntax-highlighter-line-number\" style=\"display:inline-block;min-width:3.25em;padding-right:16px;text-align:right;user-select:none;margin-left:16px;background-color:#252f3f;color:#8B9394\">14</span><span>    </span><span style=\"color:#7edcda\">channel:</span><span>\n</span></span><span style=\"padding-right:2rem\"><span class=\"comment linenumber react-syntax-highlighter-line-number\" style=\"display:inline-block;min-width:3.25em;padding-right:16px;text-align:right;user-select:none;margin-left:16px;background-color:#252f3f;color:#8B9394\">15</span><span>      </span><span style=\"color:#c0e2a3;font-weight:500\">$ref:</span><span> </span><span style=\"color:#c0e2a3;font-weight:500\">'#/channels/userSignedUp'</span><span>\n</span></span><span style=\"padding-right:2rem\"><span class=\"comment linenumber react-syntax-highlighter-line-number\" style=\"display:inline-block;min-width:3.25em;padding-right:16px;text-align:right;user-select:none;margin-left:16px;background-color:#252f3f;color:#8B9394\">16</span><span></span><span style=\"color:#7edcda\">channels:</span><span>\n</span></span><span style=\"padding-right:2rem\"><span class=\"comment linenumber react-syntax-highlighter-line-number\" style=\"display:inline-block;min-width:3.25em;padding-right:16px;text-align:right;user-select:none;margin-left:16px;background-color:#252f3f;color:#8B9394\">17</span><span>  </span><span style=\"color:#7edcda\">userSignedUp:</span><span>\n</span></span><span style=\"padding-right:2rem\"><span class=\"comment linenumber react-syntax-highlighter-line-number\" style=\"display:inline-block;min-width:3.25em;padding-right:16px;text-align:right;user-select:none;margin-left:16px;background-color:#252f3f;color:#8B9394\">18</span><span>    </span><span style=\"color:#7edcda\">description:</span><span> </span><span style=\"color:#c0e2a3;font-weight:500\">This</span><span> </span><span style=\"color:#c0e2a3;font-weight:500\">channel</span><span> </span><span style=\"color:#c0e2a3;font-weight:500\">contains</span><span> </span><span style=\"color:#c0e2a3;font-weight:500\">a</span><span> </span><span style=\"color:#c0e2a3;font-weight:500\">message</span><span> </span><span style=\"color:#c0e2a3;font-weight:500\">per</span><span> </span><span style=\"color:#c0e2a3;font-weight:500\">each</span><span> </span><span style=\"color:#c0e2a3;font-weight:500\">user</span><span> </span><span style=\"color:#c0e2a3;font-weight:500\">who</span><span> </span><span style=\"color:#c0e2a3;font-weight:500\">signs</span><span> </span><span style=\"color:#c0e2a3;font-weight:500\">up</span><span> </span><span style=\"color:#c0e2a3;font-weight:500\">in</span><span> </span><span style=\"color:#c0e2a3;font-weight:500\">our</span><span> </span><span style=\"color:#c0e2a3;font-weight:500\">application.</span><span>\n</span></span><span style=\"padding-right:2rem\"><span class=\"comment linenumber react-syntax-highlighter-line-number\" style=\"display:inline-block;min-width:3.25em;padding-right:16px;text-align:right;user-select:none;margin-left:16px;background-color:#252f3f;color:#8B9394\">19</span><span>    </span><span style=\"color:#7edcda\">address:</span><span> </span><span style=\"color:#c0e2a3;font-weight:500\">user_signedup</span><span>\n</span></span><span style=\"padding-right:2rem\"><span class=\"comment linenumber react-syntax-highlighter-line-number\" style=\"display:inline-block;min-width:3.25em;padding-right:16px;text-align:right;user-select:none;margin-left:16px;background-color:#252f3f;color:#8B9394\">20</span><span>    </span><span style=\"color:#7edcda\">messages:</span><span>\n</span></span><span style=\"padding-right:2rem\"><span class=\"comment linenumber react-syntax-highlighter-line-number\" style=\"display:inline-block;min-width:3.25em;padding-right:16px;text-align:right;user-select:none;margin-left:16px;background-color:#252f3f;color:#8B9394\">21</span><span>      </span><span style=\"color:#7edcda\">userSignedUp:</span><span>\n</span></span><span style=\"padding-right:2rem\"><span class=\"comment linenumber react-syntax-highlighter-line-number\" style=\"display:inline-block;min-width:3.25em;padding-right:16px;text-align:right;user-select:none;margin-left:16px;background-color:#252f3f;color:#8B9394\">22</span><span>        </span><span style=\"color:#c0e2a3;font-weight:500\">$ref:</span><span> </span><span style=\"color:#c0e2a3;font-weight:500\">'#/components/messages/userSignedUp'</span><span>\n</span></span><span style=\"padding-right:2rem\"><span class=\"comment linenumber react-syntax-highlighter-line-number\" style=\"display:inline-block;min-width:3.25em;padding-right:16px;text-align:right;user-select:none;margin-left:16px;background-color:#252f3f;color:#8B9394\">23</span><span></span><span style=\"color:#7edcda\">components:</span><span>\n</span></span><span style=\"padding-right:2rem\"><span class=\"comment linenumber react-syntax-highlighter-line-number\" style=\"display:inline-block;min-width:3.25em;padding-right:16px;text-align:right;user-select:none;margin-left:16px;background-color:#252f3f;color:#8B9394\">24</span><span>  </span><span style=\"color:#7edcda\">messages:</span><span>\n</span></span><span style=\"padding-right:2rem\"><span class=\"comment linenumber react-syntax-highlighter-line-number\" style=\"display:inline-block;min-width:3.25em;padding-right:16px;text-align:right;user-select:none;margin-left:16px;background-color:#252f3f;color:#8B9394\">25</span><span>    </span><span style=\"color:#7edcda\">userSignedUp:</span><span>\n</span></span><span style=\"padding-right:2rem\"><span class=\"comment linenumber react-syntax-highlighter-line-number\" style=\"display:inline-block;min-width:3.25em;padding-right:16px;text-align:right;user-select:none;margin-left:16px;background-color:#252f3f;color:#8B9394\">26</span><span>      </span><span style=\"color:#7edcda\">payload:</span><span>\n</span></span><span style=\"padding-right:2rem\"><span class=\"comment linenumber react-syntax-highlighter-line-number\" style=\"display:inline-block;min-width:3.25em;padding-right:16px;text-align:right;user-select:none;margin-left:16px;background-color:#252f3f;color:#8B9394\">27</span><span>        </span><span style=\"color:#7edcda\">schemaFormat:</span><span> </span><span style=\"color:#c0e2a3;font-weight:500\">'application/vnd.apache.avro;version=1.9.0'</span><span>\n</span></span><span style=\"padding-right:2rem\"><span class=\"comment linenumber react-syntax-highlighter-line-number\" style=\"display:inline-block;min-width:3.25em;padding-right:16px;text-align:right;user-select:none;margin-left:16px;background-color:#252f3f;color:#8B9394\">28</span><span>        </span><span style=\"color:#7edcda\">schema:</span><span>\n</span></span><span style=\"padding-right:2rem\"><span class=\"comment linenumber react-syntax-highlighter-line-number\" style=\"display:inline-block;min-width:3.25em;padding-right:16px;text-align:right;user-select:none;margin-left:16px;background-color:#252f3f;color:#8B9394\">29</span><span>          </span><span style=\"color:#c0e2a3;font-weight:500\">$ref:</span><span> </span><span style=\"color:#c0e2a3;font-weight:500\">'./userSchema.json'</span></span></code>",
        "language": "unknown",
        "context": ""
      }
    ],
    "tables": [],
    "highlights": [
      {
        "id": "highlight_0",
        "content": "userSignedUp",
        "context": "The userSignedUp message is defined with Avro Schema, using the specified schemaFormat and the schema."
      },
      {
        "id": "highlight_1",
        "content": "schemaFormat",
        "context": "The userSignedUp message is defined with Avro Schema, using the specified schemaFormat and the schema."
      },
      {
        "id": "highlight_2",
        "content": "schema",
        "context": "The userSignedUp message is defined with Avro Schema, using the specified schemaFormat and the schema."
      },
      {
        "id": "highlight_3",
        "content": "schemaFormat",
        "context": "Use the schemaFormat to indicate that you're using Avro and specify the version of Avro Schema by using a MIME type."
      },
      {
        "id": "highlight_4",
        "content": "schema",
        "context": "The schema includes a record named UserSignedUp within the com.company namespace. It also describes two fields, userId and userEmail, defining their data types as int and string, respectively."
      },
      {
        "id": "highlight_5",
        "content": "record",
        "context": "The schema includes a record named UserSignedUp within the com.company namespace. It also describes two fields, userId and userEmail, defining their data types as int and string, respectively."
      },
      {
        "id": "highlight_6",
        "content": "UserSignedUp",
        "context": "The schema includes a record named UserSignedUp within the com.company namespace. It also describes two fields, userId and userEmail, defining their data types as int and string, respectively."
      },
      {
        "id": "highlight_7",
        "content": "com.company",
        "context": "The schema includes a record named UserSignedUp within the com.company namespace. It also describes two fields, userId and userEmail, defining their data types as int and string, respectively."
      },
      {
        "id": "highlight_8",
        "content": "userId",
        "context": "The schema includes a record named UserSignedUp within the com.company namespace. It also describes two fields, userId and userEmail, defining their data types as int and string, respectively."
      },
      {
        "id": "highlight_9",
        "content": "userEmail,",
        "context": "The schema includes a record named UserSignedUp within the com.company namespace. It also describes two fields, userId and userEmail, defining their data types as int and string, respectively."
      },
      {
        "id": "highlight_10",
        "content": "int",
        "context": "The schema includes a record named UserSignedUp within the com.company namespace. It also describes two fields, userId and userEmail, defining their data types as int and string, respectively."
      },
      {
        "id": "highlight_11",
        "content": "string",
        "context": "The schema includes a record named UserSignedUp within the com.company namespace. It also describes two fields, userId and userEmail, defining their data types as int and string, respectively."
      },
      {
        "id": "highlight_12",
        "content": "userSchema.json",
        "context": "Assume you have a file named userSchema.json that encapsulates the Avro Schema that resembles the following:"
      },
      {
        "id": "highlight_13",
        "content": "$ref",
        "context": "To seamlessly incorporate this existing Avro schema into your AsyncAPI document, you can use the $ref property to reference the path to the JSON file. This way, your AsyncAPI document will incorporate the Avro Schema from the external JSON file, ensuring consistency and interoperability in your Kafka ecosystem."
      }
    ]
  }
}